-- phpMyAdmin SQL Dump
-- version 5.1.1
-- https://www.phpmyadmin.net/
--
-- Servidor: 127.0.0.1
-- Tiempo de generación: 12-04-2023 a las 15:21:56
-- Versión del servidor: 10.4.22-MariaDB
-- Versión de PHP: 8.1.2

SET SQL_MODE = "NO_AUTO_VALUE_ON_ZERO";
START TRANSACTION;
SET time_zone = "+00:00";


/*!40101 SET @OLD_CHARACTER_SET_CLIENT=@@CHARACTER_SET_CLIENT */;
/*!40101 SET @OLD_CHARACTER_SET_RESULTS=@@CHARACTER_SET_RESULTS */;
/*!40101 SET @OLD_COLLATION_CONNECTION=@@COLLATION_CONNECTION */;
/*!40101 SET NAMES utf8mb4 */;

--
-- Base de datos: `linktic_siso`
--

-- --------------------------------------------------------

--
-- Estructura de tabla para la tabla `areas`
--

CREATE TABLE `areas` (
  `id` bigint(20) UNSIGNED NOT NULL,
  `area` varchar(255) COLLATE utf8_spanish_ci NOT NULL,
  `created_at` timestamp NULL DEFAULT NULL,
  `updated_at` timestamp NULL DEFAULT NULL
) ENGINE=InnoDB DEFAULT CHARSET=utf8 COLLATE=utf8_spanish_ci ROW_FORMAT=DYNAMIC;

--
-- Volcado de datos para la tabla `areas`
--

INSERT INTO `areas` (`id`, `area`, `created_at`, `updated_at`) VALUES
(1, 'Dirección De Operaciones', '2023-04-12 13:20:35', NULL),
(2, 'Gestión Administrativa Y Contable', '2023-04-12 13:20:35', NULL),
(3, 'Gestión Comercial', '2023-04-12 13:20:35', NULL),
(4, 'Gestión De Auditoria Y Control Interno', '2023-04-12 13:20:35', NULL),
(5, 'Gestion De Comercial', '2023-04-12 13:20:35', NULL),
(6, 'Gestión De Comunicaciones', '2023-04-12 13:20:35', NULL),
(7, 'Gestión De Contratación Pública', '2023-04-12 13:20:35', NULL),
(8, 'Gestión De Fábrica De Software', '2023-04-12 13:20:35', NULL),
(9, 'Gestión De Gerencia', '2023-04-12 13:20:35', NULL),
(10, 'Gestión De Marketing', '2023-04-12 13:20:35', NULL),
(11, 'Gestión De Mejoramiento Continuo (Calidad)', '2023-04-12 13:20:35', NULL),
(12, 'Gestión De Proyectos', '2023-04-12 13:20:35', NULL),
(13, 'Gestión De Soporte Ti', '2023-04-12 13:20:35', NULL),
(14, 'Gestión De Talento Humano', '2023-04-12 13:20:35', NULL),
(15, 'Gestión Financiera', '2023-04-12 13:20:35', NULL);

-- --------------------------------------------------------

--
-- Estructura de tabla para la tabla `asignacion_rentados`
--

CREATE TABLE `asignacion_rentados` (
  `id` bigint(20) UNSIGNED NOT NULL,
  `rentado_asignado_id` bigint(20) UNSIGNED NOT NULL,
  `equipo_rentado_id` bigint(20) UNSIGNED NOT NULL,
  `fecha_asignacion` date NOT NULL,
  `fecha_devolucion` date DEFAULT NULL,
  `observaciones_asignacion` longtext COLLATE utf8_spanish_ci DEFAULT NULL,
  `observaciones_devolucion` longtext COLLATE utf8_spanish_ci DEFAULT NULL,
  `created_at` timestamp NULL DEFAULT NULL,
  `updated_at` timestamp NULL DEFAULT NULL
) ENGINE=InnoDB DEFAULT CHARSET=utf8 COLLATE=utf8_spanish_ci ROW_FORMAT=DYNAMIC;

--
-- Volcado de datos para la tabla `asignacion_rentados`
--

INSERT INTO `asignacion_rentados` (`id`, `rentado_asignado_id`, `equipo_rentado_id`, `fecha_asignacion`, `fecha_devolucion`, `observaciones_asignacion`, `observaciones_devolucion`, `created_at`, `updated_at`) VALUES
(1, 118, 1, '2022-04-20', '2022-08-17', NULL, NULL, '2023-04-12 13:21:01', NULL),
(2, 118, 2, '2022-04-20', '2022-08-17', NULL, NULL, '2023-04-12 13:21:01', NULL),
(3, 118, 3, '2022-04-20', '2022-08-17', NULL, NULL, '2023-04-12 13:21:01', NULL),
(4, 118, 4, '2022-04-20', '2022-08-17', NULL, NULL, '2023-04-12 13:21:01', NULL),
(5, 118, 5, '2022-04-20', '2022-08-17', NULL, NULL, '2023-04-12 13:21:01', NULL),
(6, 118, 6, '2022-04-20', '2022-08-17', NULL, NULL, '2023-04-12 13:21:01', NULL),
(7, 118, 7, '2022-04-20', '2022-08-17', NULL, NULL, '2023-04-12 13:21:01', NULL),
(8, 118, 8, '2022-04-20', '2022-08-17', NULL, NULL, '2023-04-12 13:21:01', NULL),
(9, 118, 9, '2022-04-20', '2022-08-17', NULL, NULL, '2023-04-12 13:21:01', NULL),
(10, 118, 10, '2022-04-20', '2022-08-17', NULL, NULL, '2023-04-12 13:21:01', NULL),
(11, 118, 11, '2022-04-20', '2022-08-17', NULL, NULL, '2023-04-12 13:21:01', NULL),
(12, 118, 12, '2022-04-20', '2022-08-17', NULL, NULL, '2023-04-12 13:21:01', NULL),
(13, 118, 13, '2022-04-20', '2022-08-17', NULL, NULL, '2023-04-12 13:21:01', NULL),
(14, 118, 14, '2022-04-20', '2022-08-17', NULL, NULL, '2023-04-12 13:21:01', NULL),
(15, 118, 15, '2022-04-20', '2022-08-17', NULL, NULL, '2023-04-12 13:21:01', NULL),
(16, 118, 16, '2022-04-20', '2022-08-17', NULL, NULL, '2023-04-12 13:21:01', NULL),
(17, 118, 17, '2022-04-20', '2022-08-17', NULL, NULL, '2023-04-12 13:21:01', NULL),
(18, 47, 18, '2019-07-05', '2021-09-15', NULL, NULL, '2023-04-12 13:21:01', NULL),
(19, 47, 19, '2019-07-05', '2021-09-15', NULL, NULL, '2023-04-12 13:21:01', NULL),
(20, 47, 20, '2019-07-05', '2021-09-15', NULL, NULL, '2023-04-12 13:21:01', NULL),
(21, 47, 21, '2019-07-05', '2021-09-15', NULL, NULL, '2023-04-12 13:21:01', NULL),
(22, 47, 22, '2019-07-05', '2021-09-15', NULL, NULL, '2023-04-12 13:21:01', NULL),
(23, 47, 23, '2019-07-05', '2021-09-15', NULL, NULL, '2023-04-12 13:21:01', NULL),
(24, 47, 24, '2019-07-05', '2021-09-15', NULL, NULL, '2023-04-12 13:21:01', NULL),
(25, 47, 25, '2020-07-21', '2021-08-03', NULL, NULL, '2023-04-12 13:21:01', NULL),
(26, 47, 26, '2020-07-21', '2021-04-07', NULL, NULL, '2023-04-12 13:21:01', NULL),
(27, 47, 27, '2020-08-14', '2021-08-03', NULL, NULL, '2023-04-12 13:21:01', NULL),
(28, 47, 28, '2020-09-15', '2021-08-03', NULL, NULL, '2023-04-12 13:21:01', NULL),
(29, 47, 29, '2020-09-19', '2021-08-03', NULL, NULL, '2023-04-12 13:21:01', NULL),
(30, 47, 30, '2020-10-06', '2021-08-03', NULL, NULL, '2023-04-12 13:21:01', NULL),
(31, 47, 31, '2020-10-08', '2021-08-03', NULL, NULL, '2023-04-12 13:21:01', NULL),
(32, 47, 32, '2020-10-15', '2021-08-05', NULL, NULL, '2023-04-12 13:21:01', NULL),
(33, 47, 33, '2020-12-16', '2021-08-03', NULL, NULL, '2023-04-12 13:21:01', NULL),
(34, 21, 35, '2021-02-23', '2021-09-03', NULL, NULL, '2023-04-12 13:21:01', NULL),
(35, 4, 36, '2021-02-23', '2021-10-06', NULL, NULL, '2023-04-12 13:21:01', NULL),
(36, 29, 37, '2021-03-29', '2021-10-06', NULL, NULL, '2023-04-12 13:21:01', NULL),
(37, 9, 38, '2021-04-27', '2021-12-14', NULL, NULL, '2023-04-12 13:21:01', NULL),
(38, 116, 39, '2021-04-27', '2021-10-06', NULL, NULL, '2023-04-12 13:21:01', NULL),
(39, 104, 40, '2021-04-27', '2021-12-14', NULL, NULL, '2023-04-12 13:21:01', NULL),
(40, 125, 41, '2021-04-27', '2022-02-02', NULL, NULL, '2023-04-12 13:21:01', NULL),
(41, 88, 42, '2021-04-27', '2021-12-03', NULL, NULL, '2023-04-12 13:21:01', NULL),
(42, 51, 43, '2021-06-09', '2021-10-15', NULL, NULL, '2023-04-12 13:21:01', NULL),
(43, 89, 44, '2021-07-29', '2022-02-04', NULL, NULL, '2023-04-12 13:21:01', NULL),
(44, 1, 45, '2021-07-29', '2021-08-30', NULL, NULL, '2023-04-12 13:21:01', NULL),
(45, 131, 46, '2021-07-29', '2021-11-30', NULL, NULL, '2023-04-12 13:21:01', NULL),
(46, 82, 47, '2021-07-29', '2022-09-12', NULL, NULL, '2023-04-12 13:21:01', NULL),
(47, 19, 48, '2021-07-29', '2022-09-01', NULL, NULL, '2023-04-12 13:21:01', NULL),
(48, 49, 49, '2021-09-01', NULL, NULL, NULL, '2023-04-12 13:21:01', NULL),
(49, 45, 50, '2021-09-16', NULL, NULL, NULL, '2023-04-12 13:21:01', NULL),
(50, 109, 51, '2021-09-16', '2021-11-09', NULL, NULL, '2023-04-12 13:21:01', NULL),
(51, 6, 52, '2021-09-16', '2022-02-02', NULL, NULL, '2023-04-12 13:21:01', NULL),
(52, 27, 53, '2021-10-14', '2022-01-11', NULL, NULL, '2023-04-12 13:21:01', NULL),
(53, 95, 54, '2021-10-14', '2022-02-02', NULL, NULL, '2023-04-12 13:21:01', NULL),
(54, 58, 55, '2021-10-27', '2021-12-13', NULL, NULL, '2023-04-12 13:21:01', NULL),
(55, 130, 56, '2021-12-16', NULL, NULL, NULL, '2023-04-12 13:21:01', NULL),
(56, 39, 57, '2022-02-07', '2022-02-28', NULL, NULL, '2023-04-12 13:21:01', NULL),
(57, 113, 58, '2022-02-07', '2022-04-01', NULL, NULL, '2023-04-12 13:21:01', NULL),
(58, 98, 59, '2022-02-22', NULL, NULL, NULL, '2023-04-12 13:21:01', NULL),
(59, 23, 60, '2022-02-23', '2022-05-03', NULL, NULL, '2023-04-12 13:21:01', NULL),
(60, 76, 61, '2022-02-23', '2022-04-01', NULL, NULL, '2023-04-12 13:21:01', NULL),
(61, 102, 62, '2022-02-23', '2022-05-03', NULL, NULL, '2023-04-12 13:21:01', NULL),
(62, 121, 63, '2022-02-23', '2022-05-03', NULL, NULL, '2023-04-12 13:21:01', NULL),
(63, 114, 64, '2022-02-23', '2022-05-03', NULL, NULL, '2023-04-12 13:21:01', NULL),
(64, 20, 65, '2022-02-23', '2022-05-03', NULL, NULL, '2023-04-12 13:21:01', NULL),
(65, 10, 66, '2022-02-23', '2022-05-03', NULL, NULL, '2023-04-12 13:21:01', NULL),
(66, 44, 67, '2022-02-23', '2022-05-03', NULL, NULL, '2023-04-12 13:21:01', NULL),
(67, 13, 69, '2022-03-18', NULL, NULL, NULL, '2023-04-12 13:21:01', NULL),
(68, 61, 70, '2022-03-18', '2022-10-03', NULL, NULL, '2023-04-12 13:21:01', NULL),
(69, 106, 71, '2022-03-18', '2022-06-06', NULL, NULL, '2023-04-12 13:21:01', NULL),
(70, 35, 72, '2022-03-23', '2022-05-03', NULL, NULL, '2023-04-12 13:21:01', NULL),
(71, 15, 73, '2022-03-23', '2022-05-03', NULL, NULL, '2023-04-12 13:21:01', NULL),
(72, 65, 74, '2022-03-25', '2022-10-03', NULL, NULL, '2023-04-12 13:21:01', NULL),
(73, 48, 75, '2022-03-25', '2022-09-01', NULL, NULL, '2023-04-12 13:21:01', NULL),
(74, 112, 76, '2022-04-20', '2022-07-19', NULL, NULL, '2023-04-12 13:21:01', NULL),
(75, 129, 77, '2022-04-20', '2022-07-19', NULL, NULL, '2023-04-12 13:21:01', NULL),
(76, 79, 78, '2022-04-20', '2022-07-19', NULL, NULL, '2023-04-12 13:21:01', NULL),
(77, 66, 79, '2022-04-20', '2022-07-19', NULL, NULL, '2023-04-12 13:21:01', NULL),
(78, 22, 80, '2022-04-20', '2022-07-19', NULL, NULL, '2023-04-12 13:21:01', NULL),
(79, 66, 81, '2022-04-20', '2022-07-19', NULL, NULL, '2023-04-12 13:21:01', NULL),
(80, 3, 82, '2022-04-20', '2022-07-19', NULL, NULL, '2023-04-12 13:21:01', NULL),
(81, 54, 83, '2022-04-20', '2022-07-19', NULL, NULL, '2023-04-12 13:21:01', NULL),
(82, 21, 84, '2022-04-20', '2022-07-19', NULL, NULL, '2023-04-12 13:21:01', NULL),
(83, 89, 85, '2022-04-20', '2022-07-19', NULL, NULL, '2023-04-12 13:21:01', NULL),
(84, 107, 86, '2022-04-20', '2022-06-28', NULL, NULL, '2023-04-12 13:21:01', NULL),
(85, 86, 87, '2022-04-20', '2022-07-19', NULL, NULL, '2023-04-12 13:21:01', NULL),
(86, 60, 88, '2022-04-20', '2022-06-28', NULL, NULL, '2023-04-12 13:21:01', NULL),
(87, 26, 89, '2022-04-20', NULL, NULL, NULL, '2023-04-12 13:21:01', NULL),
(88, 41, 90, '2022-04-20', '2022-05-24', NULL, NULL, '2023-04-12 13:21:01', NULL),
(89, 34, 91, '2022-04-20', NULL, NULL, NULL, '2023-04-12 13:21:01', NULL),
(90, 36, 92, '2022-04-28', '2022-10-06', NULL, NULL, '2023-04-12 13:21:01', NULL),
(91, 100, 93, '2022-04-29', '2022-08-19', NULL, NULL, '2023-04-12 13:21:01', NULL),
(92, 62, 94, '2022-05-02', NULL, NULL, NULL, '2023-04-12 13:21:01', NULL),
(93, 15, 95, '2022-05-02', '2022-08-11', NULL, NULL, '2023-04-12 13:21:01', NULL),
(94, 8, 96, '2022-08-29', NULL, NULL, NULL, '2023-04-12 13:21:01', NULL),
(95, 46, 97, '2022-08-29', NULL, NULL, NULL, '2023-04-12 13:21:01', NULL),
(96, 118, 98, '2022-09-02', '2022-12-29', NULL, NULL, '2023-04-12 13:21:02', NULL),
(97, 118, 99, '2022-09-02', '2022-12-29', NULL, NULL, '2023-04-12 13:21:02', NULL),
(98, 118, 100, '2022-09-02', '2022-12-29', NULL, NULL, '2023-04-12 13:21:02', NULL),
(99, 118, 101, '2022-09-02', '2022-12-29', NULL, NULL, '2023-04-12 13:21:02', NULL),
(100, 118, 102, '2022-09-02', '2022-12-29', NULL, NULL, '2023-04-12 13:21:02', NULL),
(101, 118, 103, '2022-09-02', '2022-12-29', NULL, NULL, '2023-04-12 13:21:02', NULL),
(102, 118, 104, '2022-09-02', '2022-12-29', NULL, NULL, '2023-04-12 13:21:02', NULL),
(103, 118, 105, '2022-09-02', '2022-12-29', NULL, NULL, '2023-04-12 13:21:02', NULL),
(104, 118, 106, '2022-09-02', NULL, NULL, NULL, '2023-04-12 13:21:02', NULL),
(105, 118, 107, '2022-09-02', NULL, NULL, NULL, '2023-04-12 13:21:02', NULL),
(106, 118, 108, '2022-09-02', '2022-12-29', NULL, NULL, '2023-04-12 13:21:02', NULL),
(107, 118, 109, '2022-09-02', NULL, NULL, NULL, '2023-04-12 13:21:02', NULL),
(108, 118, 110, '2022-09-02', '2022-12-29', NULL, NULL, '2023-04-12 13:21:02', NULL),
(109, 118, 111, '2022-09-02', NULL, NULL, NULL, '2023-04-12 13:21:02', NULL),
(110, 118, 112, '2022-09-02', '2022-12-29', NULL, NULL, '2023-04-12 13:21:02', NULL),
(111, 118, 113, '2022-09-02', NULL, NULL, NULL, '2023-04-12 13:21:02', NULL),
(112, 118, 114, '2022-09-09', NULL, NULL, NULL, '2023-04-12 13:21:02', NULL),
(113, 118, 115, '2022-09-09', NULL, NULL, NULL, '2023-04-12 13:21:02', NULL),
(114, 118, 116, '2022-09-09', NULL, NULL, NULL, '2023-04-12 13:21:02', NULL),
(115, 118, 117, '2022-09-09', NULL, NULL, NULL, '2023-04-12 13:21:02', NULL),
(116, 7, 118, '2022-09-09', NULL, NULL, NULL, '2023-04-12 13:21:02', NULL),
(117, 118, 119, '2022-09-09', NULL, NULL, NULL, '2023-04-12 13:21:02', NULL),
(118, 12, 120, '2022-09-09', NULL, NULL, NULL, '2023-04-12 13:21:02', NULL),
(119, 72, 121, '2022-09-09', NULL, NULL, NULL, '2023-04-12 13:21:02', NULL),
(120, 37, 122, '2022-09-09', NULL, NULL, NULL, '2023-04-12 13:21:02', NULL),
(121, 43, 123, '2022-09-09', NULL, NULL, NULL, '2023-04-12 13:21:02', NULL),
(122, 71, 124, '2022-09-09', NULL, NULL, NULL, '2023-04-12 13:21:02', NULL),
(123, 120, 125, '2022-09-09', NULL, NULL, NULL, '2023-04-12 13:21:02', NULL),
(124, 80, 126, '2022-09-09', NULL, NULL, NULL, '2023-04-12 13:21:02', NULL),
(125, 56, 127, '2022-09-09', NULL, NULL, NULL, '2023-04-12 13:21:02', NULL),
(126, 118, 129, '2022-09-09', NULL, NULL, NULL, '2023-04-12 13:21:02', NULL),
(127, 118, 88, '2022-09-09', NULL, NULL, NULL, '2023-04-12 13:21:02', NULL),
(128, 118, 131, '2022-11-09', '2022-12-29', NULL, NULL, '2023-04-12 13:21:02', NULL),
(129, 118, 132, '2022-11-09', NULL, NULL, NULL, '2023-04-12 13:21:02', NULL),
(130, 118, 133, '2022-11-09', '2022-12-29', NULL, NULL, '2023-04-12 13:21:02', NULL),
(131, 118, 134, '2022-11-09', NULL, NULL, NULL, '2023-04-12 13:21:02', NULL),
(132, 118, 135, '2022-11-09', '2022-12-29', NULL, NULL, '2023-04-12 13:21:02', NULL),
(133, 118, 136, '2022-11-10', NULL, NULL, NULL, '2023-04-12 13:21:02', NULL),
(134, 118, 137, '2022-11-10', NULL, NULL, NULL, '2023-04-12 13:21:02', NULL),
(135, 118, 138, '2022-11-10', '2022-12-29', NULL, NULL, '2023-04-12 13:21:02', NULL),
(136, 133, 139, '2022-11-10', '2022-12-29', NULL, NULL, '2023-04-12 13:21:02', NULL),
(137, 74, 140, '2022-11-10', '2022-12-29', NULL, NULL, '2023-04-12 13:21:02', NULL),
(138, 118, 141, '2022-11-10', '2022-12-29', NULL, NULL, '2023-04-12 13:21:02', NULL),
(139, 84, 142, '2022-11-10', '2022-12-29', NULL, NULL, '2023-04-12 13:21:02', NULL),
(140, 118, 143, '2022-11-10', '2022-12-29', NULL, NULL, '2023-04-12 13:21:02', NULL),
(141, 25, 144, '2022-11-10', '2022-12-29', NULL, NULL, '2023-04-12 13:21:02', NULL),
(142, 118, 145, '2022-11-10', '2022-12-29', NULL, NULL, '2023-04-12 13:21:02', NULL),
(143, 75, 146, '2022-11-10', '2022-12-29', NULL, NULL, '2023-04-12 13:21:02', NULL),
(144, 6, 147, '2022-11-10', '2022-12-29', NULL, NULL, '2023-04-12 13:21:02', NULL),
(145, 124, 148, '2022-11-10', NULL, NULL, NULL, '2023-04-12 13:21:02', NULL),
(146, 97, 149, '2022-11-10', '2022-12-29', NULL, NULL, '2023-04-12 13:21:02', NULL),
(147, 126, 151, '2022-11-10', '2022-12-29', NULL, NULL, '2023-04-12 13:21:02', NULL),
(148, 81, 152, '2022-11-10', '2022-12-29', NULL, NULL, '2023-04-12 13:21:02', NULL),
(149, 79, 153, '2022-11-10', '2022-12-29', NULL, NULL, '2023-04-12 13:21:02', NULL),
(150, 99, 154, '2022-11-10', '2022-12-29', NULL, NULL, '2023-04-12 13:21:02', NULL),
(151, 66, 155, '2022-11-10', '2022-12-29', NULL, NULL, '2023-04-12 13:21:02', NULL),
(152, 87, 156, '2022-11-10', '2022-12-29', NULL, NULL, '2023-04-12 13:21:02', NULL),
(153, 77, 157, '2022-11-10', '2022-12-29', NULL, NULL, '2023-04-12 13:21:02', NULL),
(154, 52, 158, '2022-11-10', '2022-12-29', NULL, NULL, '2023-04-12 13:21:02', NULL),
(155, 117, 159, '2022-11-10', '2022-12-29', NULL, NULL, '2023-04-12 13:21:02', NULL),
(156, 93, 160, '2022-11-10', '2022-12-29', NULL, NULL, '2023-04-12 13:21:02', NULL),
(157, 28, 161, '2022-11-10', '2022-12-29', NULL, NULL, '2023-04-12 13:21:02', NULL),
(158, 23, 162, '2022-09-09', NULL, NULL, NULL, '2023-04-12 13:21:02', NULL),
(159, 59, 163, '2022-09-09', NULL, NULL, NULL, '2023-04-12 13:21:02', NULL),
(160, 123, 164, '2022-09-09', NULL, NULL, NULL, '2023-04-12 13:21:02', NULL),
(161, 24, 165, '2022-09-09', NULL, NULL, NULL, '2023-04-12 13:21:02', NULL),
(162, 32, 166, '2022-09-09', NULL, NULL, NULL, '2023-04-12 13:21:02', NULL),
(163, 118, 167, '2022-11-09', '2022-12-29', NULL, NULL, '2023-04-12 13:21:02', NULL),
(164, 78, 168, '2022-11-09', NULL, NULL, NULL, '2023-04-12 13:21:02', NULL),
(165, 96, 169, '2022-11-09', NULL, NULL, NULL, '2023-04-12 13:21:02', NULL),
(166, 118, 170, '2022-11-09', '2022-12-29', NULL, NULL, '2023-04-12 13:21:02', NULL),
(167, 57, 171, '2022-11-09', NULL, NULL, NULL, '2023-04-12 13:21:02', NULL),
(168, 118, 172, '2022-11-09', '2022-12-29', NULL, NULL, '2023-04-12 13:21:02', NULL),
(169, 53, 173, '2022-11-10', NULL, NULL, NULL, '2023-04-12 13:21:02', NULL),
(170, 119, 174, '2022-11-10', NULL, NULL, NULL, '2023-04-12 13:21:02', NULL),
(171, 118, 175, '2022-11-10', '2022-12-29', NULL, NULL, '2023-04-12 13:21:02', NULL),
(172, 118, 176, '2022-11-10', '2022-12-29', NULL, NULL, '2023-04-12 13:21:02', NULL),
(173, 118, 177, '2022-11-10', '2022-12-29', NULL, NULL, '2023-04-12 13:21:02', NULL),
(174, 118, 178, '2022-11-10', '2022-12-29', NULL, NULL, '2023-04-12 13:21:02', NULL),
(175, 118, 179, '2022-11-10', '2022-12-29', NULL, NULL, '2023-04-12 13:21:02', NULL),
(176, 118, 180, '2022-11-10', '2022-12-29', NULL, NULL, '2023-04-12 13:21:02', NULL),
(177, 118, 181, '2022-11-10', '2022-12-29', NULL, NULL, '2023-04-12 13:21:02', NULL),
(178, 118, 182, '2022-11-10', '2022-12-29', NULL, NULL, '2023-04-12 13:21:02', NULL),
(179, 118, 183, '2022-11-10', '2022-12-29', NULL, NULL, '2023-04-12 13:21:02', NULL),
(180, 118, 184, '2022-11-10', '2022-12-29', NULL, NULL, '2023-04-12 13:21:02', NULL),
(181, 118, 185, '2022-11-10', '2022-12-29', NULL, NULL, '2023-04-12 13:21:02', NULL),
(182, 38, 186, '2022-11-10', NULL, NULL, NULL, '2023-04-12 13:21:02', NULL),
(183, 118, 187, '2022-11-10', '2022-12-29', NULL, NULL, '2023-04-12 13:21:02', NULL),
(184, 118, 188, '2022-11-10', '2022-12-29', NULL, NULL, '2023-04-12 13:21:02', NULL),
(185, 118, 189, '2022-11-10', '2022-12-29', NULL, NULL, '2023-04-12 13:21:02', NULL),
(186, 118, 190, '2022-11-10', '2022-12-29', NULL, NULL, '2023-04-12 13:21:02', NULL),
(187, 118, 191, '2022-11-10', '2022-12-29', NULL, NULL, '2023-04-12 13:21:02', NULL),
(188, 118, 192, '2022-11-10', '2022-12-29', NULL, NULL, '2023-04-12 13:21:02', NULL),
(189, 118, 193, '2022-11-10', '2022-12-29', NULL, NULL, '2023-04-12 13:21:02', NULL),
(190, 118, 194, '2022-11-10', '2022-12-29', NULL, NULL, '2023-04-12 13:21:02', NULL),
(191, 118, 195, '2022-11-10', '2022-12-29', NULL, NULL, '2023-04-12 13:21:02', NULL),
(192, 118, 196, '2022-11-10', '2022-12-29', NULL, NULL, '2023-04-12 13:21:02', NULL),
(193, 118, 197, '2022-11-10', '2022-12-29', NULL, NULL, '2023-04-12 13:21:02', NULL),
(194, 118, 198, '2022-11-10', '2022-12-29', NULL, NULL, '2023-04-12 13:21:02', NULL),
(195, 118, 199, '2022-11-10', '2022-12-29', NULL, NULL, '2023-04-12 13:21:02', NULL),
(196, 118, 200, '2022-11-10', '2022-12-29', NULL, NULL, '2023-04-12 13:21:02', NULL),
(197, 118, 201, '2022-11-10', '2022-12-29', NULL, NULL, '2023-04-12 13:21:02', NULL),
(198, 118, 202, '2022-11-10', '2022-12-29', NULL, NULL, '2023-04-12 13:21:02', NULL),
(199, 118, 203, '2022-11-10', '2022-12-29', NULL, NULL, '2023-04-12 13:21:02', NULL);

-- --------------------------------------------------------

--
-- Estructura de tabla para la tabla `cargos`
--

CREATE TABLE `cargos` (
  `id` bigint(20) UNSIGNED NOT NULL,
  `area_id` bigint(20) UNSIGNED NOT NULL,
  `cargo` varchar(255) COLLATE utf8_spanish_ci NOT NULL,
  `created_at` timestamp NULL DEFAULT NULL,
  `updated_at` timestamp NULL DEFAULT NULL
) ENGINE=InnoDB DEFAULT CHARSET=utf8 COLLATE=utf8_spanish_ci ROW_FORMAT=DYNAMIC;

--
-- Volcado de datos para la tabla `cargos`
--

INSERT INTO `cargos` (`id`, `area_id`, `cargo`, `created_at`, `updated_at`) VALUES
(1, 14, 'Abogado', '2023-04-12 13:20:35', NULL),
(2, 14, 'Abogado Civil', '2023-04-12 13:20:35', NULL),
(3, 14, 'Abogado De Familia', '2023-04-12 13:20:35', NULL),
(4, 14, 'Abogado Funcional', '2023-04-12 13:20:35', NULL),
(5, 14, 'Abogado Penalista', '2023-04-12 13:20:35', NULL),
(6, 14, 'Administrador De Moodle', '2023-04-12 13:20:35', NULL),
(7, 14, 'Agente Backoffice Calidad', '2023-04-12 13:20:35', NULL),
(8, 14, 'Agente De Backoffice', '2023-04-12 13:20:35', NULL),
(9, 13, 'Agente De Soporte Tecnico', '2023-04-12 13:20:35', NULL),
(10, 14, 'Agente Ventas', '2023-04-12 13:20:35', NULL),
(11, 2, 'Analista Contable', '2023-04-12 13:20:35', NULL),
(12, 13, 'Analista De Aplicaciones', '2023-04-12 13:20:35', NULL),
(13, 14, 'Analista De Automatizacion', '2023-04-12 13:20:35', NULL),
(14, 12, 'Analista De Automatización De Marketing', '2023-04-12 13:20:35', NULL),
(15, 13, 'Analista De Calidad', '2023-04-12 13:20:35', NULL),
(16, 7, 'Analista De Contratacion Publica', '2023-04-12 13:20:35', NULL),
(17, 12, 'Analista De Marketing', '2023-04-12 13:20:35', NULL),
(18, 13, 'Analista De Migracion Y Datos', '2023-04-12 13:20:35', NULL),
(19, 13, 'Analista De Migración Y Datos', '2023-04-12 13:20:35', NULL),
(20, 2, 'Analista De Nomina', '2023-04-12 13:20:35', NULL),
(21, 12, 'Analista De Pauta', '2023-04-12 13:20:35', NULL),
(22, 15, 'Analista De Planeación Financiera', '2023-04-12 13:20:35', NULL),
(23, 13, 'Analista De Proceso (Manuales)', '2023-04-12 13:20:35', NULL),
(24, 14, 'Analista De Procesos', '2023-04-12 13:20:35', NULL),
(25, 13, 'Analista De Procesos Erp', '2023-04-12 13:20:35', NULL),
(26, 15, 'Analista De Proyectos', '2023-04-12 13:20:35', NULL),
(27, 14, 'Analista De Proyectos', '2023-04-12 13:20:35', NULL),
(28, 13, 'Analista De Pruebas', '2023-04-12 13:20:35', NULL),
(29, 13, 'Analista De Pruebas Junior', '2023-04-12 13:20:35', NULL),
(30, 13, 'Analista De Pruebas Senior', '2023-04-12 13:20:36', NULL),
(31, 13, 'Analista De Requerimiento', '2023-04-12 13:20:36', NULL),
(32, 13, 'Analista De Requerimientos', '2023-04-12 13:20:36', NULL),
(33, 13, 'Analista De Requerimientos Y Prueba', '2023-04-12 13:20:36', NULL),
(34, 13, 'Analista De Requerimientos Y Qa', '2023-04-12 13:20:36', NULL),
(35, 14, 'Analista De Seleccion', '2023-04-12 13:20:36', NULL),
(36, 14, 'Analista De Seleccion Senior', '2023-04-12 13:20:36', NULL),
(37, 13, 'Analista De Sistemas', '2023-04-12 13:20:36', NULL),
(38, 13, 'Analista De Soporte', '2023-04-12 13:20:36', NULL),
(39, 13, 'Analista Documentador', '2023-04-12 13:20:36', NULL),
(40, 14, 'Analista En Gestión Documental', '2023-04-12 13:20:36', NULL),
(41, 15, 'Analista Financiero', '2023-04-12 13:20:36', NULL),
(42, 13, 'Analista Funcional De Requerimiento Y Aseguramiento De La Calidad', '2023-04-12 13:20:36', NULL),
(43, 14, 'Analista Mesa De Ayuda', '2023-04-12 13:20:36', NULL),
(44, 13, 'Analista Migración', '2023-04-12 13:20:36', NULL),
(45, 14, 'Analista Pmo', '2023-04-12 13:20:36', NULL),
(46, 13, 'Analista Qa', '2023-04-12 13:20:36', NULL),
(47, 13, 'Analista Senior De Requerimientos', '2023-04-12 13:20:36', NULL),
(48, 12, 'Analista Soporte Marketing', '2023-04-12 13:20:36', NULL),
(49, 13, 'Analista Y Desarrollador Abap', '2023-04-12 13:20:36', NULL),
(50, 6, 'Aprendiz Sena', '2023-04-12 13:20:36', NULL),
(51, 13, 'Arquitecta De Datos', '2023-04-12 13:20:36', NULL),
(52, 14, 'Arquitecto De Aplicaciones', '2023-04-12 13:20:36', NULL),
(53, 13, 'Arquitecto De Software', '2023-04-12 13:20:36', NULL),
(54, 13, 'Arquitecto De Soluciones', '2023-04-12 13:20:36', NULL),
(55, 14, 'Asesor', '2023-04-12 13:20:36', NULL),
(56, 2, 'Asesor Financiero', '2023-04-12 13:20:36', NULL),
(57, 14, 'Asesor Jurídico - Esp. Administrativa', '2023-04-12 13:20:36', NULL),
(58, 2, 'Asistente Administrativo', '2023-04-12 13:20:36', NULL),
(59, 7, 'Asistente De Contratacion', '2023-04-12 13:20:36', NULL),
(60, 14, 'Asistente De Contratación', '2023-04-12 13:20:36', NULL),
(61, 6, 'Asistente De Diseño', '2023-04-12 13:20:36', NULL),
(62, 11, 'Asistente De Gerencia', '2023-04-12 13:20:36', NULL),
(63, 14, 'Asistente De Recreación Y Bienestar-Aprendiz Sena', '2023-04-12 13:20:36', NULL),
(64, 13, 'Asistente De Soporte', '2023-04-12 13:20:36', NULL),
(65, 14, 'Asistente De Soporte Y Requerimientos', '2023-04-12 13:20:36', NULL),
(66, 14, 'Asistente De Talento Humano', '2023-04-12 13:20:36', NULL),
(67, 2, 'Asistente Financiera, Tesorera', '2023-04-12 13:20:36', NULL),
(68, 14, 'Auditor', '2023-04-12 13:20:36', NULL),
(69, 2, 'Auxiliar Administrativa', '2023-04-12 13:20:36', NULL),
(70, 2, 'Auxiliar Contable', '2023-04-12 13:20:36', NULL),
(71, 12, 'Auxiliar De Diseño', '2023-04-12 13:20:36', NULL),
(72, 13, 'Backend De Marketing', '2023-04-12 13:20:36', NULL),
(73, 12, 'Community Manager', '2023-04-12 13:20:36', NULL),
(74, 6, 'Consultor De Comunicaciones', '2023-04-12 13:20:36', NULL),
(75, 14, 'Consultor De Talento Humano', '2023-04-12 13:20:36', NULL),
(76, 14, 'Coordinador De Calidad', '2023-04-12 13:20:36', NULL),
(77, 12, 'Coordinador De Marketing', '2023-04-12 13:20:36', NULL),
(78, 14, 'Coordinador De Proyectos', '2023-04-12 13:20:36', NULL),
(79, 13, 'Coordinador Tecnico', '2023-04-12 13:20:36', NULL),
(80, 13, 'Coordinadora De Servicos Ti', '2023-04-12 13:20:36', NULL),
(81, 14, 'Coordinadora Operativa', '2023-04-12 13:20:36', NULL),
(82, 6, 'Copy Junior', '2023-04-12 13:20:36', NULL),
(83, 12, 'Copywriter', '2023-04-12 13:20:36', NULL),
(84, 12, 'Data Science', '2023-04-12 13:20:36', NULL),
(85, 14, 'Datamarshall', '2023-04-12 13:20:36', NULL),
(86, 13, 'Desarollador Junior', '2023-04-12 13:20:36', NULL),
(87, 13, 'Desarrolador Bpm', '2023-04-12 13:20:36', NULL),
(88, 12, 'Desarrolador Fullstack', '2023-04-12 13:20:36', NULL),
(89, 13, 'Desarrollador', '2023-04-12 13:20:36', NULL),
(90, 13, 'Desarrollador .Net', '2023-04-12 13:20:36', NULL),
(91, 13, 'Desarrollador Angular', '2023-04-12 13:20:36', NULL),
(92, 13, 'Desarrollador Backend', '2023-04-12 13:20:36', NULL),
(93, 13, 'Desarrollador Back-End', '2023-04-12 13:20:36', NULL),
(94, 13, 'Desarrollador Bi Intermedio', '2023-04-12 13:20:36', NULL),
(95, 13, 'Desarrollador De Orfeo', '2023-04-12 13:20:36', NULL),
(96, 12, 'Desarrollador De Wordpress', '2023-04-12 13:20:36', NULL),
(97, 12, 'Desarrollador Front', '2023-04-12 13:20:36', NULL),
(98, 13, 'Desarrollador Front End', '2023-04-12 13:20:36', NULL),
(99, 13, 'Desarrollador Frontend', '2023-04-12 13:20:36', NULL),
(100, 13, 'Desarrollador Front-End', '2023-04-12 13:20:36', NULL),
(101, 13, 'Desarrollador Full Stack Java', '2023-04-12 13:20:36', NULL),
(102, 13, 'Desarrollador Fullstack', '2023-04-12 13:20:36', NULL),
(103, 13, 'Desarrollador Intermedio', '2023-04-12 13:20:36', NULL),
(104, 13, 'Desarrollador Java', '2023-04-12 13:20:36', NULL),
(105, 13, 'Desarrollador Java Junior', '2023-04-12 13:20:36', NULL),
(106, 13, 'Desarrollador Java Senior', '2023-04-12 13:20:36', NULL),
(107, 13, 'Desarrollador Java Sprintboot', '2023-04-12 13:20:36', NULL),
(108, 13, 'Desarrollador Junior', '2023-04-12 13:20:36', NULL),
(109, 13, 'Desarrollador Node Js', '2023-04-12 13:20:36', NULL),
(110, 13, 'Desarrollador Nodejs-React', '2023-04-12 13:20:36', NULL),
(111, 13, 'Desarrollador Orfeo', '2023-04-12 13:20:36', NULL),
(112, 13, 'Desarrollador Php Orfeo', '2023-04-12 13:20:36', NULL),
(113, 13, 'Desarrollador Php-Orfeo', '2023-04-12 13:20:36', NULL),
(114, 13, 'Desarrollador Python', '2023-04-12 13:20:36', NULL),
(115, 13, 'Desarrollador React', '2023-04-12 13:20:36', NULL),
(116, 13, 'Desarrollador Senior', '2023-04-12 13:20:36', NULL),
(117, 13, 'Desarrollador Senior En Php', '2023-04-12 13:20:36', NULL),
(118, 13, 'Desarrollador Sprintboot', '2023-04-12 13:20:36', NULL),
(119, 12, 'Desarrollador Wordpress', '2023-04-12 13:20:36', NULL),
(120, 13, 'Desarrolladora .Net', '2023-04-12 13:20:36', NULL),
(121, 13, 'Desarrolladora Backend', '2023-04-12 13:20:36', NULL),
(122, 13, 'Desarrolladora Front', '2023-04-12 13:20:36', NULL),
(123, 13, 'Desarrolladora Java Senior', '2023-04-12 13:20:36', NULL),
(124, 14, 'Desarrolladora Y Apoyo En Construcción De Contenidos Capacitación', '2023-04-12 13:20:36', NULL),
(125, 3, 'Director Comercial', '2023-04-12 13:20:36', NULL),
(126, 2, 'Directora Administrativa Y Financiera', '2023-04-12 13:20:36', NULL),
(127, 14, 'Directora Juridica', '2023-04-12 13:20:36', NULL),
(128, 12, 'Diseñador', '2023-04-12 13:20:36', NULL),
(129, 12, 'Diseñador De Contenidos', '2023-04-12 13:20:36', NULL),
(130, 12, 'Diseñador Gráfico', '2023-04-12 13:20:36', NULL),
(131, 13, 'Diseñador Ux', '2023-04-12 13:20:36', NULL),
(132, 12, 'Diseñadora', '2023-04-12 13:20:36', NULL),
(133, 12, 'Diseñadora De Interfaces', '2023-04-12 13:20:36', NULL),
(134, 6, 'Diseñadora Digital', '2023-04-12 13:20:36', NULL),
(135, 12, 'Diseñadora Grafica', '2023-04-12 13:20:36', NULL),
(136, 14, 'Documentador', '2023-04-12 13:20:36', NULL),
(137, 13, 'Documentador 1', '2023-04-12 13:20:36', NULL),
(138, 13, 'Documentador 2', '2023-04-12 13:20:36', NULL),
(139, 14, 'Especialista En Gestión Documental', '2023-04-12 13:20:36', NULL),
(140, 13, 'Especialista En Migración De Datos 1', '2023-04-12 13:20:36', NULL),
(141, 13, 'Experto En Digitalizacion Y Migracion', '2023-04-12 13:20:36', NULL),
(142, 13, 'Experto En Digitalizacion Y Migracion De Datos', '2023-04-12 13:20:36', NULL),
(143, 4, 'Gerente De Auditoria', '2023-04-12 13:20:36', NULL),
(144, 13, 'Gerente De Calidad', '2023-04-12 13:20:36', NULL),
(145, 6, 'Gerente De Comunicaciones.', '2023-04-12 13:20:36', NULL),
(146, 7, 'Gerente De Contratación Pública', '2023-04-12 13:20:36', NULL),
(147, 14, 'Gerente De La Pmo', '2023-04-12 13:20:36', NULL),
(148, 12, 'Gerente De Marketing.', '2023-04-12 13:20:36', NULL),
(149, 11, 'Gerente De Operaciones', '2023-04-12 13:20:36', NULL),
(150, 14, 'Gerente De Proyecto', '2023-04-12 13:20:36', NULL),
(151, 14, 'Gerente De Proyectos', '2023-04-12 13:20:36', NULL),
(152, 11, 'Gerente General', '2023-04-12 13:20:36', NULL),
(153, 13, 'Gestor De Requerimientos', '2023-04-12 13:20:36', NULL),
(154, 13, 'Gestor Documental De Proyectos', '2023-04-12 13:20:36', NULL),
(155, 7, 'Ing Preventa Sr', '2023-04-12 13:20:36', NULL),
(156, 13, 'Ingenerio Devops', '2023-04-12 13:20:36', NULL),
(157, 14, 'Ingeniero', '2023-04-12 13:20:36', NULL),
(158, 13, 'Ingeniero (Synaptica)', '2023-04-12 13:20:36', NULL),
(159, 13, 'Ingeniero De Infraestructura Cloud', '2023-04-12 13:20:36', NULL),
(160, 13, 'Ingeniero De Requerimeintos', '2023-04-12 13:20:36', NULL),
(161, 13, 'Ingeniero De Requerimientos', '2023-04-12 13:20:36', NULL),
(162, 13, 'Ingeniero De Requerimientos Y Scrum Master', '2023-04-12 13:20:36', NULL),
(163, 13, 'Ingeniero Desarrollo Intermedio', '2023-04-12 13:20:36', NULL),
(164, 13, 'Ingeniero Devops', '2023-04-12 13:20:36', NULL),
(165, 7, 'Ingeniero Preventa Junior', '2023-04-12 13:20:36', NULL),
(166, 14, 'Jefe De Operaciones Call Center', '2023-04-12 13:20:36', NULL),
(167, 6, 'Lider Copy', '2023-04-12 13:20:36', NULL),
(168, 13, 'Lider De Arquitectura', '2023-04-12 13:20:36', NULL),
(169, 12, 'Lider De Diseño', '2023-04-12 13:20:36', NULL),
(170, 14, 'Lider De Formación', '2023-04-12 13:20:36', NULL),
(171, 14, 'Lider De Gestión Documental', '2023-04-12 13:20:36', NULL),
(172, 13, 'Lider De Implementación', '2023-04-12 13:20:36', NULL),
(173, 13, 'Lider De Infraestructura', '2023-04-12 13:20:36', NULL),
(174, 13, 'Lider De Metodologias Agiles', '2023-04-12 13:20:36', NULL),
(175, 13, 'Líder De Migración Y Apoyo En Analítica De Datos', '2023-04-12 13:20:36', NULL),
(176, 13, 'Lider De Pruebas', '2023-04-12 13:20:36', NULL),
(177, 13, 'Líder De Pruebas', '2023-04-12 13:20:36', NULL),
(178, 13, 'Lider De Requerimientos', '2023-04-12 13:20:36', NULL),
(179, 13, 'Lìder De Seguridad De La Informaciòn', '2023-04-12 13:20:36', NULL),
(180, 13, 'Lider De Soporte', '2023-04-12 13:20:36', NULL),
(181, 13, 'Lider De Tecnologia', '2023-04-12 13:20:36', NULL),
(182, 15, 'Líder Financiero', '2023-04-12 13:20:36', NULL),
(183, 13, 'Lider Noc/Soc', '2023-04-12 13:20:36', NULL),
(184, 14, 'Líder Talento Humano', '2023-04-12 13:20:36', NULL),
(185, 13, 'Lider Tecnico', '2023-04-12 13:20:36', NULL),
(186, 13, 'Líder Técnico', '2023-04-12 13:20:36', NULL),
(187, 12, 'Maquetador Junior', '2023-04-12 13:20:36', NULL),
(188, 12, 'Planner Estrategico', '2023-04-12 13:20:36', NULL),
(189, 6, 'Posproductor', '2023-04-12 13:20:36', NULL),
(190, 12, 'Practicante De Marketing', '2023-04-12 13:20:36', NULL),
(191, 11, 'Profesional Administrativo', '2023-04-12 13:20:36', NULL),
(192, 14, 'Profesional De Apoyo Programa Primer Empleo', '2023-04-12 13:20:36', NULL),
(193, 4, 'Profesional De Auditoria De Procesos', '2023-04-12 13:20:36', NULL),
(194, 7, 'Profesional De Contratacion Publica', '2023-04-12 13:20:36', NULL),
(195, 12, 'Profesional De Marketing', '2023-04-12 13:20:36', NULL),
(196, 1, 'Profesional De Operaciones', '2023-04-12 13:20:36', NULL),
(197, 14, 'Profesional De Seleccion', '2023-04-12 13:20:36', NULL),
(198, 14, 'Profesional En Seleccion', '2023-04-12 13:20:36', NULL),
(199, 6, 'Profesional Especializado En Cominicaciones.', '2023-04-12 13:20:36', NULL),
(200, 14, 'Profesional Especializado Pmo', '2023-04-12 13:20:36', NULL),
(201, 14, 'Profesional Juridico', '2023-04-12 13:20:36', NULL),
(202, 14, 'Profesional Operativo', '2023-04-12 13:20:36', NULL),
(203, 14, 'Profesional Pmo', '2023-04-12 13:20:36', NULL),
(204, 13, 'Profesional Tecnico Bpm', '2023-04-12 13:20:36', NULL),
(205, 13, 'Profesional Técnico Bpm', '2023-04-12 13:20:36', NULL),
(206, 6, 'Realizador Audiovisual', '2023-04-12 13:20:36', NULL),
(207, 12, 'Realizador Audiovisual Campo', '2023-04-12 13:20:36', NULL),
(208, 2, 'Revisora Fiscal', '2023-04-12 13:20:36', NULL),
(209, 13, 'Scrum Master', '2023-04-12 13:20:36', NULL),
(210, 14, 'Servicios De Comunicacion Y Temas Legales', '2023-04-12 13:20:36', NULL),
(211, 13, 'Soporte', '2023-04-12 13:20:36', NULL),
(212, 14, 'Tecnólogo En Análisis Y Desarrollo De Sistemas De Información', '2023-04-12 13:20:36', NULL),
(213, 12, 'Traffic Manager', '2023-04-12 13:20:36', NULL);

-- --------------------------------------------------------

--
-- Estructura de tabla para la tabla `categorias`
--

CREATE TABLE `categorias` (
  `id` bigint(20) UNSIGNED NOT NULL,
  `categoria` varchar(255) COLLATE utf8_spanish_ci NOT NULL,
  `created_at` timestamp NULL DEFAULT NULL,
  `updated_at` timestamp NULL DEFAULT NULL
) ENGINE=InnoDB DEFAULT CHARSET=utf8 COLLATE=utf8_spanish_ci ROW_FORMAT=DYNAMIC;

--
-- Volcado de datos para la tabla `categorias`
--

INSERT INTO `categorias` (`id`, `categoria`, `created_at`, `updated_at`) VALUES
(1, 'Tipo', '2023-04-12 13:20:57', NULL),
(2, 'Notebook', '2023-04-12 13:20:57', NULL),
(3, 'Escritorio', '2023-04-12 13:20:57', NULL),
(4, 'Convertible', '2023-04-12 13:20:57', NULL),
(5, 'Laptop', '2023-04-12 13:20:57', NULL),
(6, 'Desktop', '2023-04-12 13:20:57', NULL),
(7, 'Portatil', '2023-04-12 13:20:57', NULL),
(8, 'Servidor', '2023-04-12 13:20:57', NULL),
(9, 'All in One', '2023-04-12 13:20:57', NULL),
(10, 'Monitor', '2023-04-12 13:20:57', NULL),
(11, 'Perifericos', '2023-04-12 13:20:57', NULL);

-- --------------------------------------------------------

--
-- Estructura de tabla para la tabla `centros`
--

CREATE TABLE `centros` (
  `id` bigint(20) UNSIGNED NOT NULL,
  `centro_costo` varchar(255) COLLATE utf8_spanish_ci NOT NULL,
  `created_at` timestamp NULL DEFAULT NULL,
  `updated_at` timestamp NULL DEFAULT NULL
) ENGINE=InnoDB DEFAULT CHARSET=utf8 COLLATE=utf8_spanish_ci ROW_FORMAT=DYNAMIC;

--
-- Volcado de datos para la tabla `centros`
--

INSERT INTO `centros` (`id`, `centro_costo`, `created_at`, `updated_at`) VALUES
(1, '2', '2023-04-12 13:20:57', NULL),
(2, '3', '2023-04-12 13:20:58', NULL),
(3, '5', '2023-04-12 13:20:58', NULL),
(4, '7', '2023-04-12 13:20:58', NULL),
(5, '8', '2023-04-12 13:20:58', NULL),
(6, '200', '2023-04-12 13:20:58', NULL),
(7, '201', '2023-04-12 13:20:58', NULL),
(8, '202', '2023-04-12 13:20:58', NULL),
(9, '203', '2023-04-12 13:20:58', NULL),
(10, '204', '2023-04-12 13:20:58', NULL),
(11, '205', '2023-04-12 13:20:58', NULL),
(12, '206', '2023-04-12 13:20:58', NULL),
(13, '209', '2023-04-12 13:20:58', NULL),
(14, '210', '2023-04-12 13:20:58', NULL),
(15, '211', '2023-04-12 13:20:58', NULL),
(16, '242', '2023-04-12 13:20:58', NULL),
(17, '286', '2023-04-12 13:20:58', NULL),
(18, '291', '2023-04-12 13:20:58', NULL),
(19, '295', '2023-04-12 13:20:58', NULL),
(20, '297', '2023-04-12 13:20:58', NULL),
(21, '299', '2023-04-12 13:20:58', NULL),
(22, '302', '2023-04-12 13:20:58', NULL),
(23, '303', '2023-04-12 13:20:58', NULL),
(24, '307', '2023-04-12 13:20:58', NULL),
(25, '315', '2023-04-12 13:20:58', NULL),
(26, '318', '2023-04-12 13:20:58', NULL),
(27, '319', '2023-04-12 13:20:58', NULL),
(28, '321', '2023-04-12 13:20:58', NULL),
(29, '324', '2023-04-12 13:20:58', NULL),
(30, '326', '2023-04-12 13:20:58', NULL),
(31, '329', '2023-04-12 13:20:58', NULL),
(32, '332', '2023-04-12 13:20:58', NULL),
(33, '335', '2023-04-12 13:20:58', NULL),
(34, '336', '2023-04-12 13:20:58', NULL),
(35, '339', '2023-04-12 13:20:58', NULL),
(36, '342', '2023-04-12 13:20:58', NULL),
(37, '343', '2023-04-12 13:20:58', NULL),
(38, '344', '2023-04-12 13:20:58', NULL),
(39, '345', '2023-04-12 13:20:58', NULL),
(40, '346', '2023-04-12 13:20:58', NULL),
(41, '348', '2023-04-12 13:20:58', NULL),
(42, '349', '2023-04-12 13:20:58', NULL),
(43, '354', '2023-04-12 13:20:58', NULL),
(44, '399', '2023-04-12 13:20:58', NULL);

-- --------------------------------------------------------

--
-- Estructura de tabla para la tabla `centro_costos`
--

CREATE TABLE `centro_costos` (
  `id` bigint(20) UNSIGNED NOT NULL,
  `centro` varchar(255) COLLATE utf8_spanish_ci NOT NULL,
  `proyecto` varchar(255) COLLATE utf8_spanish_ci NOT NULL,
  `gerente` varchar(255) COLLATE utf8_spanish_ci NOT NULL,
  `estado` varchar(255) COLLATE utf8_spanish_ci NOT NULL,
  `empresa` varchar(255) COLLATE utf8_spanish_ci NOT NULL,
  `created_at` timestamp NULL DEFAULT NULL,
  `updated_at` timestamp NULL DEFAULT NULL
) ENGINE=InnoDB DEFAULT CHARSET=utf8 COLLATE=utf8_spanish_ci ROW_FORMAT=DYNAMIC;

--
-- Volcado de datos para la tabla `centro_costos`
--

INSERT INTO `centro_costos` (`id`, `centro`, `proyecto`, `gerente`, `estado`, `empresa`, `created_at`, `updated_at`) VALUES
(1, '0-01H', '001 - Plataforma Hicome Hotel Berdez', 'PMO', 'ACTIVO', 'HICOME', '2023-04-12 13:20:58', NULL),
(2, '0-01W', '001 - WIMBU \"RED HOSPITALARÍA\"', 'KATHERINE DAZA', 'LIQUIDADO', 'WIMBU', '2023-04-12 13:20:58', NULL),
(3, '0-02W', '002 - WIMBU \"PLASTICOS OJARA S.A\"', 'KATHERINE DAZA', 'LIQUIDADO', 'WIMBU', '2023-04-12 13:20:58', NULL),
(4, '0-04H', '004 - PROYECTO ZONA ROSA', 'SILVIA GALLEGO', 'LIQUIDADO', 'HICOME', '2023-04-12 13:20:58', NULL),
(5, '0-05H', '005 - PROYECTO EXPODEFENSA 2021', 'SILVIA GALLEGO', 'LIQUIDADO', 'HICOME', '2023-04-12 13:20:58', NULL),
(6, '121', '121 - FONTUR GOBERNANZA', 'PMO', 'LIQUIDADO', 'LINKTIC', '2023-04-12 13:20:58', NULL),
(7, '132', '132 - (ARCHIVO GRAL) SISTEMA GESTIÓN DOCUMENTAL', 'IVAN PABON', 'LIQUIDADO', 'LINKTIC', '2023-04-12 13:20:58', NULL),
(8, '142', '142 - LAWYERS ENTERPRISE', 'PMO', 'LIQUIDADO', 'LINKTIC', '2023-04-12 13:20:58', NULL),
(9, '151', '151 - LOPEZ QUINTERO', 'PMO', 'LIQUIDADO', 'LINKTIC', '2023-04-12 13:20:58', NULL),
(10, '216', '216 - PLATAFORMA DUBRANDS', 'ANA GUERRA', 'ACTIVO', '', '2023-04-12 13:20:58', NULL),
(11, '219', '219 - PNUD', 'IVAN PABON', 'LIQUIDADO', 'LINKTIC', '2023-04-12 13:20:58', NULL),
(12, '235', '235 - HOTEL BERDEZ', 'IVAN PABON', 'LIQUIDADO', 'LINKTIC', '2023-04-12 13:20:58', NULL),
(13, '240', '240 - FONTIC', 'PMO', 'LIQUIDADO', 'LINKTIC', '2023-04-12 13:20:58', NULL),
(14, '244', '244 - FAC-COMANDOS-2035306', 'DEIZITH DIAZ', 'ACTIVO', 'LINKTIC', '2023-04-12 13:20:58', NULL),
(15, '247', '247 - MINISTERIO DEL INTERIOR', 'PMO', 'ACTIVO', 'LINKTIC', '2023-04-12 13:20:58', NULL),
(16, '254', '254 - IDIGER', 'PMO', 'LIQUIDADO', 'LINKTIC', '2023-04-12 13:20:58', NULL),
(17, '255', '255 - PROYECTO 605', 'KATHERINE ABELLA', 'LIQUIDADO', 'DU BRANDS', '2023-04-12 13:20:58', NULL),
(18, '261', '261 - PROYECTO 593', 'PMO', 'LIQUIDADO', 'DU BRANDS', '2023-04-12 13:20:58', NULL),
(19, '262', '262 - PROYECTO PÁGINA WEB CONSTRUCTORA BERDEZ', 'IVAN PABON', 'LIQUIDADO', 'LINKTIC', '2023-04-12 13:20:58', NULL),
(20, '265', '265 - FONDO EN PAZ FASE 2', 'PMO', 'LIQUIDADO', 'LINKTIC', '2023-04-12 13:20:58', NULL),
(21, '269', '269 - CANCILLERÍA CONTRATO 089 - 2020', 'PMO', 'LIQUIDADO', 'LINKTIC', '2023-04-12 13:20:58', NULL),
(22, '270', '270 - PROYECTO SERT SOACHA', 'ANA GUERRA', 'ACTIVO', 'LINKTIC', '2023-04-12 13:20:58', NULL),
(23, '272', '272 - RECAUDOS MASIVOS DE COLOMBIA S.A.S', 'SANDRA MUÑOZ', 'LIQUIDADO', 'LINKTIC', '2023-04-12 13:20:58', NULL),
(24, '273', '273 - UNIVERSIDAD DE PAMPLONA', 'PMO', 'ACTIVO', 'LINKTIC', '2023-04-12 13:20:58', NULL),
(25, '275', '275 - ARTESANÍAS DE COLOMBIA', 'ALEJANDRO QUITIAN', 'LIQUIDADO', 'LINKTIC', '2023-04-12 13:20:58', NULL),
(26, '277', '277 - ANALÍTICA DE DATOS - FINDETER', 'ALAM GONZÁLEZ', 'LIQUIDADO', 'LINKTIC', '2023-04-12 13:20:58', NULL),
(27, '280', '280 - COMERCIO ELECTRÓNICO - DUBRANDS', 'PMO', 'LIQUIDADO', 'DU BRANDS', '2023-04-12 13:20:58', NULL),
(28, '281', '281 - ICETEX', 'JENNIFER GÜIZA', 'ACTIVO', 'LINKTIC', '2023-04-12 13:20:58', NULL),
(29, '282', '282 - FINCAR', 'KATHERINE DAZA', 'LIQUIDADO', 'LINKTIC', '2023-04-12 13:20:58', NULL),
(30, '283', '283 - Proyecto Interno Iniciativa T&C 4', 'MABEL PALACIOS', 'LIQUIDADO', 'LINKTIC', '2023-04-12 13:20:58', NULL),
(31, '284', '284 - THANOS Y CRONOS 472 040-2021', 'ANA GUERRA', 'ACTIVO', 'LINKTIC', '2023-04-12 13:20:58', NULL),
(32, '285', '285 - ACUEDUCTO (SISTEMA WEB PARA REGISTRO DE OBRAS Y DISEÑOS.)', 'PMO', 'LIQUIDADO', 'LINKTIC', '2023-04-12 13:20:58', NULL),
(33, '286', '286 - ACUEDUCTO (SISTEMA DE INFORMACIÓN HÍDRICO)', 'HENRY CHICA', 'ACTIVO', 'LINKTIC', '2023-04-12 13:20:58', NULL),
(34, '288', '288 - Cyclops 472 orden 085-2021', 'ANA GUERRA', 'ACTIVO', 'LINKTIC', '2023-04-12 13:20:58', NULL),
(35, '289', '289 - MIGRACIÓN CIAT', 'IVAN PABON', 'ACTIVO', 'LINKTIC', '2023-04-12 13:20:58', NULL),
(36, '290', '290 - CANCILLERÍA CONTRATO 089 - 2021', 'DIANA BERMUDEZ', 'ACTIVO', 'LINKTIC', '2023-04-12 13:20:58', NULL),
(37, '291', '291 - PROYECTO RAMA JUDICIAL', 'OSCAR SALAZAR', 'ACTIVO', 'MUSCOGEE', '2023-04-12 13:20:58', NULL),
(38, '292', '292 - PROYECTO SENA INNOVA - SEMDO', 'PMO', 'ACTIVO', 'SEMDO', '2023-04-12 13:20:58', NULL),
(39, '293', '293 - PROYECTO INTERNO EL DORADO', 'IVAN PABON', 'ACTIVO', 'LINKTIC', '2023-04-12 13:20:58', NULL),
(40, '294', '294 - COMPUTADORES PARA EDUCAR CONTRATO No. 54-21', 'PMO', 'LIQUIDADO', 'LINKTIC', '2023-04-12 13:20:58', NULL),
(41, '295-1', '295-1 - REGISTRADURIA VERIFICACION DE FIRMAS', 'MARCELA BELTRAN', 'LIQUIDADO', 'TRES T', '2023-04-12 13:20:58', NULL),
(42, '296', '296 - CONTRATO CPE N° 64 - 21', 'PMO', 'LIQUIDADO', 'LINKTIC', '2023-04-12 13:20:58', NULL),
(43, '297', '297 - COLOMBIA PRODUCTIVA N° 033 - 2021', 'DIANA BERMUDEZ', 'LIQUIDADO', 'LINKTIC', '2023-04-12 13:20:58', NULL),
(44, '298', '298 - UNIVERSIDAD DE PEREIRA', 'FABIAN ECHEVERRIA', 'LIQUIDADO', 'UNIVERSIDAD TECNOLÓGICA DE PEREIRA,', '2023-04-12 13:20:58', NULL),
(45, '299', '299 - FINDETER CONTRATO No.0058 DE 2021', 'DEIZITH DIAZ', 'ACTIVO', 'RSN', '2023-04-12 13:20:58', NULL),
(46, '303', '303 - PROYECTO 472 CONTRATO N° 239-2021', 'HENRY CHICA', 'ACTIVO', 'LINKTIC', '2023-04-12 13:20:58', NULL),
(47, '305', '305 - UNIPAMPLONA KITS STEM', 'FABIAN ECHEVERRIA', 'ACTIVO', 'YAKTIL', '2023-04-12 13:20:58', NULL),
(48, '306', '306 - PROYECTO INTERNO TICTUR FNTP-082-2020', 'PMO', 'ACTIVO', 'TICTUR', '2023-04-12 13:20:58', NULL),
(49, '307', '307 - PROYECTO CMMI NIVEL 5', 'JUAN GUARIN', 'ACTIVO', 'LINKTIC', '2023-04-12 13:20:58', NULL),
(50, '308', '308 - PROYECTO INTERNO PLAN B (RAMA JUDICIAL)', 'LUIS VILLARREAL', 'LIQUIDADO', 'LINKTIC', '2023-04-12 13:20:58', NULL),
(51, '295-2', '295-2 - REGISTRADURIA DIGITALIZACION E11', 'MARCELA BELTRAN', 'LIQUIDADO', 'TRES T', '2023-04-12 13:20:58', NULL),
(52, '295-3', '295-3 - REGISTRADURIA TPS (Jurados, testigos y delegados)', 'MARCELA BELTRAN', 'ACTIVO', 'TRES T', '2023-04-12 13:20:58', NULL),
(53, '295-4', '295-4 - REGISTRADURIA CALL CENTER', 'MARCELA BELTRAN', 'LIQUIDADO', 'TRES T', '2023-04-12 13:20:58', NULL),
(54, '309', '309 - PROYECTO UTP PERIRA FORMACION2022', 'FABIAN ECHEVERRIA', 'ACTIVO', 'LINKTIC', '2023-04-12 13:20:58', NULL),
(55, '310', '310 - CNE - CONSEJO NACIONAL ELECTORAL', 'HENRY CHICA', 'ACTIVO', 'LINKTIC', '2023-04-12 13:20:58', NULL),
(56, '311', '311 - COMPUTADORES PARA EDUCAR No. 24 -22', 'ANA GUERRA', 'ACTIVO', 'LINKTIC', '2023-04-12 13:20:58', NULL),
(57, '312', '312 - LICENCIAS MICROSOFT', 'ANA GUERRA', 'LIQUIDADO', 'LINKTIC', '2023-04-12 13:20:58', NULL),
(58, '313', '313 - PROYECTO FINDETER - ARCHIVO', 'ALEXANDER DELGADO', 'ACTIVO', 'LINKTIC', '2023-04-12 13:20:58', NULL),
(59, '314', '314 - PROYECTO VENDE DIGITAL 2022', 'FABIAN ECHEVERRIA', 'LIQUIDADO', 'LINKTIC', '2023-04-12 13:20:58', NULL),
(60, '315', '315 - PROYECTO TIENDAS VIRTUALES 3.0 2022', 'VICTOR QUINTERO', 'ACTIVO', 'DU BRANDS', '2023-04-12 13:20:58', NULL),
(61, '316', '316 - PROYECTO VENDE DIGITAL CYMETRIA 2022', 'FABIAN ECHEVERRIA', 'LIQUIDADO', 'CYMETRIA', '2023-04-12 13:20:58', NULL),
(62, '317', '317 - HOTEL BERDEZ MARKETING Y SOPORTE', 'JENNIFER GÜIZA', 'ACTIVO', 'LINKTIC', '2023-04-12 13:20:58', NULL),
(63, '318', '318 - PROYECTO FABRICA DE SOFTWARE 2022-FISCALIA', 'DEIZITH DIAZ', 'ACTIVO', 'LINKTIC', '2023-04-12 13:20:58', NULL),
(64, '319', '319 - CANCILLERÍA CONTRATO 136 de 2022', 'ANA GUERRA', 'ACTIVO', 'LINKTIC', '2023-04-12 13:20:58', NULL),
(65, '320', '320 - PROYECTO OPERADORA DISTRITAL DE TRANSPORTE SA', 'ANA GUERRA', 'ACTIVO', 'LINKTIC', '2023-04-12 13:20:58', NULL),
(66, '321', '321 - PROYECTO CPE MONITOREO Y EVALUACIÓN FASE II', 'ANA GUERRA', 'ACTIVO', 'LINKTIC', '2023-04-12 13:20:58', NULL),
(67, '322', '322 - PROYECTO UGPP - ADMON PLATAFORMA DE SOFTWARE AG 2022', 'HENRY CHICA', 'ACTIVO', 'LINKTIC', '2023-04-12 13:20:58', NULL),
(68, '323', '323 - PROYECTO UTP EDUKLAB 2022', 'FABIAN ECHEVERRIA', 'ACTIVO', 'LINKTIC', '2023-04-12 13:20:58', NULL),
(69, '324', '324 - PROYECTO ADRES', 'LORENA MENDEZ', 'ACTIVO', 'LINKTIC', '2023-04-12 13:20:58', NULL),
(70, '325', '325 - PROYECTO VILLA NAZARETH', 'JENNIFER GÜIZA', 'ACTIVO', 'LINKTIC', '2023-04-12 13:20:58', NULL),
(71, '326', '326 - PROYECTO TELEMEDICINA', 'MARCELA BELTRAN', 'ACTIVO', 'LINKTIC', '2023-04-12 13:20:58', NULL),
(72, '327', '327 - PROYECTO RECARGAS URI', 'MARCELA BELTRAN', 'ACTIVO', 'LINKTIC', '2023-04-12 13:20:58', NULL),
(73, '328', '328 - PROYECTO MINISTERIO DE COMERCIO,INDUSTRIA, TURISMO', 'DEIZITH DIAZ', 'ACTIVO', 'LINKTIC', '2023-04-12 13:20:58', NULL),
(74, '329', '329 - PROYECTO INTERNO ERP LINKTIC', 'SANTIAGO SUAREZ', 'ACTIVO', 'LINKTIC', '2023-04-12 13:20:58', NULL),
(75, '331', '331 - PROYECTO INTERNO INICIATIVA IT MARK', 'JUAN GUARIN', 'ACTIVO', 'LINKTIC', '2023-04-12 13:20:58', NULL),
(76, '332', '332 - PROYECTO CESOF - CENTRO SOCIAL DE OFICIALES', 'ANDREA RIOS', 'ACTIVO', 'LINKTIC', '2023-04-12 13:20:58', NULL),
(77, '333', '333 - PROYECTO CYCLOPS 472 - CONTRATO 197-2022', 'ANA GUERRA', 'ACTIVO', 'LINKTIC', '2023-04-12 13:20:58', NULL),
(78, '334', '334 - PROYECTO THANOS Y CRONOS 472 - CONTRATO 198 -2022', 'ANA GUERRA', 'ACTIVO', 'LINKTIC', '2023-04-12 13:20:58', NULL),
(79, '335', '335 - PROYECTO FABRICA DE SOFTWARE SECRETARÍA DE EDUCACIÓN - SED', 'DEIZITH DIAZ', 'ACTIVO', 'LINKTIC', '2023-04-12 13:20:58', NULL),
(80, '295-6', '295-6 PROYECTO REGISTRADURIA', 'MARCELA BELTRAN', 'ACTIVO', 'LINKTIC', '2023-04-12 13:20:58', NULL),
(81, '7', '007 - PROYECTO UNIPAMPLONA INNOVAPP', 'FABIAN ECHEVERRIA', 'LIQUIDADO', 'HICOME', '2023-04-12 13:20:58', NULL),
(82, '337', '337- PROYECTO INTERNO SELECCIÓN, FORMACIÓN TH', 'SANTIAGO SUAREZ', 'LIQUIDADO', 'LINKTIC', '2023-04-12 13:20:58', NULL),
(83, '338', '338- Proyecto interno BPM LinkTIC y Filiales', 'PMO', 'LIQUIDADO', 'LINKTIC', '2023-04-12 13:20:58', NULL),
(84, '336', '336 - PROYECTO INTERNO NEGOS LINKTIC', 'JENNIFER GÜIZA', 'ACTIVO', 'LINKTIC', '2023-04-12 13:20:58', NULL),
(85, '339', '339- PROLINKTIC', 'GERARDO LOPEZ', 'ACTIVO', 'LINKTIC', '2023-04-12 13:20:58', NULL),
(86, '8', '008-PROYECTO BANCO - HICOME', 'MARCELA BELTRAN', 'ACTIVO', 'HICOME', '2023-04-12 13:20:58', NULL),
(87, '340', '340- GESTION DE PREVENTA', 'MIGUEL CORREA', 'LIQUIDADO', '', '2023-04-12 13:20:58', NULL),
(88, '341', '341- UT ANTICIPACION Y RESULTADOS', 'PMO', 'ACTIVO', 'LINKTIC', '2023-04-12 13:20:58', NULL),
(89, '342', '342- MINMINAS ORFEO', 'LORENA MENDEZ', 'ACTIVO', 'LINKTIC', '2023-04-12 13:20:58', NULL),
(90, '343', '343- CONTROL INTERNO', 'XIMENA MOTTA', 'ACTIVO', 'LINKTIC', '2023-04-12 13:20:58', NULL),
(91, '345', '345 - PORTALES DIGITALES - LA EQUIDAD', 'JENNIFER GÜIZA', 'ACTIVO', 'LINKTIC', '2023-04-12 13:20:58', NULL),
(92, '348', '348 - SGDEA ACUEDUCTO', 'JUAN PABLO ORTIZ', 'ACTIVO', 'LINKTIC', '2023-04-12 13:20:58', NULL),
(93, '349', '349 - FABRICA DE SOFTWARE - SUPERFINANCIERA', 'DEIZITH DIAZ', 'ACTIVO', 'LINKTIC', '2023-04-12 13:20:58', NULL),
(94, '350', '350 - ADMINISTRACION PLATAFORMA AG BPM - UGPP', 'HENRY CHICA', 'ACTIVO', 'LINKTIC', '2023-04-12 13:20:58', NULL),
(95, '353', '353 - ICETEX L&H', 'JENNIFER GÜIZA', 'ACTIVO', 'LINKTIC', '2023-04-12 13:20:58', NULL),
(96, '4', '004 - PROYECTO BLANCO', 'KATHERINE ABELLA', 'ACTIVO', 'WIMBU', '2023-04-12 13:20:58', NULL),
(97, '5', '005 - PROYECTO GOLD BASICO', 'KATHERINE ABELLA', 'ACTIVO', 'WIMBU', '2023-04-12 13:20:58', NULL),
(98, '355', '355 - POSITIVA CORE', 'GERMAN GONZALEZ', 'ACTIVO', 'LINKTIC', '2023-04-12 13:20:58', NULL),
(99, '6', '006 - POSITIVA ANALITICA Y CRM', 'VICTOR QUINTERO', 'ACTIVO', 'WIMBU', '2023-04-12 13:20:58', NULL),
(100, '1', '001 - POSITIVA SGDEA', 'ANDRES FELIPE RINCON VALENCIA', 'ACTIVO', 'TRES T', '2023-04-12 13:20:58', NULL),
(101, '356', '356 - CONSTRUCTORA BERDEZ', 'JENNIFER GÜIZA', 'ACTIVO', 'LINKTIC', '2023-04-12 13:20:58', NULL),
(102, '357', '357 - CENTRO DE SERVICIOS COMPARTIDOS', 'DANIEL SALINAS', 'ACTIVO', 'LINKTIC', '2023-04-12 13:20:58', NULL),
(103, '358', '358 - CPE No. 20-23 - COMPUTADORES PARA EDUCAR', 'ANA GUERRA', 'ACTIVO', 'LINKTIC', '2023-04-12 13:20:58', NULL),
(104, '359', '359 - PÁGINA WEB - POSITIVA - CYMETRIA', 'CAROLINA BETANCOURT', 'ACTIVO', 'CYMETRIA', '2023-04-12 13:20:58', NULL),
(105, '360', '360 - MESA DE AYUDA - EQUIDAD - LINKTIC', 'ANA GUERRA', 'ACTIVO', 'LINKTIC', '2023-04-12 13:20:58', NULL),
(106, '9', '009 - BUS INTEGRACIÓN - POSITIVA - HICOME', 'LUZ FORERO', 'ACTIVO', 'HICOME', '2023-04-12 13:20:58', NULL);

-- --------------------------------------------------------

--
-- Estructura de tabla para la tabla `centro_porcentajes`
--

CREATE TABLE `centro_porcentajes` (
  `id` bigint(20) UNSIGNED NOT NULL,
  `persona_id` bigint(20) UNSIGNED NOT NULL,
  `centro_id` bigint(20) UNSIGNED NOT NULL,
  `porcentaje` bigint(20) NOT NULL,
  `created_at` timestamp NULL DEFAULT NULL,
  `updated_at` timestamp NULL DEFAULT NULL
) ENGINE=InnoDB DEFAULT CHARSET=utf8 COLLATE=utf8_spanish_ci ROW_FORMAT=DYNAMIC;

-- --------------------------------------------------------

--
-- Estructura de tabla para la tabla `contratos`
--

CREATE TABLE `contratos` (
  `id` bigint(20) UNSIGNED NOT NULL,
  `tipo` varchar(255) COLLATE utf8_spanish_ci NOT NULL,
  `created_at` timestamp NULL DEFAULT NULL,
  `updated_at` timestamp NULL DEFAULT NULL
) ENGINE=InnoDB DEFAULT CHARSET=utf8 COLLATE=utf8_spanish_ci ROW_FORMAT=DYNAMIC;

--
-- Volcado de datos para la tabla `contratos`
--

INSERT INTO `contratos` (`id`, `tipo`, `created_at`, `updated_at`) VALUES
(1, 'Indefinido', '2023-04-12 13:20:57', NULL),
(2, 'Prestacion de servicios', '2023-04-12 13:20:57', NULL),
(3, 'Obra Labor', '2023-04-12 13:20:57', NULL),
(4, 'Preguntar a Oscar ', '2023-04-12 13:20:57', NULL),
(5, 'Prestacion de servicios por entregables', '2023-04-12 13:20:57', NULL),
(6, 'Pendiente respuesta marcela', '2023-04-12 13:20:57', NULL),
(7, 'Miguel gomez', '2023-04-12 13:20:57', NULL),
(8, 'Aprendizaje', '2023-04-12 13:20:57', NULL);

-- --------------------------------------------------------

--
-- Estructura de tabla para la tabla `correo_corporativos`
--

CREATE TABLE `correo_corporativos` (
  `id` bigint(20) UNSIGNED NOT NULL,
  `persona_id` bigint(20) UNSIGNED NOT NULL,
  `centro_id` bigint(20) UNSIGNED NOT NULL,
  `dominio_empresa_id` bigint(20) UNSIGNED NOT NULL,
  `correo` varchar(255) COLLATE utf8_spanish_ci NOT NULL,
  `estado` varchar(30) COLLATE utf8_spanish_ci NOT NULL,
  `tiket` bigint(20) NOT NULL,
  `fec_creacion` date NOT NULL,
  `costo` bigint(20) NOT NULL DEFAULT 0,
  `observaciones` longtext COLLATE utf8_spanish_ci NOT NULL,
  `created_at` timestamp NULL DEFAULT NULL,
  `updated_at` timestamp NULL DEFAULT NULL
) ENGINE=InnoDB DEFAULT CHARSET=utf8 COLLATE=utf8_spanish_ci ROW_FORMAT=DYNAMIC;

-- --------------------------------------------------------

--
-- Estructura de tabla para la tabla `docutipos`
--

CREATE TABLE `docutipos` (
  `id` bigint(20) UNSIGNED NOT NULL,
  `abreb_id` varchar(10) COLLATE utf8_spanish_ci NOT NULL,
  `tipo_id` varchar(50) COLLATE utf8_spanish_ci NOT NULL,
  `created_at` timestamp NULL DEFAULT NULL,
  `updated_at` timestamp NULL DEFAULT NULL
) ENGINE=InnoDB DEFAULT CHARSET=utf8 COLLATE=utf8_spanish_ci ROW_FORMAT=DYNAMIC;

--
-- Volcado de datos para la tabla `docutipos`
--

INSERT INTO `docutipos` (`id`, `abreb_id`, `tipo_id`, `created_at`, `updated_at`) VALUES
(1, 'CC', 'Cedula de ciudadania', '2023-04-12 13:20:31', NULL),
(2, 'CE', 'Cedula de extranjeria', '2023-04-12 13:20:31', NULL),
(3, 'PA', 'Pasaporte', '2023-04-12 13:20:31', NULL),
(4, 'RC', 'Registro Civil', '2023-04-12 13:20:31', NULL),
(5, 'TI', 'Tarjeta de identidad', '2023-04-12 13:20:31', NULL),
(6, 'NIT', 'Num Identif  Tributaria', '2023-04-12 13:20:31', NULL),
(7, 'PEP', 'Permiso Especial de Permanencia', '2023-04-12 13:20:31', NULL),
(8, 'TMF', 'Tarjeta de Movilidad Fronteriza', '2023-04-12 13:20:31', NULL);

-- --------------------------------------------------------

--
-- Estructura de tabla para la tabla `dominios`
--

CREATE TABLE `dominios` (
  `id` bigint(20) UNSIGNED NOT NULL,
  `categoria_id` bigint(20) UNSIGNED NOT NULL,
  `centro_id` bigint(20) UNSIGNED NOT NULL,
  `persona_id` bigint(20) UNSIGNED NOT NULL,
  `nombre` text COLLATE utf8_spanish_ci NOT NULL,
  `estado` text COLLATE utf8_spanish_ci NOT NULL,
  `fec_vencimiento` date NOT NULL,
  `aprob_renovacion` tinyint(1) NOT NULL DEFAULT 0,
  `tiket_renovacion` text COLLATE utf8_spanish_ci DEFAULT NULL,
  `no_factura` text COLLATE utf8_spanish_ci NOT NULL,
  `valor` bigint(20) NOT NULL,
  `tarj_credito` bigint(20) NOT NULL DEFAULT 0,
  `fec_compra_renovacion` date DEFAULT NULL,
  `observaciones` longtext COLLATE utf8_spanish_ci DEFAULT NULL,
  `created_at` timestamp NULL DEFAULT NULL,
  `updated_at` timestamp NULL DEFAULT NULL
) ENGINE=InnoDB DEFAULT CHARSET=utf8 COLLATE=utf8_spanish_ci ROW_FORMAT=DYNAMIC;

-- --------------------------------------------------------

--
-- Estructura de tabla para la tabla `dominio_empresas`
--

CREATE TABLE `dominio_empresas` (
  `id` bigint(20) UNSIGNED NOT NULL,
  `dominio` varchar(255) COLLATE utf8_spanish_ci NOT NULL,
  `created_at` timestamp NULL DEFAULT NULL,
  `updated_at` timestamp NULL DEFAULT NULL
) ENGINE=InnoDB DEFAULT CHARSET=utf8 COLLATE=utf8_spanish_ci ROW_FORMAT=DYNAMIC;

--
-- Volcado de datos para la tabla `dominio_empresas`
--

INSERT INTO `dominio_empresas` (`id`, `dominio`, `created_at`, `updated_at`) VALUES
(1, 'linktic.co', '2023-04-12 13:20:57', NULL),
(2, 'vendeporinternet.co', '2023-04-12 13:20:57', NULL),
(3, 'hicome.co', '2023-04-12 13:20:57', NULL),
(4, '3tcapital.co', '2023-04-12 13:20:57', NULL),
(5, 'quierovenderenlinea.co', '2023-04-12 13:20:57', NULL),
(6, 'mas57.co', '2023-04-12 13:20:57', NULL),
(7, 'fincarsas.com', '2023-04-12 13:20:57', NULL),
(8, 'andresforero.co', '2023-04-12 13:20:57', NULL),
(9, 'joseluiscorrea.co', '2023-04-12 13:20:57', NULL),
(10, 'miguelgutierrez.com.co', '2023-04-12 13:20:57', NULL),
(11, 'nataliabedoya.com.co', '2023-04-12 13:20:57', NULL),
(12, 'tictur.org', '2023-04-12 13:20:57', NULL),
(13, 'yaktil.com', '2023-04-12 13:20:57', NULL),
(14, 'convocatoriaturismo.co', '2023-04-12 13:20:57', NULL),
(15, 'eduklab.co', '2023-04-12 13:20:57', NULL),
(16, 'tuvitrina.co', '2023-04-12 13:20:57', NULL),
(17, 'expone.co', '2023-04-12 13:20:57', NULL),
(18, 'wimbu.co ', '2023-04-12 13:20:57', NULL),
(19, 'hidestiny.co', '2023-04-12 13:20:57', NULL),
(20, 'keepsalud.co', '2023-04-12 13:20:57', NULL),
(21, 'linktic.com', '2023-04-12 13:20:57', NULL),
(22, 'bankco.co', '2023-04-12 13:20:57', NULL),
(23, 'negos.co', '2023-04-12 13:20:57', NULL),
(24, 'eduklab2022.com', '2023-04-12 13:20:57', NULL),
(25, 'vendeenlinea.com.co', '2023-04-12 13:20:57', NULL),
(26, 'dantepet.co', '2023-04-12 13:20:57', NULL);

-- --------------------------------------------------------

--
-- Estructura de tabla para la tabla `equipos`
--

CREATE TABLE `equipos` (
  `id` bigint(20) UNSIGNED NOT NULL,
  `categoria_id` bigint(20) UNSIGNED NOT NULL,
  `estado_elemento_id` bigint(20) UNSIGNED NOT NULL,
  `pertenencia` text COLLATE utf8_spanish_ci NOT NULL,
  `proveedor` text COLLATE utf8_spanish_ci DEFAULT NULL,
  `fabricante` text COLLATE utf8_spanish_ci DEFAULT NULL,
  `serial` text COLLATE utf8_spanish_ci DEFAULT NULL,
  `modelo` text COLLATE utf8_spanish_ci DEFAULT NULL,
  `sistema_op` text COLLATE utf8_spanish_ci DEFAULT NULL,
  `ult_actualizacion` text COLLATE utf8_spanish_ci DEFAULT NULL,
  `procesador` text COLLATE utf8_spanish_ci DEFAULT NULL,
  `disco` text COLLATE utf8_spanish_ci DEFAULT NULL,
  `ram` text COLLATE utf8_spanish_ci DEFAULT NULL,
  `tarjeta_video` text COLLATE utf8_spanish_ci DEFAULT NULL,
  `puertos` text COLLATE utf8_spanish_ci DEFAULT NULL,
  `otras_caracteristicas` longtext COLLATE utf8_spanish_ci DEFAULT NULL,
  `fecha_compra` text COLLATE utf8_spanish_ci DEFAULT NULL,
  `uso_estimado` text COLLATE utf8_spanish_ci DEFAULT NULL,
  `observaciones` longtext COLLATE utf8_spanish_ci DEFAULT NULL,
  `created_at` timestamp NULL DEFAULT NULL,
  `updated_at` timestamp NULL DEFAULT NULL
) ENGINE=InnoDB DEFAULT CHARSET=utf8 COLLATE=utf8_spanish_ci ROW_FORMAT=DYNAMIC;

-- --------------------------------------------------------

--
-- Estructura de tabla para la tabla `equipo_rentados`
--

CREATE TABLE `equipo_rentados` (
  `id` bigint(20) UNSIGNED NOT NULL,
  `proveedor_rentado_id` bigint(20) UNSIGNED NOT NULL,
  `centro_costo_id` bigint(20) UNSIGNED NOT NULL,
  `sub_centro_costo_id` bigint(20) UNSIGNED DEFAULT NULL,
  `rentado_responsable_id` bigint(20) UNSIGNED NOT NULL,
  `rentado_tipo_id` bigint(20) UNSIGNED NOT NULL,
  `serial` varchar(100) COLLATE utf8_spanish_ci NOT NULL,
  `codigo` varchar(100) COLLATE utf8_spanish_ci NOT NULL,
  `ticket` bigint(20) NOT NULL,
  `valor` bigint(20) NOT NULL DEFAULT 0,
  `fecha_entrega` date NOT NULL,
  `fecha_devolucion` date DEFAULT NULL,
  `rentado_estado_id` bigint(20) UNSIGNED NOT NULL DEFAULT 1,
  `observaciones` longtext COLLATE utf8_spanish_ci DEFAULT NULL,
  `created_at` timestamp NULL DEFAULT NULL,
  `updated_at` timestamp NULL DEFAULT NULL
) ENGINE=InnoDB DEFAULT CHARSET=utf8 COLLATE=utf8_spanish_ci ROW_FORMAT=DYNAMIC;

--
-- Volcado de datos para la tabla `equipo_rentados`
--

INSERT INTO `equipo_rentados` (`id`, `proveedor_rentado_id`, `centro_costo_id`, `sub_centro_costo_id`, `rentado_responsable_id`, `rentado_tipo_id`, `serial`, `codigo`, `ticket`, `valor`, `fecha_entrega`, `fecha_devolucion`, `rentado_estado_id`, `observaciones`, `created_at`, `updated_at`) VALUES
(1, 1, 37, NULL, 24, 1, 'SPF0FGKZ4', '66827', 9343, 97900, '2022-04-20', '2022-08-17', 2, '', '2023-04-12 13:21:00', NULL),
(2, 1, 37, NULL, 24, 1, '5CG5382MM9', '64651', 9343, 97900, '2022-04-20', '2022-08-17', 2, '', '2023-04-12 13:21:00', NULL),
(3, 1, 37, NULL, 24, 1, '5CG5382N2B', '64624', 9343, 97900, '2022-04-20', '2022-08-17', 2, '', '2023-04-12 13:21:00', NULL),
(4, 1, 37, NULL, 24, 1, '5CG5371GCH', '63703', 9343, 97900, '2022-04-20', '2022-08-17', 2, '', '2023-04-12 13:21:00', NULL),
(5, 1, 37, NULL, 24, 1, '5CG5371MYB', '63859', 9343, 97900, '2022-04-20', '2022-08-17', 2, '', '2023-04-12 13:21:00', NULL),
(6, 1, 37, NULL, 24, 1, '5CG53737QL', '64047', 9343, 97900, '2022-04-20', '2022-08-17', 2, '', '2023-04-12 13:21:00', NULL),
(7, 1, 37, NULL, 24, 1, '5CG5382SYP', '64621', 9343, 97900, '2022-04-20', '2022-08-17', 2, '', '2023-04-12 13:21:00', NULL),
(8, 1, 37, NULL, 24, 1, '5CG5382SYZ', '64523', 9343, 97900, '2022-04-20', '2022-08-17', 2, '', '2023-04-12 13:21:00', NULL),
(9, 1, 37, NULL, 24, 1, 'SMP127Y1Q', '68121', 9343, 97900, '2022-04-20', '2022-08-17', 2, '', '2023-04-12 13:21:00', NULL),
(10, 1, 37, NULL, 24, 1, '5CG5517KCR', '66260', 9343, 97900, '2022-04-20', '2022-08-17', 2, '', '2023-04-12 13:21:00', NULL),
(11, 1, 37, NULL, 24, 1, '5CG5517MB5', '66299', 9343, 97900, '2022-04-20', '2022-08-17', 2, '', '2023-04-12 13:21:00', NULL),
(12, 1, 37, NULL, 24, 1, 'SMP12AZJN', '68024', 9343, 97900, '2022-04-20', '2022-08-17', 2, '', '2023-04-12 13:21:00', NULL),
(13, 1, 37, NULL, 24, 1, '5CG419DMRW', '61404', 9343, 97900, '2022-04-20', '2022-08-17', 2, '', '2023-04-12 13:21:00', NULL),
(14, 1, 37, NULL, 24, 1, '5CG420F6ZY', '60598', 9343, 97900, '2022-04-20', '2022-08-17', 2, '', '2023-04-12 13:21:00', NULL),
(15, 1, 37, NULL, 24, 1, 'CND42257FJ', '62160', 9343, 97900, '2022-04-20', '2022-08-17', 2, '', '2023-04-12 13:21:00', NULL),
(16, 1, 37, NULL, 24, 1, '5CG50748PP', '62531', 9343, 97900, '2022-04-20', '2022-08-17', 2, '', '2023-04-12 13:21:00', NULL),
(17, 1, 37, NULL, 24, 1, '5CG420F7VL', '60609', 9343, 97900, '2022-04-20', '2022-08-17', 2, '', '2023-04-12 13:21:00', NULL),
(18, 1, 20, NULL, 22, 2, 'MXL85035XK', 'MXL85035XK', 5110, 200000, '2019-07-05', '2021-09-15', 2, '', '2023-04-12 13:21:00', NULL),
(19, 1, 20, NULL, 22, 2, 'MXL8512KFZ', 'MXL8512KFZ', 5110, 200000, '2019-07-05', '2021-09-15', 2, '', '2023-04-12 13:21:00', NULL),
(20, 1, 20, NULL, 22, 2, 'MXL8512J9Y', 'MXL8512J9Y', 5110, 200000, '2019-07-05', '2021-09-15', 2, '', '2023-04-12 13:21:00', NULL),
(21, 1, 20, NULL, 22, 2, 'MXL8512JBZ', 'MXL8512JBZ', 5110, 200000, '2019-07-05', '2021-09-15', 2, '', '2023-04-12 13:21:00', NULL),
(22, 1, 20, NULL, 22, 2, 'MXL8512JB4', 'MXL8512JB4', 5110, 200000, '2019-07-05', '2021-09-15', 2, '', '2023-04-12 13:21:00', NULL),
(23, 1, 20, NULL, 22, 2, 'MXL85035D8', 'MXL85035D8', 5110, 200000, '2019-07-05', '2021-09-15', 2, '', '2023-04-12 13:21:00', NULL),
(24, 1, 20, NULL, 22, 2, 'MXL8512J7L', 'MXL8512J7L', 5110, 200000, '2019-07-05', '2021-09-15', 2, '', '2023-04-12 13:21:00', NULL),
(25, 2, 20, NULL, 22, 1, 'RC11176', 'RC11176', 5854, 100000, '2020-07-21', '2021-08-03', 2, '', '2023-04-12 13:21:00', NULL),
(26, 2, 20, NULL, 22, 1, 'RC11177', 'RC11177', 5854, 100000, '2020-07-21', '2021-04-07', 2, '', '2023-04-12 13:21:00', NULL),
(27, 2, 20, NULL, 22, 1, 'RC16678', 'RC16678', 5880, 189000, '2020-08-14', '2021-08-03', 2, '', '2023-04-12 13:21:00', NULL),
(28, 2, 20, NULL, 22, 1, 'RC16677', 'RC16677', 6234, 189000, '2020-09-15', '2021-08-03', 2, '', '2023-04-12 13:21:00', NULL),
(29, 2, 20, NULL, 22, 1, 'RC15934', 'RC15934', 6335, 189000, '2020-09-19', '2021-08-03', 2, '', '2023-04-12 13:21:00', NULL),
(30, 2, 20, NULL, 22, 1, 'RC16679', 'RC16679', 6335, 189000, '2020-10-06', '2021-08-03', 2, '', '2023-04-12 13:21:00', NULL),
(31, 2, 20, NULL, 22, 1, 'RC13706', 'RC13706', 6335, 189900, '2020-10-08', '2021-08-03', 2, '', '2023-04-12 13:21:00', NULL),
(32, 3, 20, NULL, 22, 5, 'MXQ44704L9', 'MXQ44704L9', 6513, 720000, '2020-10-15', '2021-08-05', 2, '', '2023-04-12 13:21:00', NULL),
(33, 2, 20, NULL, 22, 1, 'AS20383', 'AS20383', 6714, 189000, '2020-12-16', '2021-08-03', 2, '', '2023-04-12 13:21:00', NULL),
(34, 1, 27, NULL, 12, 1, '5CG5382VK5', '64620', 6781, 105000, '2021-02-15', '2022-02-16', 2, '', '2023-04-12 13:21:00', NULL),
(35, 1, 27, NULL, 12, 1, '5CG1081FV1', '86956', 6860, 105000, '2021-02-23', '2021-09-03', 2, '', '2023-04-12 13:21:00', NULL),
(36, 1, 27, NULL, 12, 1, '5CD8400W31', '79038', 6860, 105000, '2021-02-23', '2021-10-06', 2, '', '2023-04-12 13:21:00', NULL),
(37, 1, 27, NULL, 12, 1, 'CATNBC15G628HP', '72337', 6990, 95000, '2021-03-29', '2021-10-06', 2, '', '2023-04-12 13:21:00', NULL),
(38, 1, 27, NULL, 12, 1, 'SYD036505H', '59422', 6990, 95000, '2021-04-27', '2021-12-14', 2, '', '2023-04-12 13:21:00', NULL),
(39, 1, 27, NULL, 12, 1, 'SWB14557310', '60535', 6990, 95000, '2021-04-27', '2021-10-06', 2, '', '2023-04-12 13:21:00', NULL),
(40, 1, 27, NULL, 17, 1, '5CG9179373', '87226', 7047, 105000, '2021-04-27', '2021-12-14', 2, '', '2023-04-12 13:21:00', NULL),
(41, 1, 27, NULL, 12, 1, '5CG3313B4R', '58326', 7149, 95000, '2021-04-27', '2022-02-02', 2, '', '2023-04-12 13:21:00', NULL),
(42, 1, 27, NULL, 12, 1, 'CATNBCI525LEN', '61460', 7149, 95000, '2021-04-27', '2021-12-03', 2, '', '2023-04-12 13:21:00', NULL),
(43, 1, 27, NULL, 12, 1, '5CG3163RJ4', '57995', 7345, 95000, '2021-06-09', '2021-10-15', 2, '', '2023-04-12 13:21:00', NULL),
(44, 1, 27, NULL, 12, 1, '5CG3386FK8', '58584', 7345, 95000, '2021-07-29', '2022-02-04', 2, '', '2023-04-12 13:21:00', NULL),
(45, 1, 27, NULL, 12, 1, '1S59404819WB13766505', '60283', 7345, 95000, '2021-07-29', '2021-08-30', 2, '', '2023-04-12 13:21:00', NULL),
(46, 1, 27, NULL, 12, 1, '5CG4522FJS', '62764', 7345, 95000, '2021-07-29', '2021-11-30', 2, '', '2023-04-12 13:21:00', NULL),
(47, 1, 27, NULL, 12, 1, '5CG3160744', '57786', 7345, 95000, '2021-07-29', '2022-09-12', 2, '', '2023-04-12 13:21:00', NULL),
(48, 1, 27, NULL, 12, 1, '5CD7349XM9', '74480', 7345, 95000, '2021-07-29', '2022-09-01', 2, '', '2023-04-12 13:21:00', NULL),
(49, 1, 27, NULL, 12, 1, 'HYXT91RD500157', '57169', 7345, 95000, '2021-09-01', NULL, 2, '', '2023-04-12 13:21:00', NULL),
(50, 1, 27, NULL, 12, 1, '5CD6304TVD', '68250', 7845, 95000, '2021-09-16', NULL, 2, '', '2023-04-12 13:21:00', NULL),
(51, 1, 27, NULL, 12, 1, '5CD8066T59', '76478', 7845, 163000, '2021-09-16', '2021-11-09', 2, '', '2023-04-12 13:21:00', NULL),
(52, 1, 37, NULL, 24, 1, '5CG95019ZQ', '82480', 7845, 129000, '2021-09-16', '2022-02-02', 2, '', '2023-04-12 13:21:00', NULL),
(53, 1, 37, NULL, 29, 1, 'NXVBXAL003639062976600', '80612', 7845, 129000, '2021-10-14', '2022-01-11', 2, '', '2023-04-12 13:21:00', NULL),
(54, 1, 37, NULL, 29, 1, '5CG8063GSF', '77916', 7845, 163000, '2021-10-14', '2022-02-02', 2, '', '2023-04-12 13:21:00', NULL),
(55, 1, 37, NULL, 24, 1, '5CG0347YLP', 'RC16470', 7845, 129000, '2021-10-27', '2021-12-13', 2, '', '2023-04-12 13:21:00', NULL),
(56, 1, 37, NULL, 24, 1, '5CD8326JVD', '78385', 7845, 129000, '2021-12-16', NULL, 2, '', '2023-04-12 13:21:00', NULL),
(57, 1, 43, NULL, 23, 1, '5CG721439V', '73240', 8019, 105000, '2022-02-07', '2022-02-28', 2, '', '2023-04-12 13:21:00', NULL),
(58, 1, 43, NULL, 23, 1, 'NXVBXAL003639062976600', '74849', 8019, 105000, '2022-02-07', '2022-04-01', 2, '', '2023-04-12 13:21:00', NULL),
(59, 1, 43, NULL, 23, 1, 'SLR085SDU', '66811', 8019, 105000, '2022-02-22', NULL, 2, '', '2023-04-12 13:21:00', NULL),
(60, 1, 43, NULL, 23, 1, '5CG71228NR', '72370', 8019, 105000, '2022-02-23', '2022-05-03', 2, '', '2023-04-12 13:21:00', NULL),
(61, 1, 43, NULL, 23, 1, 'NXVBXAL0036390626B6600', '74878', 8019, 105000, '2022-02-23', '2022-04-01', 2, '', '2023-04-12 13:21:00', NULL),
(62, 1, 27, NULL, 12, 1, '5CG5382THH', '64582', 8102, 95000, '2022-02-23', '2022-05-03', 4, '', '2023-04-12 13:21:00', NULL),
(63, 1, 27, NULL, 12, 1, 'CND51086XZ', '63334', 8102, 95000, '2022-02-23', '2022-05-03', 4, '', '2023-04-12 13:21:00', NULL),
(64, 1, 27, NULL, 12, 1, 'CB32110091CB04072536', '61537', 8102, 95000, '2022-02-23', '2022-05-03', 4, '', '2023-04-12 13:21:00', NULL),
(65, 1, 27, NULL, 12, 1, 'NXVBXAL003639062016600', '74877', 8102, 95000, '2022-02-23', '2022-05-03', 2, '', '2023-04-12 13:21:00', NULL),
(66, 1, 27, NULL, 12, 1, 'NXVBXAL003639062016600', '74885', 8102, 95000, '2022-02-23', '2022-05-03', 2, '', '2023-04-12 13:21:00', NULL),
(67, 1, 27, NULL, 12, 1, '5CG5382S5S', '64558', 8102, 95000, '2022-02-23', '2022-05-03', 2, '', '2023-04-12 13:21:00', NULL),
(68, 1, 27, NULL, 12, 1, '5CG5382TGY', '64617', 8102, 95000, '2022-03-18', '2022-09-01', 2, '', '2023-04-12 13:21:00', NULL),
(69, 1, 27, NULL, 12, 1, 'SPF0F3YTC', '66835', 8102, 95000, '2022-03-18', NULL, 2, '', '2023-04-12 13:21:00', NULL),
(70, 1, 27, NULL, 12, 1, '5CG5382LPB', '64220', 8102, 95000, '2022-03-18', '2022-10-03', 2, '', '2023-04-12 13:21:00', NULL),
(71, 1, 27, NULL, 12, 1, '5CG5371GD0', '63783', 8102, 95000, '2022-03-18', '2022-06-06', 2, '', '2023-04-12 13:21:00', NULL),
(72, 1, 27, NULL, 12, 1, 'SMP129NU3', '68097', 8102, 95000, '2022-03-23', '2022-05-03', 2, '', '2023-04-12 13:21:00', NULL),
(73, 1, 27, NULL, 12, 1, '5CG5517LSQ - 5CG7214386', '73230', 8102, 95000, '2022-03-23', '2022-05-03', 2, '', '2023-04-12 13:21:00', NULL),
(74, 1, 42, NULL, 11, 1, '5CG9026864', '79030', 8298, 183000, '2022-03-25', '2022-10-03', 2, '', '2023-04-12 13:21:00', NULL),
(75, 1, 27, NULL, 2, 1, '5CG1081LT0', 'AS25623', 8184, 129000, '2022-03-25', '2022-09-01', 2, '', '2023-04-12 13:21:00', NULL),
(76, 1, 42, NULL, 1, 1, '5CG0347QB2', '84548', 8292, 139000, '2022-04-20', '2022-07-19', 2, '', '2023-04-12 13:21:00', NULL),
(77, 2, 37, NULL, 24, 1, '5CG1101VLZ', 'RC17604', 8509, 149000, '2022-04-20', '2022-07-19', 3, '', '2023-04-12 13:21:00', NULL),
(78, 1, 37, NULL, 24, 1, '5CD8326K32', '78493', 8852, 143000, '2022-04-20', '2022-07-19', 2, '', '2023-04-12 13:21:00', NULL),
(79, 1, 43, NULL, 23, 1, 'FM0ZYH3', '90346', 8745, 249000, '2022-04-20', '2022-07-19', 2, '', '2023-04-12 13:21:00', NULL),
(80, 1, 39, NULL, 13, 1, 'DMY4HJ3', '90359', 8727, 249000, '2022-04-20', '2022-07-19', 2, '', '2023-04-12 13:21:00', NULL),
(81, 1, 43, NULL, 23, 1, '5CD7349WWD', '74332', 8745, 143000, '2022-04-20', '2022-07-19', 2, '', '2023-04-12 13:21:00', NULL),
(82, 1, 54, NULL, 8, 1, '5CG5371K7R', '63862', 8852, 105000, '2022-04-20', '2022-07-19', 2, '', '2023-04-12 13:21:00', NULL),
(83, 1, 54, NULL, 8, 1, '5CG5382TBW', '64526', 8852, 105000, '2022-04-20', '2022-07-19', 2, '', '2023-04-12 13:21:00', NULL),
(84, 1, 54, NULL, 8, 1, '5CG5382X50', '64525', 8852, 105000, '2022-04-20', '2022-07-19', 2, '', '2023-04-12 13:21:00', NULL),
(85, 1, 54, NULL, 8, 1, '5CG5382V27', '64300', 8852, 105000, '2022-04-20', '2022-07-19', 2, '', '2023-04-12 13:21:00', NULL),
(86, 1, 54, NULL, 8, 1, '5CG435517L77', '66306', 8852, 105000, '2022-04-20', '2022-06-28', 2, '', '2023-04-12 13:21:00', NULL),
(87, 1, 54, NULL, 8, 1, '5CG43637PF', '61686', 8852, 105000, '2022-04-20', '2022-07-19', 2, '', '2023-04-12 13:21:00', NULL),
(88, 1, 54, NULL, 8, 1, '5CG5371H15', '63777', 8852, 105000, '2022-04-20', '2022-06-28', 2, '', '2023-04-12 13:21:00', NULL),
(89, 1, 54, NULL, 8, 1, '5CG420F71Y', '60627', 8852, 105000, '2022-04-20', NULL, 2, '', '2023-04-12 13:21:00', NULL),
(90, 1, 37, NULL, 24, 1, '5CD9082CGV', '79206', 8996, 143000, '2022-04-20', '2022-05-24', 2, '', '2023-04-12 13:21:00', NULL),
(91, 1, 37, NULL, 24, 1, '5CD8326JQS', '78393', 8996, 143000, '2022-04-20', NULL, 2, '', '2023-04-12 13:21:00', NULL),
(92, 1, 54, NULL, 19, 1, '5CG0145864', '82857', 9007, 143000, '2022-04-28', '2022-10-06', 2, '', '2023-04-12 13:21:00', NULL),
(93, 1, 37, NULL, 24, 1, '5DC9122KW2', '79404', 8996, 143000, '2022-04-29', '2022-08-19', 2, '', '2023-04-12 13:21:00', NULL),
(94, 1, 44, NULL, 8, 1, '5CG94348JQ', '81540', 9091, 105000, '2022-05-02', NULL, 2, '', '2023-04-12 13:21:00', NULL),
(95, 1, 44, NULL, 8, 1, '5CG924CCMG', '80577', 9091, 105000, '2022-05-02', '2022-08-11', 2, '', '2023-04-12 13:21:00', NULL),
(96, 1, 59, NULL, 8, 1, '5CG1075F9B', '89711', 9105, 105000, '2022-08-29', NULL, 2, '', '2023-04-12 13:21:00', NULL),
(97, 1, 37, NULL, 24, 1, '5CD8326JXX', '78374', 9270, 105000, '2022-08-29', NULL, 2, '', '2023-04-12 13:21:00', NULL),
(98, 4, 37, NULL, 24, 1, '5CG7154G0C', 'AS17866', 9343, 114000, '2022-09-02', '2022-12-29', 2, '', '2023-04-12 13:21:00', NULL),
(99, 4, 37, NULL, 24, 1, '5CG72143YP', 'AS17975', 9343, 114000, '2022-09-02', '2022-12-29', 2, '', '2023-04-12 13:21:00', NULL),
(100, 4, 37, NULL, 24, 1, '5CG72144S5', 'AS17996', 9343, 114000, '2022-09-02', '2022-12-29', 2, '', '2023-04-12 13:21:00', NULL),
(101, 4, 37, NULL, 24, 1, '5CG72143PY', 'AS18013', 9343, 114000, '2022-09-02', '2022-12-29', 2, '', '2023-04-12 13:21:00', NULL),
(102, 4, 37, NULL, 24, 1, '5CG71317FQ', 'AS17506', 9343, 114000, '2022-09-02', '2022-12-29', 2, '', '2023-04-12 13:21:00', NULL),
(103, 4, 37, NULL, 24, 1, '5CG4310W1S', 'AS13524', 9343, 114000, '2022-09-02', '2022-12-29', 2, '', '2023-04-12 13:21:00', NULL),
(104, 4, 37, NULL, 24, 1, '5CG4351YWT', 'AS13894', 9343, 114000, '2022-09-02', '2022-12-29', 2, '', '2023-04-12 13:21:00', NULL),
(105, 4, 37, NULL, 24, 1, '5CG50745SG', 'AS14301', 9343, 114000, '2022-09-02', '2022-12-29', 2, '', '2023-04-12 13:21:00', NULL),
(106, 4, 37, NULL, 24, 1, 'SMP11ZG1C', 'AS16569', 9343, 114000, '2022-09-02', NULL, 2, '', '2023-04-12 13:21:00', NULL),
(107, 4, 37, NULL, 24, 1, '5CG7124HTP', 'AS17778', 9343, 114000, '2022-09-02', NULL, 2, '', '2023-04-12 13:21:00', NULL),
(108, 4, 37, NULL, 24, 1, 'SLR08KMBS', 'AS17595', 9343, 114000, '2022-09-02', '2022-12-29', 2, '', '2023-04-12 13:21:00', NULL),
(109, 4, 37, NULL, 24, 1, 'SLR08KM4P', 'AS17604', 9343, 114000, '2022-09-02', NULL, 2, '', '2023-04-12 13:21:00', NULL),
(110, 4, 37, NULL, 24, 1, 'SLR08KM4S', 'AS17610', 9343, 114000, '2022-09-02', '2022-12-29', 2, '', '2023-04-12 13:21:00', NULL),
(111, 4, 37, NULL, 24, 1, '5CG7124H5C', 'AS17745', 9343, 114000, '2022-09-02', NULL, 2, '', '2023-04-12 13:21:00', NULL),
(112, 4, 37, NULL, 24, 1, '5CG74159K5', 'AS20171', 9343, 114000, '2022-09-02', '2022-12-29', 2, '', '2023-04-12 13:21:00', NULL),
(113, 4, 37, NULL, 24, 1, '5CG4320MCL', 'AS13514', 9343, 114000, '2022-09-02', NULL, 2, '', '2023-04-12 13:21:00', NULL),
(114, 4, 37, NULL, 24, 1, '5CG4320MB8', 'AS13520', 9343, 114000, '2022-09-09', NULL, 2, '', '2023-04-12 13:21:00', NULL),
(115, 4, 37, NULL, 24, 1, '5CB40958WD', 'AS12539', 9343, 114000, '2022-09-09', NULL, 2, 'AS7436', '2023-04-12 13:21:00', NULL),
(116, 4, 37, NULL, 24, 1, 'SPF0DZ5YM', 'AS16308', 9343, 114000, '2022-09-09', NULL, 2, '', '2023-04-12 13:21:00', NULL),
(117, 4, 37, NULL, 24, 1, '5CB4074T7N', 'AS12612', 9343, 114000, '2022-09-09', NULL, 2, 'AS10241', '2023-04-12 13:21:00', NULL),
(118, 1, 59, NULL, 28, 1, 'SPF0FM43G', '66815', 9343, 97900, '2022-09-09', NULL, 2, '', '2023-04-12 13:21:00', NULL),
(119, 1, 37, NULL, 24, 1, '5CG43521NS', '61856', 9343, 97900, '2022-09-09', NULL, 2, '', '2023-04-12 13:21:00', NULL),
(120, 1, 59, NULL, 28, 1, '5CG4522FD9', '62777', 9343, 97900, '2022-09-09', NULL, 2, '73520', '2023-04-12 13:21:00', NULL),
(121, 1, 37, NULL, 24, 1, '5CG9382JNT', '81206', 9320, 123000, '2022-09-09', NULL, 2, '', '2023-04-12 13:21:00', NULL),
(122, 1, 37, NULL, 24, 1, '5CG5517J9D', '66246', 9321, 123000, '2022-09-09', NULL, 2, '', '2023-04-12 13:21:00', NULL),
(123, 1, 60, NULL, 29, 1, '5CD208FYXQ', '91771', 9484, 189000, '2022-09-09', NULL, 2, '', '2023-04-12 13:21:00', NULL),
(124, 1, 60, NULL, 29, 1, 'NXVATAL001535020583400', '68378', 9484, 98000, '2022-09-09', NULL, 2, '61746', '2023-04-12 13:21:00', NULL),
(125, 5, 46, NULL, 10, 1, '5CD2245BDD', '65673', 10435, 220000, '2022-09-09', NULL, 3, '5CD208G03V -- 65990', '2023-04-12 13:21:00', NULL),
(126, 5, 33, NULL, 10, 1, '5CD2245B9S', '65672', 10435, 220000, '2022-09-09', NULL, 3, '', '2023-04-12 13:21:01', NULL),
(127, 5, 79, NULL, 4, 1, '5CD2245BDX', '65675', 10435, 220000, '2022-09-09', NULL, 3, '', '2023-04-12 13:21:01', NULL),
(128, 5, 66, NULL, 26, 1, '5CD2245B8Y', '65676', 10435, 220000, '2022-09-09', NULL, 1, '', '2023-04-12 13:21:01', NULL),
(129, 5, 37, NULL, 24, 1, '5CD211HGPB', '63778', 10490, 155000, '2022-09-09', NULL, 2, '', '2023-04-12 13:21:01', NULL),
(130, 5, 37, NULL, 24, 1, '5CD211HGVX', '63777', 10490, 155000, '2022-09-09', NULL, 2, '', '2023-04-12 13:21:01', NULL),
(131, 5, 37, NULL, 24, 1, '5CD211HGW5', '63737', 10490, 155000, '2022-11-09', '2022-12-29', 2, '', '2023-04-12 13:21:01', NULL),
(132, 5, 37, NULL, 24, 1, '5CD211HGZX', '63738', 10490, 155000, '2022-11-09', NULL, 2, '', '2023-04-12 13:21:01', NULL),
(133, 5, 37, NULL, 24, 1, '5CD211HGSP', '63776', 10490, 155000, '2022-11-09', '2022-12-29', 2, '', '2023-04-12 13:21:01', NULL),
(134, 5, 37, NULL, 24, 1, '5CD211HH15', '63736', 10490, 155000, '2022-11-09', NULL, 2, '', '2023-04-12 13:21:01', NULL),
(135, 5, 37, NULL, 24, 1, '5CD211HGV7', '63739', 10490, 155000, '2022-11-09', '2022-12-29', 2, '', '2023-04-12 13:21:01', NULL),
(136, 5, 37, NULL, 24, 1, '5CD211HGXZ', '63734', 10490, 155000, '2022-11-10', NULL, 2, '', '2023-04-12 13:21:01', NULL),
(137, 5, 37, NULL, 24, 1, '5CD211HGX5', '63735', 10490, 155000, '2022-11-10', NULL, 2, '', '2023-04-12 13:21:01', NULL),
(138, 5, 37, NULL, 24, 1, '5CD211HGYY', '63741', 10490, 155000, '2022-11-10', '2022-12-29', 2, '', '2023-04-12 13:21:01', NULL),
(139, 5, 37, NULL, 24, 1, '5CD211HGWS', '63775', 10490, 155000, '2022-11-10', '2022-12-29', 3, '', '2023-04-12 13:21:01', NULL),
(140, 5, 46, NULL, 7, 1, '5CD211HGQJ', '63733', 10490, 155000, '2022-11-10', '2022-12-29', 3, '', '2023-04-12 13:21:01', NULL),
(141, 5, 37, NULL, 24, 1, '5CD211HGX7', '63743', 10490, 155000, '2022-11-10', '2022-12-29', 2, '', '2023-04-12 13:21:01', NULL),
(142, 5, 37, NULL, 24, 1, '5CD211HH07', '63774', 10490, 155000, '2022-11-10', '2022-12-29', 3, '', '2023-04-12 13:21:01', NULL),
(143, 5, 37, NULL, 24, 1, '5CD211HGBQ', '63779', 10490, 155000, '2022-11-10', '2022-12-29', 2, '', '2023-04-12 13:21:01', NULL),
(144, 5, 69, NULL, 7, 1, '5CD211HGQ2', '63732', 10490, 155000, '2022-11-10', '2022-12-29', 3, '', '2023-04-12 13:21:01', NULL),
(145, 5, 37, NULL, 24, 1, '5CD211HGYQ', '63772', 10490, 155000, '2022-11-10', '2022-12-29', 2, '', '2023-04-12 13:21:01', NULL),
(146, 5, 37, NULL, 6, 1, '5CD211HGQL', '63742', 10490, 155000, '2022-11-10', '2022-12-29', 3, '', '2023-04-12 13:21:01', NULL),
(147, 5, 37, NULL, 24, 1, '5CD211HGYK', '63809', 9320, 155000, '2022-11-10', '2022-12-29', 3, '', '2023-04-12 13:21:01', NULL),
(148, 5, 74, NULL, 27, 1, '5CD211HGQ6', '63820', 9320, 155000, '2022-11-10', NULL, 3, '', '2023-04-12 13:21:01', NULL),
(149, 5, 37, NULL, 24, 1, '5CD211HGY4', '63807', 9320, 155000, '2022-11-10', '2022-12-29', 3, '', '2023-04-12 13:21:01', NULL),
(150, 5, 60, NULL, 29, 1, '5CD211HGQP', '63819', 9320, 155000, '2022-11-10', '2022-12-29', 1, '', '2023-04-12 13:21:01', NULL),
(151, 5, 60, NULL, 29, 1, '5CD211HGWT', '63817', 9320, 155000, '2022-11-10', '2022-12-29', 3, '', '2023-04-12 13:21:01', NULL),
(152, 5, 46, NULL, 7, 1, '5CD211HGVW', '63816', 9320, 155000, '2022-11-10', '2022-12-29', 3, '', '2023-04-12 13:21:01', NULL),
(153, 5, 37, NULL, 24, 1, '5CD211HGWQ', '63812', 9320, 155000, '2022-11-10', '2022-12-29', 3, '', '2023-04-12 13:21:01', NULL),
(154, 5, 92, NULL, 5, 1, '5CD211HGXX', '63826', 9320, 155000, '2022-11-10', '2022-12-29', 3, '', '2023-04-12 13:21:01', NULL),
(155, 5, 43, NULL, 23, 1, '5CD211HGW9', '63815', 9320, 155000, '2022-11-10', '2022-12-29', 3, '', '2023-04-12 13:21:01', NULL),
(156, 5, 37, NULL, 17, 1, '5CD211HGSV', '63824', 9320, 155000, '2022-11-10', '2022-12-29', 3, '', '2023-04-12 13:21:01', NULL),
(157, 5, 37, NULL, 24, 1, '5CD211HGXL', '63823', 9320, 155000, '2022-11-10', '2022-12-29', 3, '', '2023-04-12 13:21:01', NULL),
(158, 5, 37, NULL, 24, 1, '5CD211HGTS', '63811', 9320, 155000, '2022-11-10', '2022-12-29', 3, '', '2023-04-12 13:21:01', NULL),
(159, 5, 45, NULL, 7, 1, '5CD211HH12', '63821', 9320, 155000, '2022-11-10', '2022-12-29', 3, '', '2023-04-12 13:21:01', NULL),
(160, 5, 89, NULL, 7, 1, '5CD211HGPW', '63828', 9320, 155000, '2022-11-10', '2022-12-29', 3, '', '2023-04-12 13:21:01', NULL),
(161, 5, 66, NULL, 26, 1, '5CD211HGRB', '63827', 9320, 155000, '2022-11-10', '2022-12-29', 3, '', '2023-04-12 13:21:01', NULL),
(162, 5, 43, NULL, 23, 1, '5CD211HGQ9', '63831', 9320, 155000, '2022-09-09', NULL, 3, '', '2023-04-12 13:21:01', NULL),
(163, 5, 46, NULL, 10, 1, '5CD211HGVO', '63814', 9320, 155000, '2022-09-09', NULL, 3, '', '2023-04-12 13:21:01', NULL),
(164, 5, 37, NULL, 24, 1, '5CD211HGR5', '63829', 9320, 155000, '2022-09-09', NULL, 3, '', '2023-04-12 13:21:01', NULL),
(165, 5, 37, NULL, 24, 1, '5CD211HGSQ', '63818', 9320, 155000, '2022-09-09', NULL, 3, '', '2023-04-12 13:21:01', NULL),
(166, 5, 37, NULL, 16, 1, '5CD211HH20', '63822', 9320, 155000, '2022-09-09', NULL, 3, '', '2023-04-12 13:21:01', NULL),
(167, 5, 37, NULL, 24, 1, '45V1LL3', '67249', 10844, 158000, '2022-11-09', '2022-12-29', 2, '', '2023-04-12 13:21:01', NULL),
(168, 5, 37, NULL, 24, 1, '43V1LL3', '67246', 10844, 158000, '2022-11-09', NULL, 3, '', '2023-04-12 13:21:01', NULL),
(169, 5, 37, NULL, 24, 1, '65V1LL3', '67245', 10844, 158000, '2022-11-09', NULL, 3, '', '2023-04-12 13:21:01', NULL),
(170, 5, 37, NULL, 24, 1, 'C7TMFL3', '67085', 10844, 158000, '2022-11-09', '2022-12-29', 2, '', '2023-04-12 13:21:01', NULL),
(171, 5, 37, NULL, 24, 1, '39N0KL3', '67313', 10844, 158000, '2022-11-09', NULL, 3, '', '2023-04-12 13:21:01', NULL),
(172, 5, 37, NULL, 24, 1, 'D4N0KL3', '67133', 10844, 158000, '2022-11-09', '2022-12-29', 2, '', '2023-04-12 13:21:01', NULL),
(173, 5, 37, NULL, 7, 1, 'G1V1LL3', '67251', 10844, 158000, '2022-11-10', NULL, 3, '', '2023-04-12 13:21:01', NULL),
(174, 5, 37, NULL, 24, 1, '40V1LL3', '67252', 10844, 158000, '2022-11-10', NULL, 3, '', '2023-04-12 13:21:01', NULL),
(175, 5, 37, NULL, 24, 1, '80V1LL3', '67253', 10844, 158000, '2022-11-10', '2022-12-29', 2, '', '2023-04-12 13:21:01', NULL),
(176, 5, 37, NULL, 24, 1, 'FCT1LL3', '67255', 10844, 158000, '2022-11-10', '2022-12-29', 2, '', '2023-04-12 13:21:01', NULL),
(177, 5, 37, NULL, 24, 1, '1BR1LL3', '67256', 10844, 158000, '2022-11-10', '2022-12-29', 2, '', '2023-04-12 13:21:01', NULL),
(178, 5, 37, NULL, 24, 1, 'DLT1LL3', '67257', 10844, 158000, '2022-11-10', '2022-12-29', 2, '', '2023-04-12 13:21:01', NULL),
(179, 5, 37, NULL, 24, 1, 'H9R1LL3', '67258', 10844, 158000, '2022-11-10', '2022-12-29', 2, '', '2023-04-12 13:21:01', NULL),
(180, 5, 37, NULL, 24, 1, 'B9TMFL3', '67052', 10844, 158000, '2022-11-10', '2022-12-29', 2, '', '2023-04-12 13:21:01', NULL),
(181, 5, 37, NULL, 24, 1, 'F4N0KL3', '67152', 10844, 158000, '2022-11-10', '2022-12-29', 2, '', '2023-04-12 13:21:01', NULL),
(182, 5, 37, NULL, 24, 1, '28N0KL3', '67153', 10844, 158000, '2022-11-10', '2022-12-29', 2, '', '2023-04-12 13:21:01', NULL),
(183, 5, 37, NULL, 24, 1, '51V1LL3', '67269', 10844, 158000, '2022-11-10', '2022-12-29', 2, '', '2023-04-12 13:21:01', NULL),
(184, 5, 37, NULL, 24, 1, '33V1LL3', '67270', 10844, 158000, '2022-11-10', '2022-12-29', 2, '', '2023-04-12 13:21:01', NULL),
(185, 5, 37, NULL, 24, 1, 'B2V1LL3', '67271', 10844, 158000, '2022-11-10', '2022-12-29', 2, '', '2023-04-12 13:21:01', NULL),
(186, 5, 37, NULL, 7, 1, 'DZT1LL3', '67272', 10844, 158000, '2022-11-10', NULL, 3, '', '2023-04-12 13:21:01', NULL),
(187, 5, 37, NULL, 24, 1, 'DJT1LL3', '67273', 10844, 158000, '2022-11-10', '2022-12-29', 2, '', '2023-04-12 13:21:01', NULL),
(188, 5, 89, NULL, 24, 1, '7LT1LL3', '67274', 10844, 158000, '2022-11-10', '2022-12-29', 2, '', '2023-04-12 13:21:01', NULL),
(189, 5, 37, NULL, 24, 1, 'HRF1LL3', '67275', 10844, 158000, '2022-11-10', '2022-12-29', 2, '', '2023-04-12 13:21:01', NULL),
(190, 5, 37, NULL, 24, 1, '32V1LL3', '67276', 10844, 158000, '2022-11-10', '2022-12-29', 2, '', '2023-04-12 13:21:01', NULL),
(191, 5, 37, NULL, 24, 1, '1LT1LL3', '67277', 10844, 158000, '2022-11-10', '2022-12-29', 2, '', '2023-04-12 13:21:01', NULL),
(192, 5, 37, NULL, 24, 1, '71V1LL3', '67278', 10844, 158000, '2022-11-10', '2022-12-29', 2, '', '2023-04-12 13:21:01', NULL),
(193, 5, 37, NULL, 24, 1, '5KT1LL3', '67279', 10844, 158000, '2022-11-10', '2022-12-29', 2, '', '2023-04-12 13:21:01', NULL),
(194, 5, 37, NULL, 24, 1, '3LT1LL3', '67289', 10844, 158000, '2022-11-10', '2022-12-29', 2, '', '2023-04-12 13:21:01', NULL),
(195, 5, 37, NULL, 24, 1, '63V1LL3', '67290', 10844, 158000, '2022-11-10', '2022-12-29', 2, '', '2023-04-12 13:21:01', NULL),
(196, 5, 37, NULL, 24, 1, 'C1V1LL3', '67291', 10844, 158000, '2022-11-10', '2022-12-29', 2, '', '2023-04-12 13:21:01', NULL),
(197, 5, 37, NULL, 24, 1, 'B1V1LL3', '67292', 10844, 158000, '2022-11-10', '2022-12-29', 2, '', '2023-04-12 13:21:01', NULL),
(198, 5, 37, NULL, 24, 1, 'H1V1LL3', '67294', 10844, 158000, '2022-11-10', '2022-12-29', 2, '', '2023-04-12 13:21:01', NULL),
(199, 5, 37, NULL, 24, 1, '41V1LL3', '67296', 10844, 158000, '2022-11-10', '2022-12-29', 2, '', '2023-04-12 13:21:01', NULL),
(200, 5, 37, NULL, 24, 1, 'G2V1LL3', '67297', 10844, 158000, '2022-11-10', '2022-12-29', 2, '', '2023-04-12 13:21:01', NULL),
(201, 5, 37, NULL, 24, 1, '8MT1LL3', '67298', 10844, 158000, '2022-11-10', '2022-12-29', 2, '', '2023-04-12 13:21:01', NULL),
(202, 5, 37, NULL, 24, 1, 'D2V1LL3', '67299', 10844, 158000, '2022-11-10', '2022-12-29', 2, '', '2023-04-12 13:21:01', NULL),
(203, 5, 37, NULL, 24, 1, '14V1LL3', '67300', 10844, 158000, '2022-11-10', '2022-12-29', 2, '', '2023-04-12 13:21:01', NULL);

-- --------------------------------------------------------

--
-- Estructura de tabla para la tabla `estado_elementos`
--

CREATE TABLE `estado_elementos` (
  `id` bigint(20) UNSIGNED NOT NULL,
  `estado` varchar(255) COLLATE utf8_spanish_ci NOT NULL,
  `created_at` timestamp NULL DEFAULT NULL,
  `updated_at` timestamp NULL DEFAULT NULL
) ENGINE=InnoDB DEFAULT CHARSET=utf8 COLLATE=utf8_spanish_ci ROW_FORMAT=DYNAMIC;

-- --------------------------------------------------------

--
-- Estructura de tabla para la tabla `failed_jobs`
--

CREATE TABLE `failed_jobs` (
  `id` bigint(20) UNSIGNED NOT NULL,
  `uuid` varchar(255) COLLATE utf8mb4_unicode_ci NOT NULL,
  `connection` text COLLATE utf8mb4_unicode_ci NOT NULL,
  `queue` text COLLATE utf8mb4_unicode_ci NOT NULL,
  `payload` longtext COLLATE utf8mb4_unicode_ci NOT NULL,
  `exception` longtext COLLATE utf8mb4_unicode_ci NOT NULL,
  `failed_at` timestamp NOT NULL DEFAULT current_timestamp()
) ENGINE=InnoDB DEFAULT CHARSET=utf8mb4 COLLATE=utf8mb4_unicode_ci ROW_FORMAT=DYNAMIC;

-- --------------------------------------------------------

--
-- Estructura de tabla para la tabla `icono`
--

CREATE TABLE `icono` (
  `id` bigint(20) UNSIGNED NOT NULL,
  `nom_icono` varchar(200) COLLATE utf8_spanish_ci NOT NULL,
  `clase_icono` varchar(200) COLLATE utf8_spanish_ci NOT NULL,
  `created_at` timestamp NULL DEFAULT NULL,
  `updated_at` timestamp NULL DEFAULT NULL
) ENGINE=InnoDB DEFAULT CHARSET=utf8 COLLATE=utf8_spanish_ci ROW_FORMAT=DYNAMIC;

--
-- Volcado de datos para la tabla `icono`
--

INSERT INTO `icono` (`id`, `nom_icono`, `clase_icono`, `created_at`, `updated_at`) VALUES
(1, '500px', 'fab fa-500px', '2023-04-12 13:20:31', NULL),
(2, 'icono-accesible', 'fab fa-accessible-icon', '2023-04-12 13:20:31', NULL),
(3, 'accusoft', 'fab fa-accusoft', '2023-04-12 13:20:31', NULL),
(4, 'adquisiciones incorporadas', 'fab fa-acquisitions-incorporated', '2023-04-12 13:20:31', NULL),
(5, 'anuncio', 'fas fa-ad', '2023-04-12 13:20:31', NULL),
(6, 'directorio', 'fas fa-address-book', '2023-04-12 13:20:31', NULL),
(7, 'directorio', 'far fa-address-book', '2023-04-12 13:20:31', NULL),
(8, 'tarjeta de direccion', 'fas fa-address-card', '2023-04-12 13:20:31', NULL),
(9, 'tarjeta de direccion', 'far fa-address-card', '2023-04-12 13:20:31', NULL),
(10, 'ajustar', 'fas fa-adjust', '2023-04-12 13:20:31', NULL),
(11, 'adn', 'fab fa-adn', '2023-04-12 13:20:31', NULL),
(12, 'adobe', 'fab fa-adobe', '2023-04-12 13:20:31', NULL),
(13, 'adversal', 'fab fa-adversal', '2023-04-12 13:20:31', NULL),
(14, 'tema de afiliacion', 'fab fa-affiliatetheme', '2023-04-12 13:20:31', NULL),
(15, 'ambientador', 'fas fa-air-freshener', '2023-04-12 13:20:31', NULL),
(16, 'airbnb', 'fab fa-airbnb', '2023-04-12 13:20:31', NULL),
(17, 'algolia', 'fab fa-algolia', '2023-04-12 13:20:31', NULL),
(18, 'Alinear al centro', 'fas fa-align-center', '2023-04-12 13:20:31', NULL),
(19, 'alinear-justificar', 'fas fa-align-justify', '2023-04-12 13:20:31', NULL),
(20, 'alinear a la izquierda', 'fas fa-align-left', '2023-04-12 13:20:31', NULL),
(21, 'alinear a la derecha', 'fas fa-align-right', '2023-04-12 13:20:31', NULL),
(22, 'alipay', 'fab fa-alipay', '2023-04-12 13:20:31', NULL),
(23, 'alergias', 'fas fa-allergies', '2023-04-12 13:20:31', NULL),
(24, 'Amazonas', 'fab fa-amazon', '2023-04-12 13:20:31', NULL),
(25, 'amazon-pay', 'fab fa-amazon-pay', '2023-04-12 13:20:31', NULL),
(26, 'ambulancia', 'fas fa-ambulance', '2023-04-12 13:20:31', NULL),
(27, 'interpretacion de lenguaje de señas americano', 'fas fa-american-sign-language-interpreting', '2023-04-12 13:20:31', NULL),
(28, 'amilia', 'fab fa-amilia', '2023-04-12 13:20:31', NULL),
(29, 'ancla', 'fas fa-anchor', '2023-04-12 13:20:31', NULL),
(30, 'androide', 'fab fa-android', '2023-04-12 13:20:31', NULL),
(31, 'angelicalista', 'fab fa-angellist', '2023-04-12 13:20:31', NULL),
(32, 'angulo-doble-abajo', 'fas fa-angle-double-down', '2023-04-12 13:20:31', NULL),
(33, 'angulo-doble-izquierda', 'fas fa-angle-double-left', '2023-04-12 13:20:31', NULL),
(34, 'angulo-doble-derecha', 'fas fa-angle-double-right', '2023-04-12 13:20:31', NULL),
(35, 'angulo doble', 'fas fa-angle-double-up', '2023-04-12 13:20:31', NULL),
(36, 'angulo hacia abajo', 'fas fa-angle-down', '2023-04-12 13:20:31', NULL),
(37, 'angulo izquierdo', 'fas fa-angle-left', '2023-04-12 13:20:31', NULL),
(38, 'angulo recto', 'fas fa-angle-right', '2023-04-12 13:20:31', NULL),
(39, 'angulo hacia arriba', 'fas fa-angle-up', '2023-04-12 13:20:31', NULL),
(40, 'enojado', 'fas fa-angry', '2023-04-12 13:20:31', NULL),
(41, 'enojado', 'far fa-angry', '2023-04-12 13:20:31', NULL),
(42, 'enojadocreativo', 'fab fa-angrycreative', '2023-04-12 13:20:31', NULL),
(43, 'angular', 'fab fa-angular', '2023-04-12 13:20:31', NULL),
(44, 'ankh', 'fas fa-ankh', '2023-04-12 13:20:31', NULL),
(45, 'tienda de aplicaciones', 'fab fa-app-store', '2023-04-12 13:20:31', NULL),
(46, 'app-store-ios', 'fab fa-app-store-ios', '2023-04-12 13:20:31', NULL),
(47, 'apper', 'fab fa-apper', '2023-04-12 13:20:31', NULL),
(48, 'manzana', 'fab fa-apple', '2023-04-12 13:20:31', NULL),
(49, 'apple-alt', 'fas fa-apple-alt', '2023-04-12 13:20:31', NULL),
(50, 'pago de manzana', 'fab fa-apple-pay', '2023-04-12 13:20:31', NULL),
(51, 'archivo', 'fas fa-archive', '2023-04-12 13:20:31', NULL),
(52, 'arco', 'fas fa-archway', '2023-04-12 13:20:31', NULL),
(53, 'arrow-alt-circle-down', 'fas fa-arrow-alt-circle-down', '2023-04-12 13:20:31', NULL),
(54, 'arrow-alt-circle-down', 'far fa-arrow-alt-circle-down', '2023-04-12 13:20:31', NULL),
(55, 'arrow-alt-circle-left', 'fas fa-arrow-alt-circle-left', '2023-04-12 13:20:31', NULL),
(56, 'arrow-alt-circle-left', 'far fa-arrow-alt-circle-left', '2023-04-12 13:20:31', NULL),
(57, 'arrow-alt-circle-right', 'fas fa-arrow-alt-circle-right', '2023-04-12 13:20:31', NULL),
(58, 'arrow-alt-circle-right', 'far fa-arrow-alt-circle-right', '2023-04-12 13:20:31', NULL),
(59, 'arrow-alt-circle-up', 'fas fa-arrow-alt-circle-up', '2023-04-12 13:20:31', NULL),
(60, 'arrow-alt-circle-up', 'far fa-arrow-alt-circle-up', '2023-04-12 13:20:31', NULL),
(61, 'flecha-circulo-abajo', 'fas fa-arrow-circle-down', '2023-04-12 13:20:31', NULL),
(62, 'flecha-circulo-izquierda', 'fas fa-arrow-circle-left', '2023-04-12 13:20:31', NULL),
(63, 'flecha-circulo-derecha', 'fas fa-arrow-circle-right', '2023-04-12 13:20:31', NULL),
(64, 'flecha-circulo-arriba', 'fas fa-arrow-circle-up', '2023-04-12 13:20:31', NULL),
(65, 'flecha hacia abajo', 'fas fa-arrow-down', '2023-04-12 13:20:31', NULL),
(66, 'flecha izquierda', 'fas fa-arrow-left', '2023-04-12 13:20:31', NULL),
(67, 'flecha derecha', 'fas fa-arrow-right', '2023-04-12 13:20:31', NULL),
(68, 'flecha arriba', 'fas fa-arrow-up', '2023-04-12 13:20:31', NULL),
(69, 'flechas-alt', 'fas fa-arrows-alt', '2023-04-12 13:20:31', NULL),
(70, 'flechas-alt-h', 'fas fa-arrows-alt-h', '2023-04-12 13:20:31', NULL),
(71, 'flechas-alt-v', 'fas fa-arrows-alt-v', '2023-04-12 13:20:31', NULL),
(72, 'artstation', 'fab fa-artstation', '2023-04-12 13:20:31', NULL),
(73, 'sistemas de escucha asistida', 'fas fa-assistive-listening-systems', '2023-04-12 13:20:31', NULL),
(74, 'asterisco', 'fas fa-asterisk', '2023-04-12 13:20:31', NULL),
(75, 'asymmetrik', 'fab fa-asymmetrik', '2023-04-12 13:20:31', NULL),
(76, 'a', 'fas fa-at', '2023-04-12 13:20:31', NULL),
(77, 'atlas', 'fas fa-atlas', '2023-04-12 13:20:31', NULL),
(78, 'atlassian', 'fab fa-atlassian', '2023-04-12 13:20:31', NULL),
(79, 'atomo', 'fas fa-atom', '2023-04-12 13:20:31', NULL),
(80, 'audible', 'fab fa-audible', '2023-04-12 13:20:31', NULL),
(81, 'descripcion de audio', 'fas fa-audio-description', '2023-04-12 13:20:31', NULL),
(82, 'fijador automatico', 'fab fa-autoprefixer', '2023-04-12 13:20:31', NULL),
(83, 'avianex', 'fab fa-avianex', '2023-04-12 13:20:31', NULL),
(84, 'aviato', 'fab fa-aviato', '2023-04-12 13:20:31', NULL),
(85, 'premio', 'fas fa-award', '2023-04-12 13:20:31', NULL),
(86, 'aws', 'fab fa-aws', '2023-04-12 13:20:31', NULL),
(87, 'bebe', 'fas fa-baby', '2023-04-12 13:20:31', NULL),
(88, 'cochecito de bebe', 'fas fa-baby-carriage', '2023-04-12 13:20:31', NULL),
(89, 'retroceso', 'fas fa-backspace', '2023-04-12 13:20:31', NULL),
(90, 'hacia atras', 'fas fa-backward', '2023-04-12 13:20:31', NULL),
(91, 'tocino', 'fas fa-bacon', '2023-04-12 13:20:31', NULL),
(92, 'bahai', 'fas fa-bahai', '2023-04-12 13:20:31', NULL),
(93, 'balanza', 'fas fa-balance-scale', '2023-04-12 13:20:31', NULL),
(94, 'balance-scale-left', 'fas fa-balance-scale-left', '2023-04-12 13:20:31', NULL),
(95, 'balance-scale-right', 'fas fa-balance-scale-right', '2023-04-12 13:20:31', NULL),
(96, 'prohibicion', 'fas fa-ban', '2023-04-12 13:20:31', NULL),
(97, 'Tirita', 'fas fa-band-aid', '2023-04-12 13:20:31', NULL),
(98, 'campamento de la banda', 'fab fa-bandcamp', '2023-04-12 13:20:31', NULL),
(99, 'codigo de barras', 'fas fa-barcode', '2023-04-12 13:20:31', NULL),
(100, 'barras', 'fas fa-bars', '2023-04-12 13:20:31', NULL),
(101, 'pelota de beisbol', 'fas fa-baseball-ball', '2023-04-12 13:20:31', NULL),
(102, 'pelota de baloncesto', 'fas fa-basketball-ball', '2023-04-12 13:20:31', NULL),
(103, 'bañera', 'fas fa-bath', '2023-04-12 13:20:31', NULL),
(104, 'bateria vacia', 'fas fa-battery-empty', '2023-04-12 13:20:31', NULL),
(105, 'Bateria llena', 'fas fa-battery-full', '2023-04-12 13:20:31', NULL),
(106, 'media bateria', 'fas fa-battery-half', '2023-04-12 13:20:31', NULL),
(107, 'cuarto de bateria', 'fas fa-battery-quarter', '2023-04-12 13:20:31', NULL),
(108, 'bateria de tres cuartos', 'fas fa-battery-three-quarters', '2023-04-12 13:20:31', NULL),
(109, 'red de batalla', 'fab fa-battle-net', '2023-04-12 13:20:31', NULL),
(110, 'cama', 'fas fa-bed', '2023-04-12 13:20:31', NULL),
(111, 'cerveza', 'fas fa-beer', '2023-04-12 13:20:31', NULL),
(112, 'comportamiento', 'fab fa-behance', '2023-04-12 13:20:31', NULL),
(113, 'cuadrado de comportamiento', 'fab fa-behance-square', '2023-04-12 13:20:31', NULL),
(114, 'campana', 'fas fa-bell', '2023-04-12 13:20:31', NULL),
(115, 'campana', 'far fa-bell', '2023-04-12 13:20:31', NULL),
(116, 'campana', 'fas fa-bell-slash', '2023-04-12 13:20:31', NULL),
(117, 'campana', 'far fa-bell-slash', '2023-04-12 13:20:31', NULL),
(118, 'curva de bezier', 'fas fa-bezier-curve', '2023-04-12 13:20:31', NULL),
(119, 'Biblia', 'fas fa-bible', '2023-04-12 13:20:31', NULL),
(120, 'bicicleta', 'fas fa-bicycle', '2023-04-12 13:20:31', NULL),
(121, 'andar en bicicleta', 'fas fa-biking', '2023-04-12 13:20:31', NULL),
(122, 'bimobject', 'fab fa-bimobject', '2023-04-12 13:20:31', NULL),
(123, 'prismaticos', 'fas fa-binoculars', '2023-04-12 13:20:31', NULL),
(124, 'peligro biologico', 'fas fa-biohazard', '2023-04-12 13:20:31', NULL),
(125, 'pastel de cumpleaños', 'fas fa-birthday-cake', '2023-04-12 13:20:31', NULL),
(126, 'bitbucket', 'fab fa-bitbucket', '2023-04-12 13:20:31', NULL),
(127, 'bitcoin', 'fab fa-bitcoin', '2023-04-12 13:20:31', NULL),
(128, 'bity', 'fab fa-bity', '2023-04-12 13:20:31', NULL),
(129, 'lazo negro', 'fab fa-black-tie', '2023-04-12 13:20:31', NULL),
(130, 'Mora', 'fab fa-blackberry', '2023-04-12 13:20:31', NULL),
(131, 'licuadora', 'fas fa-blender', '2023-04-12 13:20:31', NULL),
(132, 'licuadora', 'fas fa-blender-phone', '2023-04-12 13:20:31', NULL),
(133, 'ciego', 'fas fa-blind', '2023-04-12 13:20:31', NULL),
(134, 'Blog', 'fas fa-blog', '2023-04-12 13:20:31', NULL),
(135, 'blogger', 'fab fa-blogger', '2023-04-12 13:20:31', NULL),
(136, 'blogger-b', 'fab fa-blogger-b', '2023-04-12 13:20:31', NULL),
(137, 'Bluetooth', 'fab fa-bluetooth', '2023-04-12 13:20:31', NULL),
(138, 'bluetooth-b', 'fab fa-bluetooth-b', '2023-04-12 13:20:31', NULL),
(139, 'negrita', 'fas fa-bold', '2023-04-12 13:20:31', NULL),
(140, 'tornillo', 'fas fa-bolt', '2023-04-12 13:20:31', NULL),
(141, 'bomba', 'fas fa-bomb', '2023-04-12 13:20:31', NULL),
(142, 'hueso', 'fas fa-bone', '2023-04-12 13:20:31', NULL),
(143, 'bong', 'fas fa-bong', '2023-04-12 13:20:31', NULL),
(144, 'libro', 'fas fa-book', '2023-04-12 13:20:31', NULL),
(145, 'libro muerto', 'fas fa-book-dead', '2023-04-12 13:20:31', NULL),
(146, 'libro medico', 'fas fa-book-medical', '2023-04-12 13:20:31', NULL),
(147, 'libro abierto', 'fas fa-book-open', '2023-04-12 13:20:31', NULL),
(148, 'lector de libros', 'fas fa-book-reader', '2023-04-12 13:20:31', NULL),
(149, 'marcador', 'fas fa-bookmark', '2023-04-12 13:20:31', NULL),
(150, 'marcador', 'far fa-bookmark', '2023-04-12 13:20:31', NULL),
(151, 'oreja', 'fab fa-bootstrap', '2023-04-12 13:20:31', NULL),
(152, 'borde-todo', 'fas fa-border-all', '2023-04-12 13:20:31', NULL),
(153, 'borde-ninguno', 'fas fa-border-none', '2023-04-12 13:20:31', NULL),
(154, 'estilo de borde', 'fas fa-border-style', '2023-04-12 13:20:31', NULL),
(155, 'bola de boliche', 'fas fa-bowling-ball', '2023-04-12 13:20:31', NULL),
(156, 'caja', 'fas fa-box', '2023-04-12 13:20:31', NULL),
(157, 'caja abierta', 'fas fa-box-open', '2023-04-12 13:20:31', NULL),
(158, 'cajas', 'fas fa-boxes', '2023-04-12 13:20:31', NULL),
(159, 'braille', 'fas fa-braille', '2023-04-12 13:20:31', NULL),
(160, 'cerebro', 'fas fa-brain', '2023-04-12 13:20:31', NULL),
(161, 'rebanada de pan', 'fas fa-bread-slice', '2023-04-12 13:20:31', NULL),
(162, 'maletin', 'fas fa-briefcase', '2023-04-12 13:20:31', NULL),
(163, 'maletin medico', 'fas fa-briefcase-medical', '2023-04-12 13:20:31', NULL),
(164, 'torre de transmision', 'fas fa-broadcast-tower', '2023-04-12 13:20:31', NULL),
(165, 'Escoba', 'fas fa-broom', '2023-04-12 13:20:31', NULL),
(166, 'cepillo', 'fas fa-brush', '2023-04-12 13:20:31', NULL),
(167, 'btc', 'fab fa-btc', '2023-04-12 13:20:31', NULL),
(168, 'buffer', 'fab fa-buffer', '2023-04-12 13:20:31', NULL),
(169, 'error', 'fas fa-bug', '2023-04-12 13:20:31', NULL),
(170, 'edificio', 'fas fa-building', '2023-04-12 13:20:31', NULL),
(171, 'edificio', 'far fa-building', '2023-04-12 13:20:31', NULL),
(172, 'megafono', 'fas fa-bullhorn', '2023-04-12 13:20:31', NULL),
(173, 'diana', 'fas fa-bullseye', '2023-04-12 13:20:31', NULL),
(174, 'quemar', 'fas fa-burn', '2023-04-12 13:20:31', NULL),
(175, 'buromobelexperte', 'fab fa-buromobelexperte', '2023-04-12 13:20:31', NULL),
(176, 'autobus', 'fas fa-bus', '2023-04-12 13:20:31', NULL),
(177, 'bus-alt', 'fas fa-bus-alt', '2023-04-12 13:20:31', NULL),
(178, 'tiempo de Negocios', 'fas fa-business-time', '2023-04-12 13:20:31', NULL),
(179, 'comprar-n-grande', 'fab fa-buy-n-large', '2023-04-12 13:20:31', NULL),
(180, 'buysellads', 'fab fa-buysellads', '2023-04-12 13:20:31', NULL),
(181, 'calculadora', 'fas fa-calculator', '2023-04-12 13:20:31', NULL),
(182, 'calendario', 'fas fa-calendar', '2023-04-12 13:20:31', NULL),
(183, 'calendario', 'far fa-calendar', '2023-04-12 13:20:31', NULL),
(184, 'calendar-alt', 'fas fa-calendar-alt', '2023-04-12 13:20:31', NULL),
(185, 'calendar-alt', 'far fa-calendar-alt', '2023-04-12 13:20:31', NULL),
(186, 'calendario-cheque', 'fas fa-calendar-check', '2023-04-12 13:20:31', NULL),
(187, 'calendario-cheque', 'far fa-calendar-check', '2023-04-12 13:20:31', NULL),
(188, 'dia del calendario', 'fas fa-calendar-day', '2023-04-12 13:20:31', NULL),
(189, 'calendario menos', 'fas fa-calendar-minus', '2023-04-12 13:20:31', NULL),
(190, 'calendario menos', 'far fa-calendar-minus', '2023-04-12 13:20:31', NULL),
(191, 'calendar-plus', 'fas fa-calendar-plus', '2023-04-12 13:20:31', NULL),
(192, 'calendar-plus', 'far fa-calendar-plus', '2023-04-12 13:20:31', NULL),
(193, 'calendario-tiempos', 'fas fa-calendar-times', '2023-04-12 13:20:31', NULL),
(194, 'calendario-tiempos', 'far fa-calendar-times', '2023-04-12 13:20:31', NULL),
(195, 'Calendario de la semana', 'fas fa-calendar-week', '2023-04-12 13:20:31', NULL),
(196, 'camara', 'fas fa-camera', '2023-04-12 13:20:31', NULL),
(197, 'camara retro', 'fas fa-camera-retro', '2023-04-12 13:20:31', NULL),
(198, 'terreno de camping', 'fas fa-campground', '2023-04-12 13:20:31', NULL),
(199, 'hoja de arce canadiense', 'fab fa-canadian-maple-leaf', '2023-04-12 13:20:31', NULL),
(200, 'baston de caramelo', 'fas fa-candy-cane', '2023-04-12 13:20:31', NULL),
(201, 'canabis', 'fas fa-cannabis', '2023-04-12 13:20:31', NULL),
(202, 'capsulas', 'fas fa-capsules', '2023-04-12 13:20:31', NULL),
(203, 'coche', 'fas fa-car', '2023-04-12 13:20:31', NULL),
(204, 'car-alt', 'fas fa-car-alt', '2023-04-12 13:20:31', NULL),
(205, 'Bateria de coche', 'fas fa-car-battery', '2023-04-12 13:20:31', NULL),
(206, 'accidente automovilistico', 'fas fa-car-crash', '2023-04-12 13:20:31', NULL),
(207, 'lado del coche', 'fas fa-car-side', '2023-04-12 13:20:31', NULL),
(208, 'caravana', 'fas fa-caravan', '2023-04-12 13:20:31', NULL),
(209, 'descuidado', 'fas fa-caret-down', '2023-04-12 13:20:31', NULL),
(210, 'a la izquierda', 'fas fa-caret-left', '2023-04-12 13:20:31', NULL),
(211, 'derecho de cuidado', 'fas fa-caret-right', '2023-04-12 13:20:31', NULL),
(212, 'caret-square-down', 'fas fa-caret-square-down', '2023-04-12 13:20:31', NULL),
(213, 'caret-square-down', 'far fa-caret-square-down', '2023-04-12 13:20:31', NULL),
(214, 'caret-square-left', 'fas fa-caret-square-left', '2023-04-12 13:20:31', NULL),
(215, 'caret-square-left', 'far fa-caret-square-left', '2023-04-12 13:20:31', NULL),
(216, 'caret-square-right', 'fas fa-caret-square-right', '2023-04-12 13:20:31', NULL),
(217, 'caret-square-right', 'far fa-caret-square-right', '2023-04-12 13:20:31', NULL),
(218, 'cuadrado cuadrado', 'fas fa-caret-square-up', '2023-04-12 13:20:31', NULL),
(219, 'cuadrado cuadrado', 'far fa-caret-square-up', '2023-04-12 13:20:31', NULL),
(220, 'cautela', 'fas fa-caret-up', '2023-04-12 13:20:31', NULL),
(221, 'Zanahoria', 'fas fa-carrot', '2023-04-12 13:20:31', NULL),
(222, 'carro-flecha-abajo', 'fas fa-cart-arrow-down', '2023-04-12 13:20:31', NULL),
(223, 'carrito-plus', 'fas fa-cart-plus', '2023-04-12 13:20:31', NULL),
(224, 'caja registradora', 'fas fa-cash-register', '2023-04-12 13:20:31', NULL),
(225, 'gato', 'fas fa-cat', '2023-04-12 13:20:31', NULL),
(226, 'cc-amazon-pay', 'fab fa-cc-amazon-pay', '2023-04-12 13:20:31', NULL),
(227, 'cc-amex', 'fab fa-cc-amex', '2023-04-12 13:20:31', NULL),
(228, 'cc-apple-pay', 'fab fa-cc-apple-pay', '2023-04-12 13:20:31', NULL),
(229, 'cc-diners-club', 'fab fa-cc-diners-club', '2023-04-12 13:20:31', NULL),
(230, 'cc-discover', 'fab fa-cc-discover', '2023-04-12 13:20:31', NULL),
(231, 'cc-jcb', 'fab fa-cc-jcb', '2023-04-12 13:20:31', NULL),
(232, 'cc-mastercard', 'fab fa-cc-mastercard', '2023-04-12 13:20:31', NULL),
(233, 'cc-paypal', 'fab fa-cc-paypal', '2023-04-12 13:20:31', NULL),
(234, 'cc-stripe', 'fab fa-cc-stripe', '2023-04-12 13:20:31', NULL),
(235, 'visa cc', 'fab fa-cc-visa', '2023-04-12 13:20:31', NULL),
(236, 'codigo central', 'fab fa-centercode', '2023-04-12 13:20:31', NULL),
(237, 'centos', 'fab fa-centos', '2023-04-12 13:20:31', NULL),
(238, 'certificado', 'fas fa-certificate', '2023-04-12 13:20:31', NULL),
(239, 'silla', 'fas fa-chair', '2023-04-12 13:20:31', NULL),
(240, 'pizarra', 'fas fa-chalkboard', '2023-04-12 13:20:31', NULL),
(241, 'profesor de pizarra', 'fas fa-chalkboard-teacher', '2023-04-12 13:20:31', NULL),
(242, 'Estacion de carga', 'fas fa-charging-station', '2023-04-12 13:20:31', NULL),
(243, 'area de la carta', 'fas fa-chart-area', '2023-04-12 13:20:31', NULL),
(244, 'grafico de barras', 'fas fa-chart-bar', '2023-04-12 13:20:31', NULL),
(245, 'grafico de barras', 'far fa-chart-bar', '2023-04-12 13:20:31', NULL),
(246, 'linea de carta', 'fas fa-chart-line', '2023-04-12 13:20:31', NULL),
(247, 'grafico circular', 'fas fa-chart-pie', '2023-04-12 13:20:31', NULL),
(248, 'comprobar', 'fas fa-check', '2023-04-12 13:20:31', NULL),
(249, 'circulo de verificacion', 'fas fa-check-circle', '2023-04-12 13:20:31', NULL),
(250, 'circulo de verificacion', 'far fa-check-circle', '2023-04-12 13:20:31', NULL),
(251, 'doble check', 'fas fa-check-double', '2023-04-12 13:20:31', NULL),
(252, 'casilla de verificacion', 'fas fa-check-square', '2023-04-12 13:20:31', NULL),
(253, 'casilla de verificacion', 'far fa-check-square', '2023-04-12 13:20:31', NULL),
(254, 'queso', 'fas fa-cheese', '2023-04-12 13:20:31', NULL),
(255, 'ajedrez', 'fas fa-chess', '2023-04-12 13:20:31', NULL),
(256, 'obispo de ajedrez', 'fas fa-chess-bishop', '2023-04-12 13:20:31', NULL),
(257, 'tablero de ajedrez', 'fas fa-chess-board', '2023-04-12 13:20:31', NULL),
(258, 'Rey del ajedrez', 'fas fa-chess-king', '2023-04-12 13:20:31', NULL),
(259, 'caballero de ajedrez', 'fas fa-chess-knight', '2023-04-12 13:20:31', NULL),
(260, 'peon de ajedrez', 'fas fa-chess-pawn', '2023-04-12 13:20:31', NULL),
(261, 'reina del ajedrez', 'fas fa-chess-queen', '2023-04-12 13:20:31', NULL),
(262, 'torre de ajedrez', 'fas fa-chess-rook', '2023-04-12 13:20:32', NULL),
(263, 'chevron-circle-down', 'fas fa-chevron-circle-down', '2023-04-12 13:20:32', NULL),
(264, 'chevron-circle-left', 'fas fa-chevron-circle-left', '2023-04-12 13:20:32', NULL),
(265, 'chevron-circle-right', 'fas fa-chevron-circle-right', '2023-04-12 13:20:32', NULL),
(266, 'chevron-circle-up', 'fas fa-chevron-circle-up', '2023-04-12 13:20:32', NULL),
(267, 'chevron-down', 'fas fa-chevron-down', '2023-04-12 13:20:32', NULL),
(268, 'chevron-left', 'fas fa-chevron-left', '2023-04-12 13:20:32', NULL),
(269, 'chevron-right', 'fas fa-chevron-right', '2023-04-12 13:20:32', NULL),
(270, 'chevron-up', 'fas fa-chevron-up', '2023-04-12 13:20:32', NULL),
(271, 'niño', 'fas fa-child', '2023-04-12 13:20:32', NULL),
(272, 'cromo', 'fab fa-chrome', '2023-04-12 13:20:32', NULL),
(273, 'Chromecast', 'fab fa-chromecast', '2023-04-12 13:20:32', NULL),
(274, 'Iglesia', 'fas fa-church', '2023-04-12 13:20:32', NULL),
(275, 'circulo', 'fas fa-circle', '2023-04-12 13:20:32', NULL),
(276, 'circulo', 'far fa-circle', '2023-04-12 13:20:32', NULL),
(277, 'muesca circular', 'fas fa-circle-notch', '2023-04-12 13:20:32', NULL),
(278, 'ciudad', 'fas fa-city', '2023-04-12 13:20:32', NULL),
(279, 'clinica-medica', 'fas fa-clinic-medical', '2023-04-12 13:20:32', NULL),
(280, 'portapapeles', 'fas fa-clipboard', '2023-04-12 13:20:32', NULL),
(281, 'portapapeles', 'far fa-clipboard', '2023-04-12 13:20:32', NULL),
(282, 'verificacion del portapapeles', 'fas fa-clipboard-check', '2023-04-12 13:20:32', NULL),
(283, 'lista de portapapeles', 'fas fa-clipboard-list', '2023-04-12 13:20:32', NULL),
(284, 'reloj', 'fas fa-clock', '2023-04-12 13:20:32', NULL),
(285, 'reloj', 'far fa-clock', '2023-04-12 13:20:32', NULL),
(286, 'clon', 'fas fa-clone', '2023-04-12 13:20:32', NULL),
(287, 'clon', 'far fa-clone', '2023-04-12 13:20:32', NULL),
(288, 'subtitulos', 'fas fa-closed-captioning', '2023-04-12 13:20:32', NULL),
(289, 'subtitulos', 'far fa-closed-captioning', '2023-04-12 13:20:32', NULL),
(290, 'nube', 'fas fa-cloud', '2023-04-12 13:20:32', NULL),
(291, 'cloud-download-alt', 'fas fa-cloud-download-alt', '2023-04-12 13:20:32', NULL),
(292, 'albondiga de nube', 'fas fa-cloud-meatball', '2023-04-12 13:20:32', NULL),
(293, 'nube-luna', 'fas fa-cloud-moon', '2023-04-12 13:20:32', NULL),
(294, 'nube-luna-lluvia', 'fas fa-cloud-moon-rain', '2023-04-12 13:20:32', NULL),
(295, 'lluvia de nubes', 'fas fa-cloud-rain', '2023-04-12 13:20:32', NULL),
(296, 'chubascos de lluvia', 'fas fa-cloud-showers-heavy', '2023-04-12 13:20:32', NULL),
(297, 'nube-sol', 'fas fa-cloud-sun', '2023-04-12 13:20:32', NULL),
(298, 'nube-sol-lluvia', 'fas fa-cloud-sun-rain', '2023-04-12 13:20:32', NULL),
(299, 'cloud-upload-alt', 'fas fa-cloud-upload-alt', '2023-04-12 13:20:32', NULL),
(300, 'escala de nubes', 'fab fa-cloudscale', '2023-04-12 13:20:32', NULL),
(301, 'cementerio', 'fab fa-cloudsmith', '2023-04-12 13:20:32', NULL),
(302, 'cloudversify', 'fab fa-cloudversify', '2023-04-12 13:20:32', NULL),
(303, 'coctel', 'fas fa-cocktail', '2023-04-12 13:20:32', NULL),
(304, 'codigo', 'fas fa-code', '2023-04-12 13:20:32', NULL),
(305, 'codigo-rama', 'fas fa-code-branch', '2023-04-12 13:20:32', NULL),
(306, 'codepen', 'fab fa-codepen', '2023-04-12 13:20:32', NULL),
(307, 'codiepie', 'fab fa-codiepie', '2023-04-12 13:20:32', NULL),
(308, 'cafe', 'fas fa-coffee', '2023-04-12 13:20:32', NULL),
(309, 'diente', 'fas fa-cog', '2023-04-12 13:20:32', NULL),
(310, 'dientes', 'fas fa-cogs', '2023-04-12 13:20:32', NULL),
(311, 'monedas', 'fas fa-coins', '2023-04-12 13:20:32', NULL),
(312, 'columnas', 'fas fa-columns', '2023-04-12 13:20:32', NULL),
(313, 'comentario', 'fas fa-comment', '2023-04-12 13:20:32', NULL),
(314, 'comentario', 'far fa-comment', '2023-04-12 13:20:32', NULL),
(315, 'comentario-alt', 'fas fa-comment-alt', '2023-04-12 13:20:32', NULL),
(316, 'comentario-alt', 'far fa-comment-alt', '2023-04-12 13:20:32', NULL),
(317, 'comentario-dolar', 'fas fa-comment-dollar', '2023-04-12 13:20:32', NULL),
(318, 'comentario-puntos', 'fas fa-comment-dots', '2023-04-12 13:20:32', NULL),
(319, 'comentario-puntos', 'far fa-comment-dots', '2023-04-12 13:20:32', NULL),
(320, 'comentario medico', 'fas fa-comment-medical', '2023-04-12 13:20:32', NULL),
(321, 'barra de comentarios', 'fas fa-comment-slash', '2023-04-12 13:20:32', NULL),
(322, 'comentarios', 'fas fa-comments', '2023-04-12 13:20:32', NULL),
(323, 'comentarios', 'far fa-comments', '2023-04-12 13:20:32', NULL),
(324, 'comentarios-dolar', 'fas fa-comments-dollar', '2023-04-12 13:20:32', NULL),
(325, 'disco compacto', 'fas fa-compact-disc', '2023-04-12 13:20:32', NULL),
(326, 'Brujula', 'fas fa-compass', '2023-04-12 13:20:32', NULL),
(327, 'Brujula', 'far fa-compass', '2023-04-12 13:20:32', NULL),
(328, 'comprimir', 'fas fa-compress', '2023-04-12 13:20:32', NULL),
(329, 'comprimir-alt', 'fas fa-compress-alt', '2023-04-12 13:20:32', NULL),
(330, 'comprimir-flechas-alt', 'fas fa-compress-arrows-alt', '2023-04-12 13:20:32', NULL),
(331, 'conserje-campana', 'fas fa-concierge-bell', '2023-04-12 13:20:32', NULL),
(332, 'confluencia', 'fab fa-confluence', '2023-04-12 13:20:32', NULL),
(333, 'connectdevelop', 'fab fa-connectdevelop', '2023-04-12 13:20:32', NULL),
(334, 'contao', 'fab fa-contao', '2023-04-12 13:20:32', NULL),
(335, 'Galleta', 'fas fa-cookie', '2023-04-12 13:20:32', NULL),
(336, 'mordedura de galleta', 'fas fa-cookie-bite', '2023-04-12 13:20:32', NULL),
(337, 'dupdo', 'fas fa-copy', '2023-04-12 13:20:32', NULL),
(338, 'dupdo', 'far fa-copy', '2023-04-12 13:20:32', NULL),
(339, 'derechos de autor', 'fas fa-copyright', '2023-04-12 13:20:32', NULL),
(340, 'derechos de autor', 'far fa-copyright', '2023-04-12 13:20:32', NULL),
(341, 'oficina de algodon', 'fab fa-cotton-bureau', '2023-04-12 13:20:32', NULL),
(342, 'sofa', 'fas fa-couch', '2023-04-12 13:20:32', NULL),
(343, 'cpanel', 'fab fa-cpanel', '2023-04-12 13:20:32', NULL),
(344, 'creative-commons', 'fab fa-creative-commons', '2023-04-12 13:20:32', NULL),
(345, 'creative-commons-by', 'fab fa-creative-commons-by', '2023-04-12 13:20:32', NULL),
(346, 'creative-commons-nc', 'fab fa-creative-commons-nc', '2023-04-12 13:20:32', NULL),
(347, 'creative-commons-nc-eu', 'fab fa-creative-commons-nc-eu', '2023-04-12 13:20:32', NULL),
(348, 'creative-commons-nc-jp', 'fab fa-creative-commons-nc-jp', '2023-04-12 13:20:32', NULL),
(349, 'creative-commons-nd', 'fab fa-creative-commons-nd', '2023-04-12 13:20:32', NULL),
(350, 'creative-commons-pd', 'fab fa-creative-commons-pd', '2023-04-12 13:20:32', NULL),
(351, 'creative-commons-pd-alt', 'fab fa-creative-commons-pd-alt', '2023-04-12 13:20:32', NULL),
(352, 'creative-commons-remix', 'fab fa-creative-commons-remix', '2023-04-12 13:20:32', NULL),
(353, 'creative-commons-sa', 'fab fa-creative-commons-sa', '2023-04-12 13:20:32', NULL),
(354, 'creative-commons-samples', 'fab fa-creative-commons-sampling', '2023-04-12 13:20:32', NULL),
(355, 'creative-commons-samples-plus', 'fab fa-creative-commons-sampling-plus', '2023-04-12 13:20:32', NULL),
(356, 'creative-commons-share', 'fab fa-creative-commons-share', '2023-04-12 13:20:32', NULL),
(357, 'creative-commons-zero', 'fab fa-creative-commons-zero', '2023-04-12 13:20:32', NULL),
(358, 'tarjeta de credito', 'fas fa-credit-card', '2023-04-12 13:20:32', NULL),
(359, 'tarjeta de credito', 'far fa-credit-card', '2023-04-12 13:20:32', NULL),
(360, 'rol critico', 'fab fa-critical-role', '2023-04-12 13:20:32', NULL),
(361, 'cultivo', 'fas fa-crop', '2023-04-12 13:20:32', NULL),
(362, 'crop-alt', 'fas fa-crop-alt', '2023-04-12 13:20:32', NULL),
(363, 'cruzar', 'fas fa-cross', '2023-04-12 13:20:32', NULL),
(364, 'punto de mira', 'fas fa-crosshairs', '2023-04-12 13:20:32', NULL),
(365, 'cuervo', 'fas fa-crow', '2023-04-12 13:20:32', NULL),
(366, 'corona', 'fas fa-crown', '2023-04-12 13:20:32', NULL),
(367, 'muleta', 'fas fa-crutch', '2023-04-12 13:20:32', NULL),
(368, 'css3', 'fab fa-css3', '2023-04-12 13:20:32', NULL),
(369, 'css3-alt', 'fab fa-css3-alt', '2023-04-12 13:20:32', NULL),
(370, 'cubo', 'fas fa-cube', '2023-04-12 13:20:32', NULL),
(371, 'cubitos', 'fas fa-cubes', '2023-04-12 13:20:32', NULL),
(372, 'cortar', 'fas fa-cut', '2023-04-12 13:20:32', NULL),
(373, 'calamar', 'fab fa-cuttlefish', '2023-04-12 13:20:32', NULL),
(374, 'd-y-d', 'fab fa-d-and-d', '2023-04-12 13:20:32', NULL),
(375, 'd-y-d-mas alla', 'fab fa-d-and-d-beyond', '2023-04-12 13:20:32', NULL),
(376, 'tablero de instrumentos', 'fab fa-dashcube', '2023-04-12 13:20:32', NULL),
(377, 'base de datos', 'fas fa-database', '2023-04-12 13:20:32', NULL),
(378, 'sordo', 'fas fa-deaf', '2023-04-12 13:20:32', NULL),
(379, 'delicioso', 'fab fa-delicious', '2023-04-12 13:20:32', NULL),
(380, 'democrata', 'fas fa-democrat', '2023-04-12 13:20:32', NULL),
(381, 'deploydog', 'fab fa-deploydog', '2023-04-12 13:20:32', NULL),
(382, 'deskpro', 'fab fa-deskpro', '2023-04-12 13:20:32', NULL),
(383, 'escritorio', 'fas fa-desktop', '2023-04-12 13:20:32', NULL),
(384, 'dev', 'fab fa-dev', '2023-04-12 13:20:32', NULL),
(385, 'deviantart', 'fab fa-deviantart', '2023-04-12 13:20:32', NULL),
(386, 'dharmachakra', 'fas fa-dharmachakra', '2023-04-12 13:20:32', NULL),
(387, 'dhl', 'fab fa-dhl', '2023-04-12 13:20:32', NULL),
(388, 'diagnosticos', 'fas fa-diagnoses', '2023-04-12 13:20:32', NULL),
(389, 'diaspora', 'fab fa-diaspora', '2023-04-12 13:20:32', NULL),
(390, 'dado', 'fas fa-dice', '2023-04-12 13:20:32', NULL),
(391, 'dados-d20', 'fas fa-dice-d20', '2023-04-12 13:20:32', NULL),
(392, 'dados-d6', 'fas fa-dice-d6', '2023-04-12 13:20:32', NULL),
(393, 'dados y cinco', 'fas fa-dice-five', '2023-04-12 13:20:32', NULL),
(394, 'dados cuatro', 'fas fa-dice-four', '2023-04-12 13:20:32', NULL),
(395, 'dado uno', 'fas fa-dice-one', '2023-04-12 13:20:32', NULL),
(396, 'dado seis', 'fas fa-dice-six', '2023-04-12 13:20:32', NULL),
(397, 'dados-tres', 'fas fa-dice-three', '2023-04-12 13:20:32', NULL),
(398, 'dados-dos', 'fas fa-dice-two', '2023-04-12 13:20:32', NULL),
(399, 'digg', 'fab fa-digg', '2023-04-12 13:20:32', NULL),
(400, 'oceano digital', 'fab fa-digital-ocean', '2023-04-12 13:20:32', NULL),
(401, 'tacografo digital', 'fas fa-digital-tachograph', '2023-04-12 13:20:32', NULL),
(402, 'direcciones', 'fas fa-directions', '2023-04-12 13:20:32', NULL),
(403, 'discordia', 'fab fa-discord', '2023-04-12 13:20:32', NULL),
(404, 'discurso', 'fab fa-discourse', '2023-04-12 13:20:32', NULL),
(405, 'dividir', 'fas fa-divide', '2023-04-12 13:20:32', NULL),
(406, 'mareado', 'fas fa-dizzy', '2023-04-12 13:20:32', NULL),
(407, 'mareado', 'far fa-dizzy', '2023-04-12 13:20:32', NULL),
(408, 'adn', 'fas fa-dna', '2023-04-12 13:20:32', NULL),
(409, 'dochub', 'fab fa-dochub', '2023-04-12 13:20:32', NULL),
(410, 'estibador', 'fab fa-docker', '2023-04-12 13:20:32', NULL),
(411, 'perro', 'fas fa-dog', '2023-04-12 13:20:32', NULL),
(412, 'signo de dolar', 'fas fa-dollar-sign', '2023-04-12 13:20:32', NULL),
(413, 'muñequita', 'fas fa-dolly', '2023-04-12 13:20:32', NULL),
(414, 'plataforma plana', 'fas fa-dolly-flatbed', '2023-04-12 13:20:32', NULL),
(415, 'donar', 'fas fa-donate', '2023-04-12 13:20:32', NULL),
(416, 'puerta cerrada', 'fas fa-door-closed', '2023-04-12 13:20:32', NULL),
(417, 'puerta abierta', 'fas fa-door-open', '2023-04-12 13:20:32', NULL),
(418, 'circulo de puntos', 'fas fa-dot-circle', '2023-04-12 13:20:32', NULL),
(419, 'circulo de puntos', 'far fa-dot-circle', '2023-04-12 13:20:32', NULL),
(420, 'paloma', 'fas fa-dove', '2023-04-12 13:20:32', NULL),
(421, 'descargar', 'fas fa-download', '2023-04-12 13:20:32', NULL),
(422, 'draft2digital', 'fab fa-draft2digital', '2023-04-12 13:20:32', NULL),
(423, 'dibujo-brujula', 'fas fa-drafting-compass', '2023-04-12 13:20:32', NULL),
(424, 'continuar', 'fas fa-dragon', '2023-04-12 13:20:32', NULL),
(425, 'dibujar-poligono', 'fas fa-draw-polygon', '2023-04-12 13:20:32', NULL),
(426, 'regatear', 'fab fa-dribbble', '2023-04-12 13:20:32', NULL),
(427, 'dribbble-square', 'fab fa-dribbble-square', '2023-04-12 13:20:32', NULL),
(428, 'Dropbox', 'fab fa-dropbox', '2023-04-12 13:20:32', NULL),
(429, 'tambor', 'fas fa-drum', '2023-04-12 13:20:32', NULL),
(430, 'tambor de acero', 'fas fa-drum-steelpan', '2023-04-12 13:20:32', NULL),
(431, 'picadura de baqueta', 'fas fa-drumstick-bite', '2023-04-12 13:20:32', NULL),
(432, 'drupal', 'fab fa-drupal', '2023-04-12 13:20:32', NULL),
(433, 'pesa', 'fas fa-dumbbell', '2023-04-12 13:20:32', NULL),
(434, 'contenedor de basura', 'fas fa-dumpster', '2023-04-12 13:20:32', NULL),
(435, 'fuego de basurero', 'fas fa-dumpster-fire', '2023-04-12 13:20:32', NULL),
(436, 'mazmorra', 'fas fa-dungeon', '2023-04-12 13:20:32', NULL),
(437, 'dyalog', 'fab fa-dyalog', '2023-04-12 13:20:32', NULL),
(438, 'anticipado', 'fab fa-earlybirds', '2023-04-12 13:20:32', NULL),
(439, 'eBay', 'fab fa-ebay', '2023-04-12 13:20:32', NULL),
(440, 'borde', 'fab fa-edge', '2023-04-12 13:20:32', NULL),
(441, 'editar', 'fas fa-edit', '2023-04-12 13:20:32', NULL),
(442, 'editar', 'far fa-edit', '2023-04-12 13:20:32', NULL),
(443, 'huevo', 'fas fa-egg', '2023-04-12 13:20:32', NULL),
(444, 'expulsar', 'fas fa-eject', '2023-04-12 13:20:32', NULL),
(445, 'elementor', 'fab fa-elementor', '2023-04-12 13:20:32', NULL),
(446, 'puntos suspensivos-h', 'fas fa-ellipsis-h', '2023-04-12 13:20:32', NULL),
(447, 'puntos suspensivos-v', 'fas fa-ellipsis-v', '2023-04-12 13:20:32', NULL),
(448, 'ello', 'fab fa-ello', '2023-04-12 13:20:32', NULL),
(449, 'ascua', 'fab fa-ember', '2023-04-12 13:20:32', NULL),
(450, 'imperio', 'fab fa-empire', '2023-04-12 13:20:32', NULL),
(451, 'sobre', 'fas fa-envelope', '2023-04-12 13:20:32', NULL),
(452, 'sobre', 'far fa-envelope', '2023-04-12 13:20:32', NULL),
(453, 'sobre abierto', 'fas fa-envelope-open', '2023-04-12 13:20:32', NULL),
(454, 'sobre abierto', 'far fa-envelope-open', '2023-04-12 13:20:32', NULL),
(455, 'sobre-texto-abierto', 'fas fa-envelope-open-text', '2023-04-12 13:20:32', NULL),
(456, 'sobre cuadrado', 'fas fa-envelope-square', '2023-04-12 13:20:32', NULL),
(457, 'envira', 'fab fa-envira', '2023-04-12 13:20:32', NULL),
(458, 'es igual', 'fas fa-equals', '2023-04-12 13:20:32', NULL),
(459, 'borrador', 'fas fa-eraser', '2023-04-12 13:20:32', NULL),
(460, 'erlang', 'fab fa-erlang', '2023-04-12 13:20:32', NULL),
(461, 'ethereum', 'fab fa-ethereum', '2023-04-12 13:20:32', NULL),
(462, 'ethernet', 'fas fa-ethernet', '2023-04-12 13:20:32', NULL),
(463, 'etsy', 'fab fa-etsy', '2023-04-12 13:20:32', NULL),
(464, 'signo del euro', 'fas fa-euro-sign', '2023-04-12 13:20:32', NULL),
(465, 'evernote', 'fab fa-evernote', '2023-04-12 13:20:32', NULL),
(466, 'exchange-alt', 'fas fa-exchange-alt', '2023-04-12 13:20:32', NULL),
(467, 'exclamacion', 'fas fa-exclamation', '2023-04-12 13:20:32', NULL),
(468, 'circulo de exclamacion', 'fas fa-exclamation-circle', '2023-04-12 13:20:32', NULL),
(469, 'triangulo de exclamacion', 'fas fa-exclamation-triangle', '2023-04-12 13:20:32', NULL),
(470, 'expandir', 'fas fa-expand', '2023-04-12 13:20:32', NULL),
(471, 'expand-alt', 'fas fa-expand-alt', '2023-04-12 13:20:32', NULL),
(472, 'expandir-flechas-alt', 'fas fa-expand-arrows-alt', '2023-04-12 13:20:32', NULL),
(473, 'expeditedssl', 'fab fa-expeditedssl', '2023-04-12 13:20:32', NULL),
(474, 'enlace-externo-alt', 'fas fa-external-link-alt', '2023-04-12 13:20:32', NULL),
(475, 'enlace-externo-cuadrado-alt', 'fas fa-external-link-square-alt', '2023-04-12 13:20:32', NULL),
(476, 'ojo', 'fas fa-eye', '2023-04-12 13:20:32', NULL),
(477, 'ojo', 'far fa-eye', '2023-04-12 13:20:32', NULL),
(478, 'cuentagotas', 'fas fa-eye-dropper', '2023-04-12 13:20:32', NULL),
(479, 'corte de ojos', 'fas fa-eye-slash', '2023-04-12 13:20:32', NULL),
(480, 'corte de ojos', 'far fa-eye-slash', '2023-04-12 13:20:32', NULL),
(481, 'Facebook', 'fab fa-facebook', '2023-04-12 13:20:32', NULL),
(482, 'facebook-f', 'fab fa-facebook-f', '2023-04-12 13:20:32', NULL),
(483, 'Facebook Messenger', 'fab fa-facebook-messenger', '2023-04-12 13:20:32', NULL),
(484, 'cuadrado de facebook', 'fab fa-facebook-square', '2023-04-12 13:20:32', NULL),
(485, 'ventilador', 'fas fa-fan', '2023-04-12 13:20:32', NULL),
(486, 'juegos de vuelo de fantasia', 'fab fa-fantasy-flight-games', '2023-04-12 13:20:32', NULL),
(487, 'retroceso rapido', 'fas fa-fast-backward', '2023-04-12 13:20:32', NULL),
(488, 'avance rapido', 'fas fa-fast-forward', '2023-04-12 13:20:32', NULL),
(489, 'fax', 'fas fa-fax', '2023-04-12 13:20:32', NULL),
(490, 'pluma', 'fas fa-feather', '2023-04-12 13:20:32', NULL),
(491, 'feather-alt', 'fas fa-feather-alt', '2023-04-12 13:20:32', NULL),
(492, 'Federal Express', 'fab fa-fedex', '2023-04-12 13:20:32', NULL),
(493, 'fedora', 'fab fa-fedora', '2023-04-12 13:20:32', NULL),
(494, 'hembra', 'fas fa-female', '2023-04-12 13:20:32', NULL),
(495, 'caza de reaccion', 'fas fa-fighter-jet', '2023-04-12 13:20:32', NULL),
(496, 'figma', 'fab fa-figma', '2023-04-12 13:20:32', NULL),
(497, 'archivo', 'fas fa-file', '2023-04-12 13:20:32', NULL),
(498, 'archivo', 'far fa-file', '2023-04-12 13:20:32', NULL),
(499, 'file-alt', 'fas fa-file-alt', '2023-04-12 13:20:32', NULL),
(500, 'file-alt', 'far fa-file-alt', '2023-04-12 13:20:32', NULL),
(501, 'archivo-archivo', 'fas fa-file-archive', '2023-04-12 13:20:32', NULL),
(502, 'archivo-archivo', 'far fa-file-archive', '2023-04-12 13:20:32', NULL),
(503, 'archivo de audio', 'fas fa-file-audio', '2023-04-12 13:20:32', NULL),
(504, 'archivo de audio', 'far fa-file-audio', '2023-04-12 13:20:32', NULL),
(505, 'codigo de archivo', 'fas fa-file-code', '2023-04-12 13:20:32', NULL),
(506, 'codigo de archivo', 'far fa-file-code', '2023-04-12 13:20:32', NULL),
(507, 'archivo-contrato', 'fas fa-file-contract', '2023-04-12 13:20:32', NULL),
(508, 'file-csv', 'fas fa-file-csv', '2023-04-12 13:20:32', NULL),
(509, 'descarga de archivos', 'fas fa-file-download', '2023-04-12 13:20:32', NULL),
(510, 'archivo-excel', 'fas fa-file-excel', '2023-04-12 13:20:32', NULL),
(511, 'archivo-excel', 'far fa-file-excel', '2023-04-12 13:20:32', NULL),
(512, 'exportacion de archivos', 'fas fa-file-export', '2023-04-12 13:20:32', NULL),
(513, 'imagen de archivo', 'fas fa-file-image', '2023-04-12 13:20:32', NULL),
(514, 'imagen de archivo', 'far fa-file-image', '2023-04-12 13:20:32', NULL),
(515, 'importacion de archivos', 'fas fa-file-import', '2023-04-12 13:20:32', NULL),
(516, 'factura de archivo', 'fas fa-file-invoice', '2023-04-12 13:20:32', NULL),
(517, 'archivo-factura-dolar', 'fas fa-file-invoice-dollar', '2023-04-12 13:20:32', NULL),
(518, 'archivo medico', 'fas fa-file-medical', '2023-04-12 13:20:32', NULL),
(519, 'file-medical-alt', 'fas fa-file-medical-alt', '2023-04-12 13:20:32', NULL),
(520, 'archivo-pdf', 'fas fa-file-pdf', '2023-04-12 13:20:32', NULL),
(521, 'archivo-pdf', 'far fa-file-pdf', '2023-04-12 13:20:32', NULL),
(522, 'archivo-powerpoint', 'fas fa-file-powerpoint', '2023-04-12 13:20:32', NULL),
(523, 'archivo-powerpoint', 'far fa-file-powerpoint', '2023-04-12 13:20:32', NULL),
(524, 'prescripcion de archivo', 'fas fa-file-prescription', '2023-04-12 13:20:32', NULL),
(525, 'firma de archivo', 'fas fa-file-signature', '2023-04-12 13:20:32', NULL),
(526, 'Subir archivo', 'fas fa-file-upload', '2023-04-12 13:20:32', NULL),
(527, 'archivo de video', 'fas fa-file-video', '2023-04-12 13:20:32', NULL),
(528, 'archivo de video', 'far fa-file-video', '2023-04-12 13:20:32', NULL),
(529, 'palabra-archivo', 'fas fa-file-word', '2023-04-12 13:20:32', NULL),
(530, 'palabra-archivo', 'far fa-file-word', '2023-04-12 13:20:32', NULL),
(531, 'llenar', 'fas fa-fill', '2023-04-12 13:20:32', NULL),
(532, 'relleno de goteo', 'fas fa-fill-drip', '2023-04-12 13:20:32', NULL),
(533, 'pelicula', 'fas fa-film', '2023-04-12 13:20:32', NULL),
(534, 'filtrar', 'fas fa-filter', '2023-04-12 13:20:32', NULL),
(535, 'huella dactilar', 'fas fa-fingerprint', '2023-04-12 13:20:32', NULL),
(536, 'fuego', 'fas fa-fire', '2023-04-12 13:20:32', NULL),
(537, 'fire-alt', 'fas fa-fire-alt', '2023-04-12 13:20:32', NULL),
(538, 'extintor de incendios', 'fas fa-fire-extinguisher', '2023-04-12 13:20:32', NULL),
(539, 'Firefox', 'fab fa-firefox', '2023-04-12 13:20:32', NULL),
(540, 'firefox-browser', 'fab fa-firefox-browser', '2023-04-12 13:20:32', NULL),
(541, 'primeros auxilios', 'fas fa-first-aid', '2023-04-12 13:20:32', NULL),
(542, 'primer orden', 'fab fa-first-order', '2023-04-12 13:20:32', NULL),
(543, 'primer orden-alt', 'fab fa-first-order-alt', '2023-04-12 13:20:32', NULL),
(544, 'primer borrador', 'fab fa-firstdraft', '2023-04-12 13:20:32', NULL),
(545, 'pez', 'fas fa-fish', '2023-04-12 13:20:32', NULL),
(546, 'puño en alto', 'fas fa-fist-raised', '2023-04-12 13:20:32', NULL),
(547, 'bandera', 'fas fa-flag', '2023-04-12 13:20:32', NULL),
(548, 'bandera', 'far fa-flag', '2023-04-12 13:20:32', NULL),
(549, 'bandera a cuadros', 'fas fa-flag-checkered', '2023-04-12 13:20:32', NULL),
(550, 'bandera-usa', 'fas fa-flag-usa', '2023-04-12 13:20:32', NULL),
(551, 'matraz', 'fas fa-flask', '2023-04-12 13:20:32', NULL),
(552, 'flickr', 'fab fa-flickr', '2023-04-12 13:20:32', NULL),
(553, 'flipboard', 'fab fa-flipboard', '2023-04-12 13:20:32', NULL),
(554, 'sonrojado', 'fas fa-flushed', '2023-04-12 13:20:32', NULL),
(555, 'sonrojado', 'far fa-flushed', '2023-04-12 13:20:32', NULL),
(556, 'volar', 'fab fa-fly', '2023-04-12 13:20:32', NULL),
(557, 'carpeta', 'fas fa-folder', '2023-04-12 13:20:32', NULL),
(558, 'carpeta', 'far fa-folder', '2023-04-12 13:20:32', NULL),
(559, 'carpeta-menos', 'fas fa-folder-minus', '2023-04-12 13:20:32', NULL),
(560, 'carpeta abierta', 'fas fa-folder-open', '2023-04-12 13:20:32', NULL),
(561, 'carpeta abierta', 'far fa-folder-open', '2023-04-12 13:20:32', NULL),
(562, 'carpeta-plus', 'fas fa-folder-plus', '2023-04-12 13:20:32', NULL),
(563, 'fuente', 'fas fa-font', '2023-04-12 13:20:32', NULL),
(564, 'font-awesome', 'fab fa-font-awesome', '2023-04-12 13:20:32', NULL),
(565, 'font-awesome-alt', 'fab fa-font-awesome-alt', '2023-04-12 13:20:32', NULL),
(566, 'font-awesome-flag', 'fab fa-font-awesome-flag', '2023-04-12 13:20:32', NULL),
(567, 'fonticons', 'fab fa-fonticons', '2023-04-12 13:20:32', NULL),
(568, 'fonticons-fi', 'fab fa-fonticons-fi', '2023-04-12 13:20:32', NULL),
(569, 'pelota de futbol', 'fas fa-football-ball', '2023-04-12 13:20:32', NULL),
(570, 'fuerte-impresionante', 'fab fa-fort-awesome', '2023-04-12 13:20:32', NULL),
(571, 'fort-awesome-alt', 'fab fa-fort-awesome-alt', '2023-04-12 13:20:32', NULL),
(572, 'forumbee', 'fab fa-forumbee', '2023-04-12 13:20:32', NULL),
(573, 'adelante', 'fas fa-forward', '2023-04-12 13:20:32', NULL),
(574, 'firme', 'fab fa-foursquare', '2023-04-12 13:20:32', NULL),
(575, 'campo de codigo libre', 'fab fa-free-code-camp', '2023-04-12 13:20:32', NULL),
(576, 'freebsd', 'fab fa-freebsd', '2023-04-12 13:20:32', NULL),
(577, 'rana', 'fas fa-frog', '2023-04-12 13:20:32', NULL),
(578, 'fruncir el ceño', 'fas fa-frown', '2023-04-12 13:20:32', NULL),
(579, 'fruncir el ceño', 'far fa-frown', '2023-04-12 13:20:32', NULL),
(580, 'fruncir el ceño', 'fas fa-frown-open', '2023-04-12 13:20:32', NULL),
(581, 'fruncir el ceño', 'far fa-frown-open', '2023-04-12 13:20:32', NULL),
(582, 'fulcro', 'fab fa-fulcrum', '2023-04-12 13:20:32', NULL),
(583, 'dolar-embudo', 'fas fa-funnel-dollar', '2023-04-12 13:20:32', NULL),
(584, 'futbol', 'fas fa-futbol', '2023-04-12 13:20:32', NULL),
(585, 'futbol', 'far fa-futbol', '2023-04-12 13:20:32', NULL),
(586, 'republica galactica', 'fab fa-galactic-republic', '2023-04-12 13:20:32', NULL),
(587, 'senado galactico', 'fab fa-galactic-senate', '2023-04-12 13:20:32', NULL),
(588, 'gamepad', 'fas fa-gamepad', '2023-04-12 13:20:32', NULL),
(589, 'bomba de gas', 'fas fa-gas-pump', '2023-04-12 13:20:32', NULL),
(590, 'mazo', 'fas fa-gavel', '2023-04-12 13:20:32', NULL),
(591, 'joya', 'fas fa-gem', '2023-04-12 13:20:32', NULL),
(592, 'joya', 'far fa-gem', '2023-04-12 13:20:32', NULL),
(593, 'sin genero', 'fas fa-genderless', '2023-04-12 13:20:32', NULL),
(594, 'bolsillo', 'fab fa-get-pocket', '2023-04-12 13:20:32', NULL),
(595, 'gg', 'fab fa-gg', '2023-04-12 13:20:32', NULL),
(596, 'gg-circle', 'fab fa-gg-circle', '2023-04-12 13:20:32', NULL),
(597, 'fantasma', 'fas fa-ghost', '2023-04-12 13:20:32', NULL),
(598, 'regalo', 'fas fa-gift', '2023-04-12 13:20:32', NULL),
(599, 'regalos', 'fas fa-gifts', '2023-04-12 13:20:32', NULL),
(600, 'git', 'fab fa-git', '2023-04-12 13:20:32', NULL),
(601, 'git-alt', 'fab fa-git-alt', '2023-04-12 13:20:32', NULL),
(602, 'git-square', 'fab fa-git-square', '2023-04-12 13:20:32', NULL),
(603, 'github', 'fab fa-github', '2023-04-12 13:20:32', NULL),
(604, 'github-alt', 'fab fa-github-alt', '2023-04-12 13:20:32', NULL),
(605, 'github-square', 'fab fa-github-square', '2023-04-12 13:20:32', NULL),
(606, 'gitkraken', 'fab fa-gitkraken', '2023-04-12 13:20:32', NULL),
(607, 'gitlab', 'fab fa-gitlab', '2023-04-12 13:20:32', NULL),
(608, 'gitter', 'fab fa-gitter', '2023-04-12 13:20:32', NULL),
(609, 'aclamaciones de vidrio', 'fas fa-glass-cheers', '2023-04-12 13:20:32', NULL),
(610, 'copa de martini', 'fas fa-glass-martini', '2023-04-12 13:20:32', NULL),
(611, 'copa-martini-alt', 'fas fa-glass-martini-alt', '2023-04-12 13:20:32', NULL),
(612, 'whisky de vidrio', 'fas fa-glass-whiskey', '2023-04-12 13:20:32', NULL),
(613, 'vasos', 'fas fa-glasses', '2023-04-12 13:20:32', NULL),
(614, 'deslizamiento', 'fab fa-glide', '2023-04-12 13:20:32', NULL),
(615, 'deslizarse-g', 'fab fa-glide-g', '2023-04-12 13:20:32', NULL),
(616, 'globo', 'fas fa-globe', '2023-04-12 13:20:32', NULL),
(617, 'globo-africa', 'fas fa-globe-africa', '2023-04-12 13:20:32', NULL),
(618, 'globo-americas', 'fas fa-globe-americas', '2023-04-12 13:20:32', NULL),
(619, 'globo-asia', 'fas fa-globe-asia', '2023-04-12 13:20:32', NULL),
(620, 'globo-europa', 'fas fa-globe-europe', '2023-04-12 13:20:32', NULL),
(621, 'gofore', 'fab fa-gofore', '2023-04-12 13:20:32', NULL),
(622, 'pelota de golf', 'fas fa-golf-ball', '2023-04-12 13:20:32', NULL),
(623, 'Goodreads', 'fab fa-goodreads', '2023-04-12 13:20:32', NULL),
(624, 'goodreads-g', 'fab fa-goodreads-g', '2023-04-12 13:20:32', NULL),
(625, 'google', 'fab fa-google', '2023-04-12 13:20:32', NULL),
(626, 'Google Drive', 'fab fa-google-drive', '2023-04-12 13:20:32', NULL),
(627, 'Google Play', 'fab fa-google-play', '2023-04-12 13:20:32', NULL),
(628, 'Google Mas', 'fab fa-google-plus', '2023-04-12 13:20:32', NULL),
(629, 'google-plus-g', 'fab fa-google-plus-g', '2023-04-12 13:20:32', NULL),
(630, 'google-plus-square', 'fab fa-google-plus-square', '2023-04-12 13:20:32', NULL),
(631, 'Cartera de Google', 'fab fa-google-wallet', '2023-04-12 13:20:32', NULL),
(632, 'gopuram', 'fas fa-gopuram', '2023-04-12 13:20:32', NULL),
(633, 'gorro de graduacion', 'fas fa-graduation-cap', '2023-04-12 13:20:32', NULL),
(634, 'gratipay', 'fab fa-gratipay', '2023-04-12 13:20:32', NULL),
(635, 'grav', 'fab fa-grav', '2023-04-12 13:20:32', NULL),
(636, 'mas grande que', 'fas fa-greater-than', '2023-04-12 13:20:32', NULL),
(637, 'mayor que igual', 'fas fa-greater-than-equal', '2023-04-12 13:20:32', NULL),
(638, 'mueca', 'fas fa-grimace', '2023-04-12 13:20:32', NULL),
(639, 'mueca', 'far fa-grimace', '2023-04-12 13:20:32', NULL),
(640, 'mueca', 'fas fa-grin', '2023-04-12 13:20:32', NULL),
(641, 'mueca', 'far fa-grin', '2023-04-12 13:20:33', NULL),
(642, 'grin-alt', 'fas fa-grin-alt', '2023-04-12 13:20:33', NULL),
(643, 'grin-alt', 'far fa-grin-alt', '2023-04-12 13:20:33', NULL),
(644, 'haz de sonrisa', 'fas fa-grin-beam', '2023-04-12 13:20:33', NULL),
(645, 'haz de sonrisa', 'far fa-grin-beam', '2023-04-12 13:20:33', NULL),
(646, 'sonrisa-haz-sudor', 'fas fa-grin-beam-sweat', '2023-04-12 13:20:33', NULL),
(647, 'sonrisa-haz-sudor', 'far fa-grin-beam-sweat', '2023-04-12 13:20:33', NULL),
(648, 'corazones sonrientes', 'fas fa-grin-hearts', '2023-04-12 13:20:33', NULL),
(649, 'corazones sonrientes', 'far fa-grin-hearts', '2023-04-12 13:20:33', NULL),
(650, 'entrecerrar los ojos', 'fas fa-grin-squint', '2023-04-12 13:20:33', NULL),
(651, 'entrecerrar los ojos', 'far fa-grin-squint', '2023-04-12 13:20:33', NULL),
(652, 'sonreir entrecerrar los ojos', 'fas fa-grin-squint-tears', '2023-04-12 13:20:33', NULL),
(653, 'sonreir entrecerrar los ojos', 'far fa-grin-squint-tears', '2023-04-12 13:20:33', NULL),
(654, 'estrellas sonrientes', 'fas fa-grin-stars', '2023-04-12 13:20:33', NULL),
(655, 'estrellas sonrientes', 'far fa-grin-stars', '2023-04-12 13:20:33', NULL),
(656, 'sonrisas', 'fas fa-grin-tears', '2023-04-12 13:20:33', NULL),
(657, 'sonrisas', 'far fa-grin-tears', '2023-04-12 13:20:33', NULL),
(658, 'lengua sonriente', 'fas fa-grin-tongue', '2023-04-12 13:20:33', NULL),
(659, 'lengua sonriente', 'far fa-grin-tongue', '2023-04-12 13:20:33', NULL),
(660, 'entrecerrar la lengua', 'fas fa-grin-tongue-squint', '2023-04-12 13:20:33', NULL),
(661, 'entrecerrar la lengua', 'far fa-grin-tongue-squint', '2023-04-12 13:20:33', NULL),
(662, 'guiño de lengua', 'fas fa-grin-tongue-wink', '2023-04-12 13:20:33', NULL),
(663, 'guiño de lengua', 'far fa-grin-tongue-wink', '2023-04-12 13:20:33', NULL),
(664, 'guiño', 'fas fa-grin-wink', '2023-04-12 13:20:33', NULL),
(665, 'guiño', 'far fa-grin-wink', '2023-04-12 13:20:33', NULL),
(666, 'agarre horizontal', 'fas fa-grip-horizontal', '2023-04-12 13:20:33', NULL),
(667, 'lineas de agarre', 'fas fa-grip-lines', '2023-04-12 13:20:33', NULL),
(668, 'lineas de agarre verticales', 'fas fa-grip-lines-vertical', '2023-04-12 13:20:33', NULL),
(669, 'agarre vertical', 'fas fa-grip-vertical', '2023-04-12 13:20:33', NULL),
(670, 'gripfire', 'fab fa-gripfire', '2023-04-12 13:20:33', NULL),
(671, 'gruñido', 'fab fa-grunt', '2023-04-12 13:20:33', NULL),
(672, 'guitarra', 'fas fa-guitar', '2023-04-12 13:20:33', NULL),
(673, 'trago', 'fab fa-gulp', '2023-04-12 13:20:33', NULL),
(674, 'cuadrado h', 'fas fa-h-square', '2023-04-12 13:20:33', NULL),
(675, 'noticias hacker', 'fab fa-hacker-news', '2023-04-12 13:20:33', NULL),
(676, 'hacker-news-square', 'fab fa-hacker-news-square', '2023-04-12 13:20:33', NULL),
(677, 'hackerrank', 'fab fa-hackerrank', '2023-04-12 13:20:33', NULL),
(678, 'hamburguesa', 'fas fa-hamburger', '2023-04-12 13:20:33', NULL),
(679, 'martillo', 'fas fa-hammer', '2023-04-12 13:20:33', NULL),
(680, 'hamsa', 'fas fa-hamsa', '2023-04-12 13:20:33', NULL),
(681, 'tomar de las manos', 'fas fa-hand-holding', '2023-04-12 13:20:33', NULL),
(682, 'corazon de mano', 'fas fa-hand-holding-heart', '2023-04-12 13:20:33', NULL),
(683, 'mano-usd', 'fas fa-hand-holding-usd', '2023-04-12 13:20:33', NULL),
(684, 'lagarto de mano', 'fas fa-hand-lizard', '2023-04-12 13:20:33', NULL),
(685, 'lagarto de mano', 'far fa-hand-lizard', '2023-04-12 13:20:33', NULL),
(686, 'mano-dedo medio', 'fas fa-hand-middle-finger', '2023-04-12 13:20:33', NULL),
(687, 'papel de mano', 'fas fa-hand-paper', '2023-04-12 13:20:33', NULL),
(688, 'papel de mano', 'far fa-hand-paper', '2023-04-12 13:20:33', NULL),
(689, 'paz de manos', 'fas fa-hand-peace', '2023-04-12 13:20:33', NULL),
(690, 'paz de manos', 'far fa-hand-peace', '2023-04-12 13:20:33', NULL),
(691, 'hand-point-down', 'fas fa-hand-point-down', '2023-04-12 13:20:33', NULL),
(692, 'hand-point-down', 'far fa-hand-point-down', '2023-04-12 13:20:33', NULL),
(693, 'mano-punto-izquierda', 'fas fa-hand-point-left', '2023-04-12 13:20:33', NULL),
(694, 'mano-punto-izquierda', 'far fa-hand-point-left', '2023-04-12 13:20:33', NULL),
(695, 'mano-punto-derecha', 'fas fa-hand-point-right', '2023-04-12 13:20:33', NULL),
(696, 'mano-punto-derecha', 'far fa-hand-point-right', '2023-04-12 13:20:33', NULL),
(697, 'apuntar hacia arriba', 'fas fa-hand-point-up', '2023-04-12 13:20:33', NULL),
(698, 'apuntar hacia arriba', 'far fa-hand-point-up', '2023-04-12 13:20:33', NULL),
(699, 'puntero de mano', 'fas fa-hand-pointer', '2023-04-12 13:20:33', NULL),
(700, 'puntero de mano', 'far fa-hand-pointer', '2023-04-12 13:20:33', NULL),
(701, 'mano-roca', 'fas fa-hand-rock', '2023-04-12 13:20:33', NULL),
(702, 'mano-roca', 'far fa-hand-rock', '2023-04-12 13:20:33', NULL),
(703, 'tijeras de mano', 'fas fa-hand-scissors', '2023-04-12 13:20:33', NULL);
INSERT INTO `icono` (`id`, `nom_icono`, `clase_icono`, `created_at`, `updated_at`) VALUES
(704, 'tijeras de mano', 'far fa-hand-scissors', '2023-04-12 13:20:33', NULL),
(705, 'Spock de mano', 'fas fa-hand-spock', '2023-04-12 13:20:33', NULL),
(706, 'Spock de mano', 'far fa-hand-spock', '2023-04-12 13:20:33', NULL),
(707, 'manos', 'fas fa-hands', '2023-04-12 13:20:33', NULL),
(708, 'ayuda de manos', 'fas fa-hands-helping', '2023-04-12 13:20:33', NULL),
(709, 'apreton de manos', 'fas fa-handshake', '2023-04-12 13:20:33', NULL),
(710, 'apreton de manos', 'far fa-handshake', '2023-04-12 13:20:33', NULL),
(711, 'hanukiah', 'fas fa-hanukiah', '2023-04-12 13:20:33', NULL),
(712, 'casco de seguridad', 'fas fa-hard-hat', '2023-04-12 13:20:33', NULL),
(713, 'hashtag', 'fas fa-hashtag', '2023-04-12 13:20:33', NULL),
(714, 'sombrero vaquero', 'fas fa-hat-cowboy', '2023-04-12 13:20:33', NULL),
(715, 'sombrero de vaquero', 'fas fa-hat-cowboy-side', '2023-04-12 13:20:33', NULL),
(716, 'mago sombrero', 'fas fa-hat-wizard', '2023-04-12 13:20:33', NULL),
(717, 'disco duro', 'fas fa-hdd', '2023-04-12 13:20:33', NULL),
(718, 'disco duro', 'far fa-hdd', '2023-04-12 13:20:33', NULL),
(719, 'titulo', 'fas fa-heading', '2023-04-12 13:20:33', NULL),
(720, 'auriculares', 'fas fa-headphones', '2023-04-12 13:20:33', NULL),
(721, 'auriculares-alt', 'fas fa-headphones-alt', '2023-04-12 13:20:33', NULL),
(722, 'auriculares', 'fas fa-headset', '2023-04-12 13:20:33', NULL),
(723, 'corazon', 'fas fa-heart', '2023-04-12 13:20:33', NULL),
(724, 'corazon', 'far fa-heart', '2023-04-12 13:20:33', NULL),
(725, 'desgarrado', 'fas fa-heart-broken', '2023-04-12 13:20:33', NULL),
(726, 'latido del corazon', 'fas fa-heartbeat', '2023-04-12 13:20:33', NULL),
(727, 'helicoptero', 'fas fa-helicopter', '2023-04-12 13:20:33', NULL),
(728, 'resaltador', 'fas fa-highlighter', '2023-04-12 13:20:33', NULL),
(729, 'excursionismo', 'fas fa-hiking', '2023-04-12 13:20:33', NULL),
(730, 'hipopotamo', 'fas fa-hippo', '2023-04-12 13:20:33', NULL),
(731, 'caderas', 'fab fa-hips', '2023-04-12 13:20:33', NULL),
(732, 'contratar un ayudante', 'fab fa-hire-a-helper', '2023-04-12 13:20:33', NULL),
(733, 'historia', 'fas fa-history', '2023-04-12 13:20:33', NULL),
(734, 'disco de hockey', 'fas fa-hockey-puck', '2023-04-12 13:20:33', NULL),
(735, 'baya de acebo', 'fas fa-holly-berry', '2023-04-12 13:20:33', NULL),
(736, 'casa', 'fas fa-home', '2023-04-12 13:20:33', NULL),
(737, 'hooli', 'fab fa-hooli', '2023-04-12 13:20:33', NULL),
(738, 'calao', 'fab fa-hornbill', '2023-04-12 13:20:33', NULL),
(739, 'caballo', 'fas fa-horse', '2023-04-12 13:20:33', NULL),
(740, 'cabeza de caballo', 'fas fa-horse-head', '2023-04-12 13:20:33', NULL),
(741, 'hospital', 'fas fa-hospital', '2023-04-12 13:20:33', NULL),
(742, 'hospital', 'far fa-hospital', '2023-04-12 13:20:33', NULL),
(743, 'hospital-alt', 'fas fa-hospital-alt', '2023-04-12 13:20:33', NULL),
(744, 'simbolo de hospital', 'fas fa-hospital-symbol', '2023-04-12 13:20:33', NULL),
(745, 'Bañera de hidromasaje', 'fas fa-hot-tub', '2023-04-12 13:20:33', NULL),
(746, 'Pancho', 'fas fa-hotdog', '2023-04-12 13:20:33', NULL),
(747, 'hotel', 'fas fa-hotel', '2023-04-12 13:20:33', NULL),
(748, 'hotjar', 'fab fa-hotjar', '2023-04-12 13:20:33', NULL),
(749, 'reloj de arena', 'fas fa-hourglass', '2023-04-12 13:20:33', NULL),
(750, 'reloj de arena', 'far fa-hourglass', '2023-04-12 13:20:33', NULL),
(751, 'reloj de arena', 'fas fa-hourglass-end', '2023-04-12 13:20:33', NULL),
(752, 'medio reloj de arena', 'fas fa-hourglass-half', '2023-04-12 13:20:33', NULL),
(753, 'inicio de reloj de arena', 'fas fa-hourglass-start', '2023-04-12 13:20:33', NULL),
(754, 'daño a la casa', 'fas fa-house-damage', '2023-04-12 13:20:33', NULL),
(755, 'houzz', 'fab fa-houzz', '2023-04-12 13:20:33', NULL),
(756, 'hryvnia', 'fas fa-hryvnia', '2023-04-12 13:20:33', NULL),
(757, 'html5', 'fab fa-html5', '2023-04-12 13:20:33', NULL),
(758, 'hubspot', 'fab fa-hubspot', '2023-04-12 13:20:33', NULL),
(759, 'i-cursor', 'fas fa-i-cursor', '2023-04-12 13:20:33', NULL),
(760, 'helado', 'fas fa-ice-cream', '2023-04-12 13:20:33', NULL),
(761, 'carambanos', 'fas fa-icicles', '2023-04-12 13:20:33', NULL),
(762, 'iconos', 'fas fa-icons', '2023-04-12 13:20:33', NULL),
(763, 'ID insignia', 'fas fa-id-badge', '2023-04-12 13:20:33', NULL),
(764, 'ID insignia', 'far fa-id-badge', '2023-04-12 13:20:33', NULL),
(765, 'tarjeta de identificacion', 'fas fa-id-card', '2023-04-12 13:20:33', NULL),
(766, 'tarjeta de identificacion', 'far fa-id-card', '2023-04-12 13:20:33', NULL),
(767, 'id-card-alt', 'fas fa-id-card-alt', '2023-04-12 13:20:33', NULL),
(768, 'ideal', 'fab fa-ideal', '2023-04-12 13:20:33', NULL),
(769, 'iglu', 'fas fa-igloo', '2023-04-12 13:20:33', NULL),
(770, 'imagen', 'fas fa-image', '2023-04-12 13:20:33', NULL),
(771, 'imagen', 'far fa-image', '2023-04-12 13:20:33', NULL),
(772, 'imagenes', 'fas fa-images', '2023-04-12 13:20:33', NULL),
(773, 'imagenes', 'far fa-images', '2023-04-12 13:20:33', NULL),
(774, 'imdb', 'fab fa-imdb', '2023-04-12 13:20:33', NULL),
(775, 'bandeja de entrada', 'fas fa-inbox', '2023-04-12 13:20:33', NULL),
(776, 'sangrar', 'fas fa-indent', '2023-04-12 13:20:33', NULL),
(777, 'industria', 'fas fa-industry', '2023-04-12 13:20:33', NULL),
(778, 'infinito', 'fas fa-infinity', '2023-04-12 13:20:33', NULL),
(779, 'informacion', 'fas fa-info', '2023-04-12 13:20:33', NULL),
(780, 'circulo de informacion', 'fas fa-info-circle', '2023-04-12 13:20:33', NULL),
(781, 'instagram', 'fab fa-instagram', '2023-04-12 13:20:33', NULL),
(782, 'intercomunicador', 'fab fa-intercom', '2023-04-12 13:20:33', NULL),
(783, 'explorador de Internet', 'fab fa-internet-explorer', '2023-04-12 13:20:33', NULL),
(784, 'invision', 'fab fa-invision', '2023-04-12 13:20:33', NULL),
(785, 'ioxhost', 'fab fa-ioxhost', '2023-04-12 13:20:33', NULL),
(786, 'italico', 'fas fa-italic', '2023-04-12 13:20:33', NULL),
(787, 'picor-io', 'fab fa-itch-io', '2023-04-12 13:20:33', NULL),
(788, 'iTunes', 'fab fa-itunes', '2023-04-12 13:20:33', NULL),
(789, 'nota de iTunes', 'fab fa-itunes-note', '2023-04-12 13:20:33', NULL),
(790, 'Java', 'fab fa-java', '2023-04-12 13:20:33', NULL),
(791, 'jedi', 'fas fa-jedi', '2023-04-12 13:20:33', NULL),
(792, 'orden jedi', 'fab fa-jedi-order', '2023-04-12 13:20:33', NULL),
(793, 'jenkins', 'fab fa-jenkins', '2023-04-12 13:20:33', NULL),
(794, 'jira', 'fab fa-jira', '2023-04-12 13:20:33', NULL),
(795, 'joget', 'fab fa-joget', '2023-04-12 13:20:33', NULL),
(796, 'articulacion', 'fas fa-joint', '2023-04-12 13:20:33', NULL),
(797, 'joomla', 'fab fa-joomla', '2023-04-12 13:20:33', NULL),
(798, 'diario-whills', 'fas fa-journal-whills', '2023-04-12 13:20:33', NULL),
(799, 'js', 'fab fa-js', '2023-04-12 13:20:33', NULL),
(800, 'js-square', 'fab fa-js-square', '2023-04-12 13:20:33', NULL),
(801, 'jsfiddle', 'fab fa-jsfiddle', '2023-04-12 13:20:33', NULL),
(802, 'kaaba', 'fas fa-kaaba', '2023-04-12 13:20:33', NULL),
(803, 'kaggle', 'fab fa-kaggle', '2023-04-12 13:20:33', NULL),
(804, 'llave', 'fas fa-key', '2023-04-12 13:20:33', NULL),
(805, 'base clave', 'fab fa-keybase', '2023-04-12 13:20:33', NULL),
(806, 'teclado', 'fas fa-keyboard', '2023-04-12 13:20:33', NULL),
(807, 'teclado', 'far fa-keyboard', '2023-04-12 13:20:33', NULL),
(808, 'keycdn', 'fab fa-keycdn', '2023-04-12 13:20:33', NULL),
(809, 'khanda', 'fas fa-khanda', '2023-04-12 13:20:33', NULL),
(810, 'pedal de arranque', 'fab fa-kickstarter', '2023-04-12 13:20:33', NULL),
(811, 'kickstarter-k', 'fab fa-kickstarter-k', '2023-04-12 13:20:33', NULL),
(812, 'Beso', 'fas fa-kiss', '2023-04-12 13:20:33', NULL),
(813, 'Beso', 'far fa-kiss', '2023-04-12 13:20:33', NULL),
(814, 'haz de beso', 'fas fa-kiss-beam', '2023-04-12 13:20:33', NULL),
(815, 'haz de beso', 'far fa-kiss-beam', '2023-04-12 13:20:33', NULL),
(816, 'beso-guiño-corazon', 'fas fa-kiss-wink-heart', '2023-04-12 13:20:33', NULL),
(817, 'beso-guiño-corazon', 'far fa-kiss-wink-heart', '2023-04-12 13:20:33', NULL),
(818, 'pajaro del kiwi', 'fas fa-kiwi-bird', '2023-04-12 13:20:33', NULL),
(819, 'korvue', 'fab fa-korvue', '2023-04-12 13:20:33', NULL),
(820, 'punto de referencia', 'fas fa-landmark', '2023-04-12 13:20:33', NULL),
(821, 'idioma', 'fas fa-language', '2023-04-12 13:20:33', NULL),
(822, 'ordenador portatil', 'fas fa-laptop', '2023-04-12 13:20:33', NULL),
(823, 'codigo de computadora portatil', 'fas fa-laptop-code', '2023-04-12 13:20:33', NULL),
(824, 'laptop-medical', 'fas fa-laptop-medical', '2023-04-12 13:20:33', NULL),
(825, 'laravel', 'fab fa-laravel', '2023-04-12 13:20:33', NULL),
(826, 'Last FM', 'fab fa-lastfm', '2023-04-12 13:20:33', NULL),
(827, 'lastfm-square', 'fab fa-lastfm-square', '2023-04-12 13:20:33', NULL),
(828, 'risa', 'fas fa-laugh', '2023-04-12 13:20:33', NULL),
(829, 'risa', 'far fa-laugh', '2023-04-12 13:20:33', NULL),
(830, 'haz de risa', 'fas fa-laugh-beam', '2023-04-12 13:20:33', NULL),
(831, 'haz de risa', 'far fa-laugh-beam', '2023-04-12 13:20:33', NULL),
(832, 'entrecerrar los ojos', 'fas fa-laugh-squint', '2023-04-12 13:20:33', NULL),
(833, 'entrecerrar los ojos', 'far fa-laugh-squint', '2023-04-12 13:20:33', NULL),
(834, 'guiño de risa', 'fas fa-laugh-wink', '2023-04-12 13:20:33', NULL),
(835, 'guiño de risa', 'far fa-laugh-wink', '2023-04-12 13:20:33', NULL),
(836, 'grupo de capas', 'fas fa-layer-group', '2023-04-12 13:20:33', NULL),
(837, 'hoja', 'fas fa-leaf', '2023-04-12 13:20:33', NULL),
(838, 'leanpub', 'fab fa-leanpub', '2023-04-12 13:20:33', NULL),
(839, 'limon', 'fas fa-lemon', '2023-04-12 13:20:33', NULL),
(840, 'limon', 'far fa-lemon', '2023-04-12 13:20:33', NULL),
(841, 'Menos', 'fab fa-less', '2023-04-12 13:20:33', NULL),
(842, 'menos que', 'fas fa-less-than', '2023-04-12 13:20:33', NULL),
(843, 'menos que igual', 'fas fa-less-than-equal', '2023-04-12 13:20:33', NULL),
(844, 'nivel-abajo-alt', 'fas fa-level-down-alt', '2023-04-12 13:20:33', NULL),
(845, 'subir de nivel', 'fas fa-level-up-alt', '2023-04-12 13:20:33', NULL),
(846, 'anillo de vida', 'fas fa-life-ring', '2023-04-12 13:20:33', NULL),
(847, 'anillo de vida', 'far fa-life-ring', '2023-04-12 13:20:33', NULL),
(848, 'bombilla', 'fas fa-lightbulb', '2023-04-12 13:20:33', NULL),
(849, 'bombilla', 'far fa-lightbulb', '2023-04-12 13:20:33', NULL),
(850, 'linea', 'fab fa-line', '2023-04-12 13:20:33', NULL),
(851, 'enlazar', 'fas fa-link', '2023-04-12 13:20:33', NULL),
(852, 'linkedin', 'fab fa-linkedin', '2023-04-12 13:20:33', NULL),
(853, 'linkedin-in', 'fab fa-linkedin-in', '2023-04-12 13:20:33', NULL),
(854, 'linode', 'fab fa-linode', '2023-04-12 13:20:33', NULL),
(855, 'linux', 'fab fa-linux', '2023-04-12 13:20:33', NULL),
(856, 'signo de lira', 'fas fa-lira-sign', '2023-04-12 13:20:33', NULL),
(857, 'lista', 'fas fa-list', '2023-04-12 13:20:33', NULL),
(858, 'list-alt', 'fas fa-list-alt', '2023-04-12 13:20:33', NULL),
(859, 'list-alt', 'far fa-list-alt', '2023-04-12 13:20:33', NULL),
(860, 'list-ol', 'fas fa-list-ol', '2023-04-12 13:20:33', NULL),
(861, 'list-ul', 'fas fa-list-ul', '2023-04-12 13:20:33', NULL),
(862, 'ubicacion-flecha', 'fas fa-location-arrow', '2023-04-12 13:20:33', NULL),
(863, 'bloquear', 'fas fa-lock', '2023-04-12 13:20:33', NULL),
(864, 'cerradura abierta', 'fas fa-lock-open', '2023-04-12 13:20:33', NULL),
(865, 'flecha larga-alt-abajo', 'fas fa-long-arrow-alt-down', '2023-04-12 13:20:33', NULL),
(866, 'flecha larga-alt-izquierda', 'fas fa-long-arrow-alt-left', '2023-04-12 13:20:33', NULL),
(867, 'flecha larga-alt-derecha', 'fas fa-long-arrow-alt-right', '2023-04-12 13:20:33', NULL),
(868, 'flecha larga-alt-arriba', 'fas fa-long-arrow-alt-up', '2023-04-12 13:20:33', NULL),
(869, 'vision baja', 'fas fa-low-vision', '2023-04-12 13:20:33', NULL),
(870, 'carrito de equipaje', 'fas fa-luggage-cart', '2023-04-12 13:20:33', NULL),
(871, 'Lyft', 'fab fa-lyft', '2023-04-12 13:20:33', NULL),
(872, 'magento', 'fab fa-magento', '2023-04-12 13:20:33', NULL),
(873, 'magico', 'fas fa-magic', '2023-04-12 13:20:33', NULL),
(874, 'iman', 'fas fa-magnet', '2023-04-12 13:20:33', NULL),
(875, 'correo masivo', 'fas fa-mail-bulk', '2023-04-12 13:20:33', NULL),
(876, 'mailchimp', 'fab fa-mailchimp', '2023-04-12 13:20:33', NULL),
(877, 'masculino', 'fas fa-male', '2023-04-12 13:20:33', NULL),
(878, 'mandaloriano', 'fab fa-mandalorian', '2023-04-12 13:20:33', NULL),
(879, 'mapa', 'fas fa-map', '2023-04-12 13:20:33', NULL),
(880, 'mapa', 'far fa-map', '2023-04-12 13:20:33', NULL),
(881, 'marcado en el mapa', 'fas fa-map-marked', '2023-04-12 13:20:33', NULL),
(882, 'mapa-marcado-alt', 'fas fa-map-marked-alt', '2023-04-12 13:20:33', NULL),
(883, 'marcador de mapa', 'fas fa-map-marker', '2023-04-12 13:20:33', NULL),
(884, 'map-marker-alt', 'fas fa-map-marker-alt', '2023-04-12 13:20:33', NULL),
(885, 'pin de mapa', 'fas fa-map-pin', '2023-04-12 13:20:33', NULL),
(886, 'signos de mapa', 'fas fa-map-signs', '2023-04-12 13:20:33', NULL),
(887, 'reduccion', 'fab fa-markdown', '2023-04-12 13:20:33', NULL),
(888, 'marcador', 'fas fa-marker', '2023-04-12 13:20:33', NULL),
(889, 'Marte', 'fas fa-mars', '2023-04-12 13:20:33', NULL),
(890, 'doble de marte', 'fas fa-mars-double', '2023-04-12 13:20:33', NULL),
(891, 'carrera de marte', 'fas fa-mars-stroke', '2023-04-12 13:20:33', NULL),
(892, 'mars-stroke-h', 'fas fa-mars-stroke-h', '2023-04-12 13:20:33', NULL),
(893, 'mars-stroke-v', 'fas fa-mars-stroke-v', '2023-04-12 13:20:33', NULL),
(894, 'mascara', 'fas fa-mask', '2023-04-12 13:20:33', NULL),
(895, 'mastodonte', 'fab fa-mastodon', '2023-04-12 13:20:33', NULL),
(896, 'maxcdn', 'fab fa-maxcdn', '2023-04-12 13:20:33', NULL),
(897, 'mdb', 'fab fa-mdb', '2023-04-12 13:20:33', NULL),
(898, 'medalla', 'fas fa-medal', '2023-04-12 13:20:33', NULL),
(899, 'Medapps', 'fab fa-medapps', '2023-04-12 13:20:33', NULL),
(900, 'medio', 'fab fa-medium', '2023-04-12 13:20:33', NULL),
(901, 'medio m', 'fab fa-medium-m', '2023-04-12 13:20:33', NULL),
(902, 'botiquin', 'fas fa-medkit', '2023-04-12 13:20:33', NULL),
(903, 'medrt', 'fab fa-medrt', '2023-04-12 13:20:33', NULL),
(904, 'reunirse', 'fab fa-meetup', '2023-04-12 13:20:33', NULL),
(905, 'megapuerto', 'fab fa-megaport', '2023-04-12 13:20:33', NULL),
(906, 'meh', 'fas fa-meh', '2023-04-12 13:20:33', NULL),
(907, 'meh', 'far fa-meh', '2023-04-12 13:20:33', NULL),
(908, 'meh-blank', 'fas fa-meh-blank', '2023-04-12 13:20:33', NULL),
(909, 'meh-blank', 'far fa-meh-blank', '2023-04-12 13:20:33', NULL),
(910, 'ojos rodantes', 'fas fa-meh-rolling-eyes', '2023-04-12 13:20:33', NULL),
(911, 'ojos rodantes', 'far fa-meh-rolling-eyes', '2023-04-12 13:20:33', NULL),
(912, 'memoria', 'fas fa-memory', '2023-04-12 13:20:33', NULL),
(913, 'Mendeley', 'fab fa-mendeley', '2023-04-12 13:20:33', NULL),
(914, 'Menorah', 'fas fa-menorah', '2023-04-12 13:20:33', NULL),
(915, 'mercurio', 'fas fa-mercury', '2023-04-12 13:20:33', NULL),
(916, 'meteorito', 'fas fa-meteor', '2023-04-12 13:20:33', NULL),
(917, 'microblog', 'fab fa-microblog', '2023-04-12 13:20:33', NULL),
(918, 'pastilla', 'fas fa-microchip', '2023-04-12 13:20:33', NULL),
(919, 'microfono', 'fas fa-microphone', '2023-04-12 13:20:33', NULL),
(920, 'microfono-alt', 'fas fa-microphone-alt', '2023-04-12 13:20:33', NULL),
(921, 'microfono-alt-barra oblicua', 'fas fa-microphone-alt-slash', '2023-04-12 13:20:33', NULL),
(922, 'barra de microfono', 'fas fa-microphone-slash', '2023-04-12 13:20:33', NULL),
(923, 'microscopio', 'fas fa-microscope', '2023-04-12 13:20:33', NULL),
(924, 'microsoft', 'fab fa-microsoft', '2023-04-12 13:20:33', NULL),
(925, 'menos', 'fas fa-minus', '2023-04-12 13:20:33', NULL),
(926, 'circulo menos', 'fas fa-minus-circle', '2023-04-12 13:20:33', NULL),
(927, 'cuadrado menos', 'fas fa-minus-square', '2023-04-12 13:20:33', NULL),
(928, 'cuadrado menos', 'far fa-minus-square', '2023-04-12 13:20:33', NULL),
(929, 'miton', 'fas fa-mitten', '2023-04-12 13:20:33', NULL),
(930, 'mezcla', 'fab fa-mix', '2023-04-12 13:20:33', NULL),
(931, 'mixcloud', 'fab fa-mixcloud', '2023-04-12 13:20:33', NULL),
(932, 'mizuni', 'fab fa-mizuni', '2023-04-12 13:20:33', NULL),
(933, 'movil', 'fas fa-mobile', '2023-04-12 13:20:33', NULL),
(934, 'mobile-alt', 'fas fa-mobile-alt', '2023-04-12 13:20:33', NULL),
(935, 'modx', 'fab fa-modx', '2023-04-12 13:20:33', NULL),
(936, 'monero', 'fab fa-monero', '2023-04-12 13:20:33', NULL),
(937, 'billete de dinero', 'fas fa-money-bill', '2023-04-12 13:20:33', NULL),
(938, 'dinero-factura-alt', 'fas fa-money-bill-alt', '2023-04-12 13:20:33', NULL),
(939, 'dinero-factura-alt', 'far fa-money-bill-alt', '2023-04-12 13:20:33', NULL),
(940, 'ola de dinero', 'fas fa-money-bill-wave', '2023-04-12 13:20:33', NULL),
(941, 'money-bill-wave-alt', 'fas fa-money-bill-wave-alt', '2023-04-12 13:20:33', NULL),
(942, 'cheque de dinero', 'fas fa-money-check', '2023-04-12 13:20:33', NULL),
(943, 'cheque-dinero-alt', 'fas fa-money-check-alt', '2023-04-12 13:20:33', NULL),
(944, 'Monumento', 'fas fa-monument', '2023-04-12 13:20:33', NULL),
(945, 'Luna', 'fas fa-moon', '2023-04-12 13:20:33', NULL),
(946, 'Luna', 'far fa-moon', '2023-04-12 13:20:33', NULL),
(947, 'mortero', 'fas fa-mortar-pestle', '2023-04-12 13:20:33', NULL),
(948, 'mezquita', 'fas fa-mosque', '2023-04-12 13:20:33', NULL),
(949, 'motocicleta', 'fas fa-motorcycle', '2023-04-12 13:20:33', NULL),
(950, 'montaña', 'fas fa-mountain', '2023-04-12 13:20:33', NULL),
(951, 'raton', 'fas fa-mouse', '2023-04-12 13:20:33', NULL),
(952, 'Puntero del raton', 'fas fa-mouse-pointer', '2023-04-12 13:20:33', NULL),
(953, 'taza caliente', 'fas fa-mug-hot', '2023-04-12 13:20:33', NULL),
(954, 'musica', 'fas fa-music', '2023-04-12 13:20:33', NULL),
(955, 'napster', 'fab fa-napster', '2023-04-12 13:20:33', NULL),
(956, 'neos', 'fab fa-neos', '2023-04-12 13:20:33', NULL),
(957, 'cableado de red', 'fas fa-network-wired', '2023-04-12 13:20:33', NULL),
(958, 'neutro', 'fas fa-neuter', '2023-04-12 13:20:33', NULL),
(959, 'periodico', 'fas fa-newspaper', '2023-04-12 13:20:33', NULL),
(960, 'periodico', 'far fa-newspaper', '2023-04-12 13:20:33', NULL),
(961, 'nimblr', 'fab fa-nimblr', '2023-04-12 13:20:33', NULL),
(962, 'nodo', 'fab fa-node', '2023-04-12 13:20:33', NULL),
(963, 'nodo-js', 'fab fa-node-js', '2023-04-12 13:20:33', NULL),
(964, 'no es igual', 'fas fa-not-equal', '2023-04-12 13:20:33', NULL),
(965, 'notas medicas', 'fas fa-notes-medical', '2023-04-12 13:20:33', NULL),
(966, 'npm', 'fab fa-npm', '2023-04-12 13:20:33', NULL),
(967, 'ns8', 'fab fa-ns8', '2023-04-12 13:20:33', NULL),
(968, 'nutricionix', 'fab fa-nutritionix', '2023-04-12 13:20:33', NULL),
(969, 'grupo de objetos', 'fas fa-object-group', '2023-04-12 13:20:33', NULL),
(970, 'grupo de objetos', 'far fa-object-group', '2023-04-12 13:20:33', NULL),
(971, 'objeto-desagrupar', 'fas fa-object-ungroup', '2023-04-12 13:20:33', NULL),
(972, 'objeto-desagrupar', 'far fa-object-ungroup', '2023-04-12 13:20:33', NULL),
(973, 'odnoklassniki', 'fab fa-odnoklassniki', '2023-04-12 13:20:33', NULL),
(974, 'odnoklassniki-square', 'fab fa-odnoklassniki-square', '2023-04-12 13:20:33', NULL),
(975, 'lata de aceite', 'fas fa-oil-can', '2023-04-12 13:20:33', NULL),
(976, 'vieja republica', 'fab fa-old-republic', '2023-04-12 13:20:33', NULL),
(977, 'om', 'fas fa-om', '2023-04-12 13:20:33', NULL),
(978, 'carro abierto', 'fab fa-opencart', '2023-04-12 13:20:33', NULL),
(979, 'openid', 'fab fa-openid', '2023-04-12 13:20:33', NULL),
(980, 'opera', 'fab fa-opera', '2023-04-12 13:20:33', NULL),
(981, 'optin-monster', 'fab fa-optin-monster', '2023-04-12 13:20:33', NULL),
(982, 'orcid', 'fab fa-orcid', '2023-04-12 13:20:33', NULL),
(983, 'osi', 'fab fa-osi', '2023-04-12 13:20:33', NULL),
(984, 'nutria', 'fas fa-otter', '2023-04-12 13:20:33', NULL),
(985, 'outdent', 'fas fa-outdent', '2023-04-12 13:20:33', NULL),
(986, 'pagina 4', 'fab fa-page4', '2023-04-12 13:20:33', NULL),
(987, 'lineas de pagina', 'fab fa-pagelines', '2023-04-12 13:20:33', NULL),
(988, 'buscapersonas', 'fas fa-pager', '2023-04-12 13:20:33', NULL),
(989, 'Cepillo de pintura', 'fas fa-paint-brush', '2023-04-12 13:20:33', NULL),
(990, 'rodillo', 'fas fa-paint-roller', '2023-04-12 13:20:33', NULL),
(991, 'paleta', 'fas fa-palette', '2023-04-12 13:20:33', NULL),
(992, 'pelado', 'fab fa-palfed', '2023-04-12 13:20:33', NULL),
(993, 'paleta', 'fas fa-pallet', '2023-04-12 13:20:33', NULL),
(994, 'avion de papel', 'fas fa-paper-plane', '2023-04-12 13:20:33', NULL),
(995, 'avion de papel', 'far fa-paper-plane', '2023-04-12 13:20:33', NULL),
(996, 'clip de papel', 'fas fa-paperclip', '2023-04-12 13:20:33', NULL),
(997, 'caja de paracaidas', 'fas fa-parachute-box', '2023-04-12 13:20:33', NULL),
(998, 'parrafo', 'fas fa-paragraph', '2023-04-12 13:20:33', NULL),
(999, 'estacionamiento', 'fas fa-parking', '2023-04-12 13:20:33', NULL),
(1000, 'pasaporte', 'fas fa-passport', '2023-04-12 13:20:33', NULL),
(1001, 'pastafarismo', 'fas fa-pastafarianism', '2023-04-12 13:20:33', NULL),
(1002, 'pegar', 'fas fa-paste', '2023-04-12 13:20:33', NULL),
(1003, 'patreon', 'fab fa-patreon', '2023-04-12 13:20:33', NULL),
(1004, 'pausa', 'fas fa-pause', '2023-04-12 13:20:33', NULL),
(1005, 'pausa-circulo', 'fas fa-pause-circle', '2023-04-12 13:20:33', NULL),
(1006, 'pausa-circulo', 'far fa-pause-circle', '2023-04-12 13:20:33', NULL),
(1007, 'pata', 'fas fa-paw', '2023-04-12 13:20:33', NULL),
(1008, 'paypal', 'fab fa-paypal', '2023-04-12 13:20:33', NULL),
(1009, 'paz', 'fas fa-peace', '2023-04-12 13:20:33', NULL),
(1010, 'boligrafo', 'fas fa-pen', '2023-04-12 13:20:33', NULL),
(1011, 'pen-alt', 'fas fa-pen-alt', '2023-04-12 13:20:33', NULL),
(1012, 'elegante', 'fas fa-pen-fancy', '2023-04-12 13:20:33', NULL),
(1013, 'plumilla', 'fas fa-pen-nib', '2023-04-12 13:20:33', NULL),
(1014, 'pluma cuadrada', 'fas fa-pen-square', '2023-04-12 13:20:33', NULL),
(1015, 'pencil-alt', 'fas fa-pencil-alt', '2023-04-12 13:20:33', NULL),
(1016, 'regla de lapiz', 'fas fa-pencil-ruler', '2023-04-12 13:20:33', NULL),
(1017, 'centavo', 'fab fa-penny-arcade', '2023-04-12 13:20:33', NULL),
(1018, 'llevar a la gente', 'fas fa-people-carry', '2023-04-12 13:20:33', NULL),
(1019, 'picante', 'fas fa-pepper-hot', '2023-04-12 13:20:33', NULL),
(1020, 'por ciento', 'fas fa-percent', '2023-04-12 13:20:33', NULL),
(1021, 'porcentaje', 'fas fa-percentage', '2023-04-12 13:20:33', NULL),
(1022, 'periscopio', 'fab fa-periscope', '2023-04-12 13:20:33', NULL),
(1023, 'persona-cabina', 'fas fa-person-booth', '2023-04-12 13:20:33', NULL),
(1024, 'fabricador', 'fab fa-phabricator', '2023-04-12 13:20:33', NULL),
(1025, 'Phoenix-framework', 'fab fa-phoenix-framework', '2023-04-12 13:20:33', NULL),
(1026, 'escuadron fenix', 'fab fa-phoenix-squadron', '2023-04-12 13:20:33', NULL),
(1027, 'telefono', 'fas fa-phone', '2023-04-12 13:20:33', NULL),
(1028, 'phone-alt', 'fas fa-phone-alt', '2023-04-12 13:20:33', NULL),
(1029, 'barra de telefono', 'fas fa-phone-slash', '2023-04-12 13:20:33', NULL),
(1030, 'telefono cuadrado', 'fas fa-phone-square', '2023-04-12 13:20:33', NULL),
(1031, 'phone-square-alt', 'fas fa-phone-square-alt', '2023-04-12 13:20:33', NULL),
(1032, 'volumen del telefono', 'fas fa-phone-volume', '2023-04-12 13:20:33', NULL),
(1033, 'foto-video', 'fas fa-photo-video', '2023-04-12 13:20:33', NULL),
(1034, 'php', 'fab fa-php', '2023-04-12 13:20:33', NULL),
(1035, 'flautista de Hamelin', 'fab fa-pied-piper', '2023-04-12 13:20:33', NULL),
(1036, 'pied-piper-alt', 'fab fa-pied-piper-alt', '2023-04-12 13:20:33', NULL),
(1037, 'sombrero de flautista', 'fab fa-pied-piper-hat', '2023-04-12 13:20:33', NULL),
(1038, 'pied-piper-pp', 'fab fa-pied-piper-pp', '2023-04-12 13:20:33', NULL),
(1039, 'pied-piper-square', 'fab fa-pied-piper-square', '2023-04-12 13:20:33', NULL),
(1040, 'hucha', 'fas fa-piggy-bank', '2023-04-12 13:20:33', NULL),
(1041, 'pastillas', 'fas fa-pills', '2023-04-12 13:20:33', NULL),
(1042, 'pinterest', 'fab fa-pinterest', '2023-04-12 13:20:33', NULL),
(1043, 'pinterest-p', 'fab fa-pinterest-p', '2023-04-12 13:20:33', NULL),
(1044, 'pinterest-square', 'fab fa-pinterest-square', '2023-04-12 13:20:33', NULL),
(1045, 'porcion de pizza', 'fas fa-pizza-slice', '2023-04-12 13:20:33', NULL),
(1046, 'lugar de adoracion', 'fas fa-place-of-worship', '2023-04-12 13:20:33', NULL),
(1047, 'avion', 'fas fa-plane', '2023-04-12 13:20:33', NULL),
(1048, 'llegada en avion', 'fas fa-plane-arrival', '2023-04-12 13:20:33', NULL),
(1049, 'salida del avion', 'fas fa-plane-departure', '2023-04-12 13:20:33', NULL),
(1050, 'jugar', 'fas fa-play', '2023-04-12 13:20:33', NULL),
(1051, 'circulo de juego', 'fas fa-play-circle', '2023-04-12 13:20:33', NULL),
(1052, 'circulo de juego', 'far fa-play-circle', '2023-04-12 13:20:33', NULL),
(1053, 'estacion de juegos', 'fab fa-playstation', '2023-04-12 13:20:33', NULL),
(1054, 'enchufe', 'fas fa-plug', '2023-04-12 13:20:33', NULL),
(1055, 'mas', 'fas fa-plus', '2023-04-12 13:20:33', NULL),
(1056, 'circulo mas', 'fas fa-plus-circle', '2023-04-12 13:20:33', NULL),
(1057, 'cuadrado mas', 'fas fa-plus-square', '2023-04-12 13:20:33', NULL),
(1058, 'cuadrado mas', 'far fa-plus-square', '2023-04-12 13:20:33', NULL),
(1059, 'podcast', 'fas fa-podcast', '2023-04-12 13:20:33', NULL),
(1060, 'encuesta', 'fas fa-poll', '2023-04-12 13:20:33', NULL),
(1061, 'encuesta-h', 'fas fa-poll-h', '2023-04-12 13:20:33', NULL),
(1062, 'caca', 'fas fa-poo', '2023-04-12 13:20:33', NULL),
(1063, 'caca tormenta', 'fas fa-poo-storm', '2023-04-12 13:20:33', NULL),
(1064, 'mierda', 'fas fa-poop', '2023-04-12 13:20:33', NULL),
(1065, 'retrato', 'fas fa-portrait', '2023-04-12 13:20:33', NULL),
(1066, 'signo de Libra', 'fas fa-pound-sign', '2023-04-12 13:20:33', NULL),
(1067, 'apagado', 'fas fa-power-off', '2023-04-12 13:20:33', NULL),
(1068, 'orar', 'fas fa-pray', '2023-04-12 13:20:33', NULL),
(1069, 'manos orando', 'fas fa-praying-hands', '2023-04-12 13:20:33', NULL),
(1070, 'prescripcion', 'fas fa-prescription', '2023-04-12 13:20:33', NULL),
(1071, 'botella recetada', 'fas fa-prescription-bottle', '2023-04-12 13:20:33', NULL),
(1072, 'prescripcion-botella-alt', 'fas fa-prescription-bottle-alt', '2023-04-12 13:20:33', NULL),
(1073, 'impresion', 'fas fa-print', '2023-04-12 13:20:33', NULL),
(1074, 'procedimientos', 'fas fa-procedures', '2023-04-12 13:20:33', NULL),
(1075, 'caza de productos', 'fab fa-product-hunt', '2023-04-12 13:20:33', NULL),
(1076, 'diagrama del proyecto', 'fas fa-project-diagram', '2023-04-12 13:20:33', NULL),
(1077, 'empujado', 'fab fa-pushed', '2023-04-12 13:20:33', NULL),
(1078, 'pieza de puzzle', 'fas fa-puzzle-piece', '2023-04-12 13:20:33', NULL),
(1079, 'piton', 'fab fa-python', '2023-04-12 13:20:33', NULL),
(1080, 'qq', 'fab fa-qq', '2023-04-12 13:20:33', NULL),
(1081, 'Codigo QR', 'fas fa-qrcode', '2023-04-12 13:20:33', NULL),
(1082, 'pregunta', 'fas fa-question', '2023-04-12 13:20:33', NULL),
(1083, 'circulo de preguntas', 'fas fa-question-circle', '2023-04-12 13:20:33', NULL),
(1084, 'circulo de preguntas', 'far fa-question-circle', '2023-04-12 13:20:33', NULL),
(1085, 'quidditch', 'fas fa-quidditch', '2023-04-12 13:20:33', NULL),
(1086, 'Quinscape', 'fab fa-quinscape', '2023-04-12 13:20:33', NULL),
(1087, 'quora', 'fab fa-quora', '2023-04-12 13:20:33', NULL),
(1088, 'cita a la izquierda', 'fas fa-quote-left', '2023-04-12 13:20:33', NULL),
(1089, 'cita a la derecha', 'fas fa-quote-right', '2023-04-12 13:20:33', NULL),
(1090, 'Coran', 'fas fa-quran', '2023-04-12 13:20:33', NULL),
(1091, 'proyecto-r', 'fab fa-r-project', '2023-04-12 13:20:33', NULL),
(1092, 'radiacion', 'fas fa-radiation', '2023-04-12 13:20:33', NULL),
(1093, 'radiacion-alt', 'fas fa-radiation-alt', '2023-04-12 13:20:33', NULL),
(1094, 'arco iris', 'fas fa-rainbow', '2023-04-12 13:20:33', NULL),
(1095, 'aleatorio', 'fas fa-random', '2023-04-12 13:20:33', NULL),
(1096, 'frambuesa-pi', 'fab fa-raspberry-pi', '2023-04-12 13:20:33', NULL),
(1097, 'ravelry', 'fab fa-ravelry', '2023-04-12 13:20:33', NULL),
(1098, 'reaccionar', 'fab fa-react', '2023-04-12 13:20:33', NULL),
(1099, 'Reacteurope', 'fab fa-reacteurope', '2023-04-12 13:20:33', NULL),
(1100, 'leame', 'fab fa-readme', '2023-04-12 13:20:33', NULL),
(1101, 'rebelde', 'fab fa-rebel', '2023-04-12 13:20:33', NULL),
(1102, 'recibo', 'fas fa-receipt', '2023-04-12 13:20:33', NULL),
(1103, 'disco de vinilo', 'fas fa-record-vinyl', '2023-04-12 13:20:33', NULL),
(1104, 'reciclar', 'fas fa-recycle', '2023-04-12 13:20:33', NULL),
(1105, 'rio Rojo', 'fab fa-red-river', '2023-04-12 13:20:33', NULL),
(1106, 'reddit', 'fab fa-reddit', '2023-04-12 13:20:33', NULL),
(1107, 'reddit-alien', 'fab fa-reddit-alien', '2023-04-12 13:20:33', NULL),
(1108, 'reddit-square', 'fab fa-reddit-square', '2023-04-12 13:20:33', NULL),
(1109, 'sombrero rojo', 'fab fa-redhat', '2023-04-12 13:20:33', NULL),
(1110, 'rehacer', 'fas fa-redo', '2023-04-12 13:20:33', NULL),
(1111, 'redo-alt', 'fas fa-redo-alt', '2023-04-12 13:20:33', NULL),
(1112, 'registrado', 'fas fa-registered', '2023-04-12 13:20:33', NULL),
(1113, 'registrado', 'far fa-registered', '2023-04-12 13:20:33', NULL),
(1114, 'eliminar-formato', 'fas fa-remove-format', '2023-04-12 13:20:33', NULL),
(1115, 'Renren', 'fab fa-renren', '2023-04-12 13:20:33', NULL),
(1116, 'respuesta', 'fas fa-reply', '2023-04-12 13:20:33', NULL),
(1117, 'responder a todos', 'fas fa-reply-all', '2023-04-12 13:20:33', NULL),
(1118, 'respondio', 'fab fa-replyd', '2023-04-12 13:20:33', NULL),
(1119, 'republicano', 'fas fa-republican', '2023-04-12 13:20:33', NULL),
(1120, 'puerta de la investigacion', 'fab fa-researchgate', '2023-04-12 13:20:33', NULL),
(1121, 'inventario', 'fas fa-inventory', '2023-04-12 13:20:33', NULL),
(1122, 'resolviendo', 'fab fa-resolving', '2023-04-12 13:20:33', NULL),
(1123, 'Area de aseo', 'fas fa-restroom', '2023-04-12 13:20:33', NULL),
(1124, 'retuitear', 'fas fa-retweet', '2023-04-12 13:20:33', NULL),
(1125, 'Rvdo', 'fab fa-rev', '2023-04-12 13:20:33', NULL),
(1126, 'cinta', 'fas fa-ribbon', '2023-04-12 13:20:33', NULL),
(1127, 'anillo', 'fas fa-ring', '2023-04-12 13:20:33', NULL),
(1128, 'la carretera', 'fas fa-road', '2023-04-12 13:20:33', NULL),
(1129, 'robot', 'fas fa-robot', '2023-04-12 13:20:33', NULL),
(1130, 'cohete', 'fas fa-rocket', '2023-04-12 13:20:33', NULL),
(1131, 'rocketchat', 'fab fa-rocketchat', '2023-04-12 13:20:33', NULL),
(1132, 'rockrms', 'fab fa-rockrms', '2023-04-12 13:20:33', NULL),
(1133, 'ruta', 'fas fa-route', '2023-04-12 13:20:33', NULL),
(1134, 'rss', 'fas fa-rss', '2023-04-12 13:20:33', NULL),
(1135, 'rss-square', 'fas fa-rss-square', '2023-04-12 13:20:33', NULL),
(1136, 'signo de rublo', 'fas fa-ruble-sign', '2023-04-12 13:20:33', NULL),
(1137, 'regla', 'fas fa-ruler', '2023-04-12 13:20:33', NULL),
(1138, 'regla combinada', 'fas fa-ruler-combined', '2023-04-12 13:20:33', NULL),
(1139, 'regla horizontal', 'fas fa-ruler-horizontal', '2023-04-12 13:20:33', NULL),
(1140, 'regla vertical', 'fas fa-ruler-vertical', '2023-04-12 13:20:33', NULL),
(1141, 'corriendo', 'fas fa-running', '2023-04-12 13:20:33', NULL),
(1142, 'signo de rupia', 'fas fa-rupee-sign', '2023-04-12 13:20:33', NULL),
(1143, 'Llanto triste', 'fas fa-sad-cry', '2023-04-12 13:20:33', NULL),
(1144, 'Llanto triste', 'far fa-sad-cry', '2023-04-12 13:20:33', NULL),
(1145, 'triste lagrima', 'fas fa-sad-tear', '2023-04-12 13:20:33', NULL),
(1146, 'triste lagrima', 'far fa-sad-tear', '2023-04-12 13:20:33', NULL),
(1147, 'safari', 'fab fa-safari', '2023-04-12 13:20:33', NULL),
(1148, 'fuerza de ventas', 'fab fa-salesforce', '2023-04-12 13:20:33', NULL),
(1149, 'hablar con descaro a', 'fab fa-sass', '2023-04-12 13:20:33', NULL),
(1150, 'satelite', 'fas fa-satellite', '2023-04-12 13:20:33', NULL),
(1151, 'antena parabolica', 'fas fa-satellite-dish', '2023-04-12 13:20:33', NULL),
(1152, 'salvar', 'fas fa-save', '2023-04-12 13:20:33', NULL),
(1153, 'salvar', 'far fa-save', '2023-04-12 13:20:33', NULL),
(1154, 'Schlix', 'fab fa-schlix', '2023-04-12 13:20:33', NULL),
(1155, 'colegio', 'fas fa-school', '2023-04-12 13:20:33', NULL),
(1156, 'destornillador', 'fas fa-screwdriver', '2023-04-12 13:20:33', NULL),
(1157, 'scribd', 'fab fa-scribd', '2023-04-12 13:20:33', NULL),
(1158, 'voluta', 'fas fa-scroll', '2023-04-12 13:20:33', NULL),
(1159, 'tarjeta SD', 'fas fa-sd-card', '2023-04-12 13:20:33', NULL),
(1160, 'buscar', 'fas fa-search', '2023-04-12 13:20:33', NULL),
(1161, 'busqueda-dolar', 'fas fa-search-dollar', '2023-04-12 13:20:33', NULL),
(1162, 'ubicacion de busqueda', 'fas fa-search-location', '2023-04-12 13:20:33', NULL),
(1163, 'menos de busqueda', 'fas fa-search-minus', '2023-04-12 13:20:33', NULL),
(1164, 'busqueda plus', 'fas fa-search-plus', '2023-04-12 13:20:33', NULL),
(1165, 'Buscador', 'fab fa-searchengin', '2023-04-12 13:20:33', NULL),
(1166, 'planta de semillero', 'fas fa-seedling', '2023-04-12 13:20:33', NULL),
(1167, 'vender', 'fab fa-sellcast', '2023-04-12 13:20:33', NULL),
(1168, 'sellsy', 'fab fa-sellsy', '2023-04-12 13:20:33', NULL),
(1169, 'servidor', 'fas fa-server', '2023-04-12 13:20:33', NULL),
(1170, 'pila de servicios', 'fab fa-servicestack', '2023-04-12 13:20:33', NULL),
(1171, 'formas', 'fas fa-shapes', '2023-04-12 13:20:33', NULL),
(1172, 'compartir', 'fas fa-share', '2023-04-12 13:20:33', NULL),
(1173, 'share-alt', 'fas fa-share-alt', '2023-04-12 13:20:33', NULL),
(1174, 'share-alt-square', 'fas fa-share-alt-square', '2023-04-12 13:20:33', NULL),
(1175, 'cuadrado compartido', 'fas fa-share-square', '2023-04-12 13:20:33', NULL),
(1176, 'cuadrado compartido', 'far fa-share-square', '2023-04-12 13:20:33', NULL),
(1177, 'signo de shekel', 'fas fa-shekel-sign', '2023-04-12 13:20:33', NULL),
(1178, 'escudo-alt', 'fas fa-shield-alt', '2023-04-12 13:20:33', NULL),
(1179, 'enviar', 'fas fa-ship', '2023-04-12 13:20:33', NULL),
(1180, 'envio rapido', 'fas fa-shipping-fast', '2023-04-12 13:20:33', NULL),
(1181, 'camisas', 'fab fa-shirtsinbulk', '2023-04-12 13:20:33', NULL),
(1182, 'huellas de zapatos', 'fas fa-shoe-prints', '2023-04-12 13:20:33', NULL),
(1183, 'bolsa de la compra', 'fas fa-shopping-bag', '2023-04-12 13:20:33', NULL),
(1184, 'cesta de la compra', 'fas fa-shopping-basket', '2023-04-12 13:20:33', NULL),
(1185, 'carrito de compras', 'fas fa-shopping-cart', '2023-04-12 13:20:33', NULL),
(1186, 'tienda', 'fab fa-shopware', '2023-04-12 13:20:33', NULL),
(1187, 'ducha', 'fas fa-shower', '2023-04-12 13:20:33', NULL),
(1188, 'furgoneta', 'fas fa-shuttle-van', '2023-04-12 13:20:33', NULL),
(1189, 'firmar', 'fas fa-sign', '2023-04-12 13:20:33', NULL),
(1190, 'inicio de sesion alt', 'fas fa-sign-in-alt', '2023-04-12 13:20:33', NULL),
(1191, 'lenguaje de señas', 'fas fa-sign-language', '2023-04-12 13:20:33', NULL),
(1192, 'cerrar sesion', 'fas fa-sign-out-alt', '2023-04-12 13:20:33', NULL),
(1193, 'señal', 'fas fa-signal', '2023-04-12 13:20:33', NULL),
(1194, 'firma', 'fas fa-signature', '2023-04-12 13:20:33', NULL),
(1195, 'tarjeta SIM', 'fas fa-sim-card', '2023-04-12 13:20:33', NULL),
(1196, 'simplemente construido', 'fab fa-simplybuilt', '2023-04-12 13:20:33', NULL),
(1197, 'sistrix', 'fab fa-sistrix', '2023-04-12 13:20:33', NULL),
(1198, 'mapa del sitio', 'fas fa-sitemap', '2023-04-12 13:20:33', NULL),
(1199, 'sith', 'fab fa-sith', '2023-04-12 13:20:33', NULL),
(1200, 'Patinaje', 'fas fa-skating', '2023-04-12 13:20:33', NULL),
(1201, 'bosquejo', 'fab fa-sketch', '2023-04-12 13:20:33', NULL),
(1202, 'esqui', 'fas fa-skiing', '2023-04-12 13:20:33', NULL),
(1203, 'esqui nordico', 'fas fa-skiing-nordic', '2023-04-12 13:20:33', NULL),
(1204, 'craneo', 'fas fa-skull', '2023-04-12 13:20:33', NULL),
(1205, 'huesos cruzados del craneo', 'fas fa-skull-crossbones', '2023-04-12 13:20:33', NULL),
(1206, 'skyatlas', 'fab fa-skyatlas', '2023-04-12 13:20:33', NULL),
(1207, 'skype', 'fab fa-skype', '2023-04-12 13:20:33', NULL),
(1208, 'flojo', 'fab fa-slack', '2023-04-12 13:20:33', NULL),
(1209, 'slack-hash', 'fab fa-slack-hash', '2023-04-12 13:20:33', NULL),
(1210, 'barra oblicua', 'fas fa-slash', '2023-04-12 13:20:33', NULL),
(1211, 'trineo', 'fas fa-sleigh', '2023-04-12 13:20:33', NULL),
(1212, 'deslizadores-h', 'fas fa-sliders-h', '2023-04-12 13:20:34', NULL),
(1213, 'slideshare', 'fab fa-slideshare', '2023-04-12 13:20:34', NULL),
(1214, 'sonrisa', 'fas fa-smile', '2023-04-12 13:20:34', NULL),
(1215, 'sonrisa', 'far fa-smile', '2023-04-12 13:20:34', NULL),
(1216, 'haz de sonrisa', 'fas fa-smile-beam', '2023-04-12 13:20:34', NULL),
(1217, 'haz de sonrisa', 'far fa-smile-beam', '2023-04-12 13:20:34', NULL),
(1218, 'guiño de sonrisa', 'fas fa-smile-wink', '2023-04-12 13:20:34', NULL),
(1219, 'guiño de sonrisa', 'far fa-smile-wink', '2023-04-12 13:20:34', NULL),
(1220, 'niebla toxica', 'fas fa-smog', '2023-04-12 13:20:34', NULL),
(1221, 'de fumar', 'fas fa-smoking', '2023-04-12 13:20:34', NULL),
(1222, 'prohibicion de fumar', 'fas fa-smoking-ban', '2023-04-12 13:20:34', NULL),
(1223, 'SMS', 'fas fa-sms', '2023-04-12 13:20:34', NULL),
(1224, 'snapchat', 'fab fa-snapchat', '2023-04-12 13:20:34', NULL),
(1225, 'Snapchat-fantasma', 'fab fa-snapchat-ghost', '2023-04-12 13:20:34', NULL),
(1226, 'plaza-snapchat', 'fab fa-snapchat-square', '2023-04-12 13:20:34', NULL),
(1227, 'Snowboarding', 'fas fa-snowboarding', '2023-04-12 13:20:34', NULL),
(1228, 'copo de nieve', 'fas fa-snowflake', '2023-04-12 13:20:34', NULL),
(1229, 'copo de nieve', 'far fa-snowflake', '2023-04-12 13:20:34', NULL),
(1230, 'monigote de nieve', 'fas fa-snowman', '2023-04-12 13:20:34', NULL),
(1231, 'quitanieves', 'fas fa-snowplow', '2023-04-12 13:20:34', NULL),
(1232, 'calcetines', 'fas fa-socks', '2023-04-12 13:20:34', NULL),
(1233, 'panel solar', 'fas fa-solar-panel', '2023-04-12 13:20:34', NULL),
(1234, 'ordenar', 'fas fa-sort', '2023-04-12 13:20:34', NULL),
(1235, 'ordenar alfa abajo', 'fas fa-sort-alpha-down', '2023-04-12 13:20:34', NULL),
(1236, 'sort-alpha-down-alt', 'fas fa-sort-alpha-down-alt', '2023-04-12 13:20:34', NULL),
(1237, 'sort-alpha-up', 'fas fa-sort-alpha-up', '2023-04-12 13:20:34', NULL),
(1238, 'sort-alpha-up-alt', 'fas fa-sort-alpha-up-alt', '2023-04-12 13:20:34', NULL),
(1239, 'ordenar-bajar-cantidad', 'fas fa-sort-amount-down', '2023-04-12 13:20:34', NULL),
(1240, 'ordenar-cantidad-abajo-alt', 'fas fa-sort-amount-down-alt', '2023-04-12 13:20:34', NULL),
(1241, 'ordenar', 'fas fa-sort-amount-up', '2023-04-12 13:20:34', NULL),
(1242, 'sort-amount-up-alt', 'fas fa-sort-amount-up-alt', '2023-04-12 13:20:34', NULL),
(1243, 'ordenar', 'fas fa-sort-down', '2023-04-12 13:20:34', NULL),
(1244, 'ordenar-numeric-down', 'fas fa-sort-numeric-down', '2023-04-12 13:20:34', NULL),
(1245, 'sort-numeric-down-alt', 'fas fa-sort-numeric-down-alt', '2023-04-12 13:20:34', NULL),
(1246, 'ordenar-numeric-up', 'fas fa-sort-numeric-up', '2023-04-12 13:20:34', NULL),
(1247, 'sort-numeric-up-alt', 'fas fa-sort-numeric-up-alt', '2023-04-12 13:20:34', NULL),
(1248, 'clasificacion', 'fas fa-sort-up', '2023-04-12 13:20:34', NULL),
(1249, 'soundcloud', 'fab fa-soundcloud', '2023-04-12 13:20:34', NULL),
(1250, 'arbol fuente', 'fab fa-sourcetree', '2023-04-12 13:20:34', NULL),
(1251, 'spa', 'fas fa-spa', '2023-04-12 13:20:34', NULL),
(1252, 'transbordador espacial', 'fas fa-space-shuttle', '2023-04-12 13:20:34', NULL),
(1253, 'speakap', 'fab fa-speakap', '2023-04-12 13:20:34', NULL),
(1254, 'cubierta de altavoz', 'fab fa-speaker-deck', '2023-04-12 13:20:34', NULL),
(1255, 'corrector ortografico', 'fas fa-spell-check', '2023-04-12 13:20:34', NULL),
(1256, 'araña', 'fas fa-spider', '2023-04-12 13:20:34', NULL),
(1257, 'hilandero', 'fas fa-spinner', '2023-04-12 13:20:34', NULL),
(1258, 'mancha', 'fas fa-splotch', '2023-04-12 13:20:34', NULL),
(1259, 'spotify', 'fab fa-spotify', '2023-04-12 13:20:34', NULL),
(1260, 'lata de aerosol', 'fas fa-spray-can', '2023-04-12 13:20:34', NULL),
(1261, 'cuadrado', 'fas fa-square', '2023-04-12 13:20:34', NULL),
(1262, 'cuadrado', 'far fa-square', '2023-04-12 13:20:34', NULL),
(1263, 'cuadrado lleno', 'fas fa-square-full', '2023-04-12 13:20:34', NULL),
(1264, 'raiz cuadrada-alt', 'fas fa-square-root-alt', '2023-04-12 13:20:34', NULL),
(1265, 'plaza', 'fab fa-squarespace', '2023-04-12 13:20:34', NULL),
(1266, 'cambio de pila', 'fab fa-stack-exchange', '2023-04-12 13:20:34', NULL),
(1267, 'desbordamiento de pila', 'fab fa-stack-overflow', '2023-04-12 13:20:34', NULL),
(1268, 'stackpath', 'fab fa-stackpath', '2023-04-12 13:20:34', NULL),
(1269, 'sello', 'fas fa-stamp', '2023-04-12 13:20:34', NULL),
(1270, 'estrella', 'fas fa-star', '2023-04-12 13:20:34', NULL),
(1271, 'estrella', 'far fa-star', '2023-04-12 13:20:34', NULL),
(1272, 'estrella y media luna', 'fas fa-star-and-crescent', '2023-04-12 13:20:34', NULL),
(1273, 'media estrella', 'fas fa-star-half', '2023-04-12 13:20:34', NULL),
(1274, 'media estrella', 'far fa-star-half', '2023-04-12 13:20:34', NULL),
(1275, 'star-half-alt', 'fas fa-star-half-alt', '2023-04-12 13:20:34', NULL),
(1276, 'estrella de David', 'fas fa-star-of-david', '2023-04-12 13:20:34', NULL),
(1277, 'estrella de la vida', 'fas fa-star-of-life', '2023-04-12 13:20:34', NULL),
(1278, 'staylinked', 'fab fa-staylinked', '2023-04-12 13:20:34', NULL),
(1279, 'vapor', 'fab fa-steam', '2023-04-12 13:20:34', NULL),
(1280, 'cuadrado de vapor', 'fab fa-steam-square', '2023-04-12 13:20:34', NULL),
(1281, 'simbolo de vapor', 'fab fa-steam-symbol', '2023-04-12 13:20:34', NULL),
(1282, 'paso atras', 'fas fa-step-backward', '2023-04-12 13:20:34', NULL),
(1283, 'un paso adelante', 'fas fa-step-forward', '2023-04-12 13:20:34', NULL),
(1284, 'estetoscopio', 'fas fa-stethoscope', '2023-04-12 13:20:34', NULL),
(1285, 'mula adhesiva', 'fab fa-sticker-mule', '2023-04-12 13:20:34', NULL),
(1286, 'nota adhesiva', 'fas fa-sticky-note', '2023-04-12 13:20:34', NULL),
(1287, 'nota adhesiva', 'far fa-sticky-note', '2023-04-12 13:20:34', NULL),
(1288, 'detener', 'fas fa-stop', '2023-04-12 13:20:34', NULL),
(1289, 'circulo de parada', 'fas fa-stop-circle', '2023-04-12 13:20:34', NULL),
(1290, 'circulo de parada', 'far fa-stop-circle', '2023-04-12 13:20:34', NULL),
(1291, 'cronografo', 'fas fa-stopwatch', '2023-04-12 13:20:34', NULL),
(1292, 'almacenar', 'fas fa-store', '2023-04-12 13:20:34', NULL),
(1293, 'store-alt', 'fas fa-store-alt', '2023-04-12 13:20:34', NULL),
(1294, 'strava', 'fab fa-strava', '2023-04-12 13:20:34', NULL),
(1295, 'corriente', 'fas fa-stream', '2023-04-12 13:20:34', NULL),
(1296, 'vista de calle', 'fas fa-street-view', '2023-04-12 13:20:34', NULL),
(1297, 'tachado', 'fas fa-strikethrough', '2023-04-12 13:20:34', NULL),
(1298, 'raya', 'fab fa-stripe', '2023-04-12 13:20:34', NULL),
(1299, 'rayas', 'fab fa-stripe-s', '2023-04-12 13:20:34', NULL),
(1300, 'stroopwafel', 'fas fa-stroopwafel', '2023-04-12 13:20:34', NULL),
(1301, 'studiovinari', 'fab fa-studiovinari', '2023-04-12 13:20:34', NULL),
(1302, 'tropezar con', 'fab fa-stumbleupon', '2023-04-12 13:20:34', NULL),
(1303, 'stumbleupon-circle', 'fab fa-stumbleupon-circle', '2023-04-12 13:20:34', NULL),
(1304, 'subindice', 'fas fa-subscript', '2023-04-12 13:20:34', NULL),
(1305, 'subterraneo', 'fas fa-subway', '2023-04-12 13:20:34', NULL),
(1306, 'maleta', 'fas fa-suitcase', '2023-04-12 13:20:34', NULL),
(1307, 'maleta con ruedas', 'fas fa-suitcase-rolling', '2023-04-12 13:20:34', NULL),
(1308, 'Dom', 'fas fa-sun', '2023-04-12 13:20:34', NULL),
(1309, 'Dom', 'far fa-sun', '2023-04-12 13:20:34', NULL),
(1310, 'superpoderes', 'fab fa-superpowers', '2023-04-12 13:20:34', NULL),
(1311, 'sobrescrito', 'fas fa-superscript', '2023-04-12 13:20:34', NULL),
(1312, 'flexible', 'fab fa-supple', '2023-04-12 13:20:34', NULL),
(1313, 'sorpresa', 'fas fa-surprise', '2023-04-12 13:20:34', NULL),
(1314, 'sorpresa', 'far fa-surprise', '2023-04-12 13:20:34', NULL),
(1315, 'suse', 'fab fa-suse', '2023-04-12 13:20:34', NULL),
(1316, 'muestrario', 'fas fa-swatchbook', '2023-04-12 13:20:34', NULL),
(1317, 'rapido', 'fab fa-swift', '2023-04-12 13:20:34', NULL),
(1318, 'nadador', 'fas fa-swimmer', '2023-04-12 13:20:34', NULL),
(1319, 'piscina', 'fas fa-swimming-pool', '2023-04-12 13:20:34', NULL),
(1320, 'Symfony', 'fab fa-symfony', '2023-04-12 13:20:34', NULL),
(1321, 'sinagoga', 'fas fa-synagogue', '2023-04-12 13:20:34', NULL),
(1322, 'sincronizar', 'fas fa-sync', '2023-04-12 13:20:34', NULL),
(1323, 'sync-alt', 'fas fa-sync-alt', '2023-04-12 13:20:34', NULL),
(1324, 'jeringuilla', 'fas fa-syringe', '2023-04-12 13:20:34', NULL),
(1325, 'mesa', 'fas fa-table', '2023-04-12 13:20:34', NULL),
(1326, 'mesa de tennis', 'fas fa-table-tennis', '2023-04-12 13:20:34', NULL),
(1327, 'tableta', 'fas fa-tablet', '2023-04-12 13:20:34', NULL),
(1328, 'tablet-alt', 'fas fa-tablet-alt', '2023-04-12 13:20:34', NULL),
(1329, 'tabletas', 'fas fa-tablets', '2023-04-12 13:20:34', NULL),
(1330, 'tacometro-alt', 'fas fa-tachometer-alt', '2023-04-12 13:20:34', NULL),
(1331, 'etiqueta', 'fas fa-tag', '2023-04-12 13:20:34', NULL),
(1332, 'etiquetas', 'fas fa-tags', '2023-04-12 13:20:34', NULL),
(1333, 'cinta', 'fas fa-tape', '2023-04-12 13:20:34', NULL),
(1334, 'Tareas', 'fas fa-tasks', '2023-04-12 13:20:34', NULL),
(1335, 'Taxi', 'fas fa-taxi', '2023-04-12 13:20:34', NULL),
(1336, 'equipo de trabajo', 'fab fa-teamspeak', '2023-04-12 13:20:34', NULL),
(1337, 'dientes', 'fas fa-teeth', '2023-04-12 13:20:34', NULL),
(1338, 'dientes abiertos', 'fas fa-teeth-open', '2023-04-12 13:20:34', NULL),
(1339, 'telegrama', 'fab fa-telegram', '2023-04-12 13:20:34', NULL),
(1340, 'plano telegrama', 'fab fa-telegram-plane', '2023-04-12 13:20:34', NULL),
(1341, 'temperatura alta', 'fas fa-temperature-high', '2023-04-12 13:20:34', NULL),
(1342, 'temperatura baja', 'fas fa-temperature-low', '2023-04-12 13:20:34', NULL),
(1343, 'tencent-weibo', 'fab fa-tencent-weibo', '2023-04-12 13:20:34', NULL),
(1344, 'tenge', 'fas fa-tenge', '2023-04-12 13:20:34', NULL),
(1345, 'terminal', 'fas fa-terminal', '2023-04-12 13:20:34', NULL),
(1346, 'Altura del texto', 'fas fa-text-height', '2023-04-12 13:20:34', NULL),
(1347, 'ancho de texto', 'fas fa-text-width', '2023-04-12 13:20:34', NULL),
(1348, 'th', 'fas fa-th', '2023-04-12 13:20:34', NULL),
(1349, 'th-large', 'fas fa-th-large', '2023-04-12 13:20:34', NULL),
(1350, 'th-list', 'fas fa-th-list', '2023-04-12 13:20:34', NULL),
(1351, 'el yeti rojo', 'fab fa-the-red-yeti', '2023-04-12 13:20:34', NULL),
(1352, 'mascaras de teatro', 'fas fa-theater-masks', '2023-04-12 13:20:34', NULL),
(1353, 'Themeco', 'fab fa-themeco', '2023-04-12 13:20:34', NULL),
(1354, 'tema', 'fab fa-themeisle', '2023-04-12 13:20:34', NULL),
(1355, 'termometro', 'fas fa-thermometer', '2023-04-12 13:20:34', NULL),
(1356, 'termometro vacio', 'fas fa-thermometer-empty', '2023-04-12 13:20:34', NULL),
(1357, 'termometro lleno', 'fas fa-thermometer-full', '2023-04-12 13:20:34', NULL),
(1358, 'medio termometro', 'fas fa-thermometer-half', '2023-04-12 13:20:34', NULL),
(1359, 'termometro-cuarto', 'fas fa-thermometer-quarter', '2023-04-12 13:20:34', NULL),
(1360, 'termometro-tres cuartos', 'fas fa-thermometer-three-quarters', '2023-04-12 13:20:34', NULL),
(1361, 'picos de pensamiento', 'fab fa-think-peaks', '2023-04-12 13:20:34', NULL),
(1362, 'pulgares abajo', 'fas fa-thumbs-down', '2023-04-12 13:20:34', NULL),
(1363, 'pulgares abajo', 'far fa-thumbs-down', '2023-04-12 13:20:34', NULL),
(1364, 'Pulgares hacia arriba', 'fas fa-thumbs-up', '2023-04-12 13:20:34', NULL),
(1365, 'Pulgares hacia arriba', 'far fa-thumbs-up', '2023-04-12 13:20:34', NULL),
(1366, 'chinche', 'fas fa-thumbtack', '2023-04-12 13:20:34', NULL),
(1367, 'ticket-alt', 'fas fa-ticket-alt', '2023-04-12 13:20:34', NULL),
(1368, 'veces', 'fas fa-times', '2023-04-12 13:20:34', NULL),
(1369, 'circulo de tiempo', 'fas fa-times-circle', '2023-04-12 13:20:34', NULL),
(1370, 'circulo de tiempo', 'far fa-times-circle', '2023-04-12 13:20:34', NULL),
(1371, 'tinte', 'fas fa-tint', '2023-04-12 13:20:34', NULL),
(1372, 'tinte-slash', 'fas fa-tint-slash', '2023-04-12 13:20:34', NULL),
(1373, 'cansado', 'fas fa-tired', '2023-04-12 13:20:34', NULL),
(1374, 'cansado', 'far fa-tired', '2023-04-12 13:20:34', NULL),
(1375, 'alternar', 'fas fa-toggle-off', '2023-04-12 13:20:34', NULL),
(1376, 'alternar', 'fas fa-toggle-on', '2023-04-12 13:20:34', NULL),
(1377, 'baño', 'fas fa-toilet', '2023-04-12 13:20:34', NULL),
(1378, 'papel higienico', 'fas fa-toilet-paper', '2023-04-12 13:20:34', NULL),
(1379, 'caja de instrumento', 'fas fa-toolbox', '2023-04-12 13:20:34', NULL),
(1380, 'herramientas', 'fas fa-tools', '2023-04-12 13:20:34', NULL),
(1381, 'diente', 'fas fa-tooth', '2023-04-12 13:20:34', NULL),
(1382, 'Tora', 'fas fa-torah', '2023-04-12 13:20:34', NULL),
(1383, 'puerta torii', 'fas fa-torii-gate', '2023-04-12 13:20:34', NULL),
(1384, 'tractor', 'fas fa-tractor', '2023-04-12 13:20:34', NULL),
(1385, 'federacion comercial', 'fab fa-trade-federation', '2023-04-12 13:20:34', NULL),
(1386, 'marca', 'fas fa-trademark', '2023-04-12 13:20:34', NULL),
(1387, 'semaforo', 'fas fa-traffic-light', '2023-04-12 13:20:34', NULL),
(1388, 'remolque', 'fas fa-trailer', '2023-04-12 13:20:34', NULL),
(1389, 'entrenar', 'fas fa-train', '2023-04-12 13:20:34', NULL),
(1390, 'tranvia', 'fas fa-tram', '2023-04-12 13:20:34', NULL),
(1391, 'Transgenero', 'fas fa-transgender', '2023-04-12 13:20:34', NULL),
(1392, 'transgenero-alt', 'fas fa-transgender-alt', '2023-04-12 13:20:34', NULL),
(1393, 'basura', 'fas fa-trash', '2023-04-12 13:20:34', NULL),
(1394, 'trash-alt', 'fas fa-trash-alt', '2023-04-12 13:20:34', NULL),
(1395, 'trash-alt', 'far fa-trash-alt', '2023-04-12 13:20:34', NULL),
(1396, 'restauracion de basura', 'fas fa-trash-restore', '2023-04-12 13:20:34', NULL),
(1397, 'trash-restore-alt', 'fas fa-trash-restore-alt', '2023-04-12 13:20:34', NULL),
(1398, 'arbol', 'fas fa-tree', '2023-04-12 13:20:34', NULL),
(1399, 'trello', 'fab fa-trello', '2023-04-12 13:20:34', NULL),
(1400, 'tripadvisor', 'fab fa-tripadvisor', '2023-04-12 13:20:34', NULL),
(1401, 'trofeo', 'fas fa-trophy', '2023-04-12 13:20:34', NULL),
(1402, 'camion', 'fas fa-truck', '2023-04-12 13:20:34', NULL),
(1403, 'carga de camiones', 'fas fa-truck-loading', '2023-04-12 13:20:34', NULL),
(1404, 'camion monstruo', 'fas fa-truck-monster', '2023-04-12 13:20:34', NULL),
(1405, 'movimiento de camiones', 'fas fa-truck-moving', '2023-04-12 13:20:34', NULL),
(1406, 'camioneta', 'fas fa-truck-pickup', '2023-04-12 13:20:34', NULL),
(1407, 'camiseta', 'fas fa-tshirt', '2023-04-12 13:20:34', NULL),
(1408, 'tty', 'fas fa-tty', '2023-04-12 13:20:34', NULL),
(1409, 'tumblr', 'fab fa-tumblr', '2023-04-12 13:20:34', NULL),
(1410, 'plaza tumblr', 'fab fa-tumblr-square', '2023-04-12 13:20:34', NULL),
(1411, 'TV', 'fas fa-tv', '2023-04-12 13:20:34', NULL),
(1412, 'contraccion nerviosa', 'fab fa-twitch', '2023-04-12 13:20:34', NULL),
(1413, 'gorjeo', 'fab fa-twitter', '2023-04-12 13:20:34', NULL),
(1414, 'twitter-square', 'fab fa-twitter-square', '2023-04-12 13:20:34', NULL),
(1415, 'typo3', 'fab fa-typo3', '2023-04-12 13:20:34', NULL),
(1416, 'uber', 'fab fa-uber', '2023-04-12 13:20:34', NULL),
(1417, 'ubuntu', 'fab fa-ubuntu', '2023-04-12 13:20:34', NULL),
(1418, 'uikit', 'fab fa-uikit', '2023-04-12 13:20:34', NULL),
(1419, 'umbraco', 'fab fa-umbraco', '2023-04-12 13:20:34', NULL),
(1420, 'paraguas', 'fas fa-umbrella', '2023-04-12 13:20:34', NULL),
(1421, 'sombrilla-playa', 'fas fa-umbrella-beach', '2023-04-12 13:20:34', NULL),
(1422, 'subrayar', 'fas fa-underline', '2023-04-12 13:20:34', NULL),
(1423, 'deshacer', 'fas fa-undo', '2023-04-12 13:20:34', NULL);
INSERT INTO `icono` (`id`, `nom_icono`, `clase_icono`, `created_at`, `updated_at`) VALUES
(1424, 'deshacer-alt', 'fas fa-undo-alt', '2023-04-12 13:20:34', NULL),
(1425, 'falta de registro', 'fab fa-uniregistry', '2023-04-12 13:20:34', NULL),
(1426, 'unidad', 'fab fa-unity', '2023-04-12 13:20:34', NULL),
(1427, 'acceso universal', 'fas fa-universal-access', '2023-04-12 13:20:34', NULL),
(1428, 'Universidad', 'fas fa-university', '2023-04-12 13:20:34', NULL),
(1429, 'desconectar', 'fas fa-unlink', '2023-04-12 13:20:34', NULL),
(1430, 'desbloquear', 'fas fa-unlock', '2023-04-12 13:20:34', NULL),
(1431, 'unlock-alt', 'fas fa-unlock-alt', '2023-04-12 13:20:34', NULL),
(1432, 'untappd', 'fab fa-untappd', '2023-04-12 13:20:34', NULL),
(1433, 'subir', 'fas fa-upload', '2023-04-12 13:20:34', NULL),
(1434, 'UPS', 'fab fa-ups', '2023-04-12 13:20:34', NULL),
(1435, 'USB', 'fab fa-usb', '2023-04-12 13:20:34', NULL),
(1436, 'usuario', 'fas fa-user', '2023-04-12 13:20:34', NULL),
(1437, 'usuario', 'far fa-user', '2023-04-12 13:20:34', NULL),
(1438, 'user-alt', 'fas fa-user-alt', '2023-04-12 13:20:34', NULL),
(1439, 'user-alt-slash', 'fas fa-user-alt-slash', '2023-04-12 13:20:34', NULL),
(1440, 'usuario-astronauta', 'fas fa-user-astronaut', '2023-04-12 13:20:34', NULL),
(1441, 'verificacion de usuario', 'fas fa-user-check', '2023-04-12 13:20:34', NULL),
(1442, 'circulo de usuarios', 'fas fa-user-circle', '2023-04-12 13:20:34', NULL),
(1443, 'circulo de usuarios', 'far fa-user-circle', '2023-04-12 13:20:34', NULL),
(1444, 'reloj de usuario', 'fas fa-user-clock', '2023-04-12 13:20:34', NULL),
(1445, 'usuario-cog', 'fas fa-user-cog', '2023-04-12 13:20:34', NULL),
(1446, 'edicion de usuario', 'fas fa-user-edit', '2023-04-12 13:20:34', NULL),
(1447, 'usuario-amigos', 'fas fa-user-friends', '2023-04-12 13:20:34', NULL),
(1448, 'usuario graduado', 'fas fa-user-graduate', '2023-04-12 13:20:34', NULL),
(1449, 'lesionado por el usuario', 'fas fa-user-injured', '2023-04-12 13:20:34', NULL),
(1450, 'bloqueo de usuario', 'fas fa-user-lock', '2023-04-12 13:20:34', NULL),
(1451, 'usuario-md', 'fas fa-user-md', '2023-04-12 13:20:34', NULL),
(1452, 'menos usuario', 'fas fa-user-minus', '2023-04-12 13:20:34', NULL),
(1453, 'usuario-ninja', 'fas fa-user-ninja', '2023-04-12 13:20:34', NULL),
(1454, 'usuario-enfermera', 'fas fa-user-nurse', '2023-04-12 13:20:34', NULL),
(1455, 'usuario plus', 'fas fa-user-plus', '2023-04-12 13:20:34', NULL),
(1456, 'secreto de usuario', 'fas fa-user-secret', '2023-04-12 13:20:34', NULL),
(1457, 'escudo de usuario', 'fas fa-user-shield', '2023-04-12 13:20:34', NULL),
(1458, 'barra de usuario', 'fas fa-user-slash', '2023-04-12 13:20:34', NULL),
(1459, 'etiqueta de usuario', 'fas fa-user-tag', '2023-04-12 13:20:34', NULL),
(1460, 'enlace de usuario', 'fas fa-user-tie', '2023-04-12 13:20:34', NULL),
(1461, 'tiempos de usuario', 'fas fa-user-times', '2023-04-12 13:20:34', NULL),
(1462, 'los usuarios', 'fas fa-users', '2023-04-12 13:20:34', NULL),
(1463, 'usuarios-cog', 'fas fa-users-cog', '2023-04-12 13:20:34', NULL),
(1464, 'usps', 'fab fa-usps', '2023-04-12 13:20:34', NULL),
(1465, 'ussunnah', 'fab fa-ussunnah', '2023-04-12 13:20:34', NULL),
(1466, 'cuchara de utensilios', 'fas fa-utensil-spoon', '2023-04-12 13:20:34', NULL),
(1467, 'utensilios', 'fas fa-utensils', '2023-04-12 13:20:34', NULL),
(1468, 'vaadin', 'fab fa-vaadin', '2023-04-12 13:20:34', NULL),
(1469, 'vector-cuadrado', 'fas fa-vector-square', '2023-04-12 13:20:34', NULL),
(1470, 'Venus', 'fas fa-venus', '2023-04-12 13:20:34', NULL),
(1471, 'Venus doble', 'fas fa-venus-double', '2023-04-12 13:20:34', NULL),
(1472, 'venus-mars', 'fas fa-venus-mars', '2023-04-12 13:20:34', NULL),
(1473, 'viacoin', 'fab fa-viacoin', '2023-04-12 13:20:34', NULL),
(1474, 'viadeo', 'fab fa-viadeo', '2023-04-12 13:20:34', NULL),
(1475, 'viadeo-square', 'fab fa-viadeo-square', '2023-04-12 13:20:34', NULL),
(1476, 'frasco', 'fas fa-vial', '2023-04-12 13:20:34', NULL),
(1477, 'viales', 'fas fa-vials', '2023-04-12 13:20:34', NULL),
(1478, 'viber', 'fab fa-viber', '2023-04-12 13:20:34', NULL),
(1479, 'video', 'fas fa-video', '2023-04-12 13:20:34', NULL),
(1480, 'video-slash', 'fas fa-video-slash', '2023-04-12 13:20:34', NULL),
(1481, 'vihara', 'fas fa-vihara', '2023-04-12 13:20:34', NULL),
(1482, 'vimeo', 'fab fa-vimeo', '2023-04-12 13:20:34', NULL),
(1483, 'vimeo-cuadrado', 'fab fa-vimeo-square', '2023-04-12 13:20:34', NULL),
(1484, 'vimeo-v', 'fab fa-vimeo-v', '2023-04-12 13:20:34', NULL),
(1485, 'vid', 'fab fa-vine', '2023-04-12 13:20:34', NULL),
(1486, 'vk', 'fab fa-vk', '2023-04-12 13:20:34', NULL),
(1487, 'vnv', 'fab fa-vnv', '2023-04-12 13:20:34', NULL),
(1488, 'mensaje de voz', 'fas fa-voicemail', '2023-04-12 13:20:34', NULL),
(1489, 'pelota de voleibol', 'fas fa-volleyball-ball', '2023-04-12 13:20:34', NULL),
(1490, 'bajar volumen', 'fas fa-volume-down', '2023-04-12 13:20:34', NULL),
(1491, 'volumen mudo', 'fas fa-volume-mute', '2023-04-12 13:20:34', NULL),
(1492, 'volumen apagado', 'fas fa-volume-off', '2023-04-12 13:20:34', NULL),
(1493, 'sube el volumen', 'fas fa-volume-up', '2023-04-12 13:20:34', NULL),
(1494, 'votar si', 'fas fa-vote-yea', '2023-04-12 13:20:34', NULL),
(1495, 'vr-carton', 'fas fa-vr-cardboard', '2023-04-12 13:20:34', NULL),
(1496, 'vuejs', 'fab fa-vuejs', '2023-04-12 13:20:34', NULL),
(1497, 'para caminar', 'fas fa-walking', '2023-04-12 13:20:34', NULL),
(1498, 'billetera', 'fas fa-wallet', '2023-04-12 13:20:34', NULL),
(1499, 'almacen', 'fas fa-warehouse', '2023-04-12 13:20:34', NULL),
(1500, 'agua', 'fas fa-water', '2023-04-12 13:20:34', NULL),
(1501, 'onda cuadrada', 'fas fa-wave-square', '2023-04-12 13:20:34', NULL),
(1502, 'Waze', 'fab fa-waze', '2023-04-12 13:20:34', NULL),
(1503, 'llorando', 'fab fa-weebly', '2023-04-12 13:20:34', NULL),
(1504, 'weibo', 'fab fa-weibo', '2023-04-12 13:20:34', NULL),
(1505, 'peso', 'fas fa-weight', '2023-04-12 13:20:34', NULL),
(1506, 'colgar peso', 'fas fa-weight-hanging', '2023-04-12 13:20:34', NULL),
(1507, 'weixin', 'fab fa-weixin', '2023-04-12 13:20:34', NULL),
(1508, 'whatsapp', 'fab fa-whatsapp', '2023-04-12 13:20:34', NULL),
(1509, 'whatsapp-square', 'fab fa-whatsapp-square', '2023-04-12 13:20:34', NULL),
(1510, 'silla de ruedas', 'fas fa-wheelchair', '2023-04-12 13:20:34', NULL),
(1511, 'whmcs', 'fab fa-whmcs', '2023-04-12 13:20:34', NULL),
(1512, 'Wifi', 'fas fa-wifi', '2023-04-12 13:20:34', NULL),
(1513, 'wikipedia-w', 'fab fa-wikipedia-w', '2023-04-12 13:20:35', NULL),
(1514, 'viento', 'fas fa-wind', '2023-04-12 13:20:35', NULL),
(1515, 'ventana cerrada', 'fas fa-window-close', '2023-04-12 13:20:35', NULL),
(1516, 'ventana cerrada', 'far fa-window-close', '2023-04-12 13:20:35', NULL),
(1517, 'maximizar ventana', 'fas fa-window-maximize', '2023-04-12 13:20:35', NULL),
(1518, 'maximizar ventana', 'far fa-window-maximize', '2023-04-12 13:20:35', NULL),
(1519, 'minimizar ventana', 'fas fa-window-minimize', '2023-04-12 13:20:35', NULL),
(1520, 'minimizar ventana', 'far fa-window-minimize', '2023-04-12 13:20:35', NULL),
(1521, 'restaurar ventana', 'fas fa-window-restore', '2023-04-12 13:20:35', NULL),
(1522, 'restaurar ventana', 'far fa-window-restore', '2023-04-12 13:20:35', NULL),
(1523, 'ventanas', 'fab fa-windows', '2023-04-12 13:20:35', NULL),
(1524, 'botella de vino', 'fas fa-wine-bottle', '2023-04-12 13:20:35', NULL),
(1525, 'Copa de vino', 'fas fa-wine-glass', '2023-04-12 13:20:35', NULL),
(1526, 'copa de vino-alt', 'fas fa-wine-glass-alt', '2023-04-12 13:20:35', NULL),
(1527, 'wix', 'fab fa-wix', '2023-04-12 13:20:35', NULL),
(1528, 'magos de la costa', 'fab fa-wizards-of-the-coast', '2023-04-12 13:20:35', NULL),
(1529, 'batallon-manada de lobos', 'fab fa-wolf-pack-battalion', '2023-04-12 13:20:35', NULL),
(1530, 'signo ganado', 'fas fa-won-sign', '2023-04-12 13:20:35', NULL),
(1531, 'wordpress', 'fab fa-wordpress', '2023-04-12 13:20:35', NULL),
(1532, 'wordpress-simple', 'fab fa-wordpress-simple', '2023-04-12 13:20:35', NULL),
(1533, 'wpbeginner', 'fab fa-wpbeginner', '2023-04-12 13:20:35', NULL),
(1534, 'wpexplorer', 'fab fa-wpexplorer', '2023-04-12 13:20:35', NULL),
(1535, 'wpforms', 'fab fa-wpforms', '2023-04-12 13:20:35', NULL),
(1536, 'wpressr', 'fab fa-wpressr', '2023-04-12 13:20:35', NULL),
(1537, 'llave inglesa', 'fas fa-wrench', '2023-04-12 13:20:35', NULL),
(1538, 'radiografia', 'fas fa-x-ray', '2023-04-12 13:20:35', NULL),
(1539, 'xbox', 'fab fa-xbox', '2023-04-12 13:20:35', NULL),
(1540, 'xing', 'fab fa-xing', '2023-04-12 13:20:35', NULL),
(1541, 'cuadrado xing', 'fab fa-xing-square', '2023-04-12 13:20:35', NULL),
(1542, 'combinador en y', 'fab fa-y-combinator', '2023-04-12 13:20:35', NULL),
(1543, 'yahoo', 'fab fa-yahoo', '2023-04-12 13:20:35', NULL),
(1544, 'quejarse', 'fab fa-yammer', '2023-04-12 13:20:35', NULL),
(1545, 'Yandex', 'fab fa-yandex', '2023-04-12 13:20:35', NULL),
(1546, 'Yandex-internacional', 'fab fa-yandex-international', '2023-04-12 13:20:35', NULL),
(1547, 'hilo', 'fab fa-yarn', '2023-04-12 13:20:35', NULL),
(1548, 'gañido', 'fab fa-yelp', '2023-04-12 13:20:35', NULL),
(1549, 'signo de yen', 'fas fa-yen-sign', '2023-04-12 13:20:35', NULL),
(1550, 'yin-yang', 'fas fa-yin-yang', '2023-04-12 13:20:35', NULL),
(1551, 'yoast', 'fab fa-yoast', '2023-04-12 13:20:35', NULL),
(1552, 'Youtube', 'fab fa-youtube', '2023-04-12 13:20:35', NULL),
(1553, 'youtube-square', 'fab fa-youtube-square', '2023-04-12 13:20:35', NULL),
(1554, 'zhihu', 'fab fa-zhihu', '2023-04-12 13:20:35', NULL);

-- --------------------------------------------------------

--
-- Estructura de tabla para la tabla `licencias`
--

CREATE TABLE `licencias` (
  `id` bigint(20) UNSIGNED NOT NULL,
  `categoria_id` bigint(20) UNSIGNED NOT NULL,
  `estado_elemento_id` bigint(20) UNSIGNED NOT NULL,
  `licencia` text COLLATE utf8_spanish_ci NOT NULL,
  `pertenencia` text COLLATE utf8_spanish_ci NOT NULL,
  `proveedor` text COLLATE utf8_spanish_ci DEFAULT NULL,
  `fabricante` text COLLATE utf8_spanish_ci DEFAULT NULL,
  `serial` text COLLATE utf8_spanish_ci DEFAULT NULL,
  `tipo_licencia` text COLLATE utf8_spanish_ci DEFAULT NULL,
  `fec_vencimiento` date DEFAULT NULL,
  `cantidad` bigint(20) NOT NULL DEFAULT 0,
  `usuario` text COLLATE utf8_spanish_ci DEFAULT NULL,
  `password` text COLLATE utf8_spanish_ci DEFAULT NULL,
  `observaciones` longtext COLLATE utf8_spanish_ci DEFAULT NULL,
  `created_at` timestamp NULL DEFAULT NULL,
  `updated_at` timestamp NULL DEFAULT NULL
) ENGINE=InnoDB DEFAULT CHARSET=utf8 COLLATE=utf8_spanish_ci ROW_FORMAT=DYNAMIC;

-- --------------------------------------------------------

--
-- Estructura de tabla para la tabla `matriz_caracteristicas`
--

CREATE TABLE `matriz_caracteristicas` (
  `id` bigint(20) UNSIGNED NOT NULL,
  `area` varchar(255) COLLATE utf8_spanish_ci NOT NULL,
  `sis_operativo` varchar(255) COLLATE utf8_spanish_ci NOT NULL DEFAULT 'N/A',
  `disco_duro` varchar(255) COLLATE utf8_spanish_ci NOT NULL DEFAULT 'N/A',
  `ram` varchar(255) COLLATE utf8_spanish_ci NOT NULL DEFAULT 'N/A',
  `procesador` varchar(255) COLLATE utf8_spanish_ci NOT NULL DEFAULT 'N/A',
  `tarj_video` varchar(255) COLLATE utf8_spanish_ci NOT NULL DEFAULT 'N/A',
  `puertos` varchar(255) COLLATE utf8_spanish_ci NOT NULL DEFAULT 'N/A',
  `created_at` timestamp NULL DEFAULT NULL,
  `updated_at` timestamp NULL DEFAULT NULL
) ENGINE=InnoDB DEFAULT CHARSET=utf8 COLLATE=utf8_spanish_ci ROW_FORMAT=DYNAMIC;

--
-- Volcado de datos para la tabla `matriz_caracteristicas`
--

INSERT INTO `matriz_caracteristicas` (`id`, `area`, `sis_operativo`, `disco_duro`, `ram`, `procesador`, `tarj_video`, `puertos`, `created_at`, `updated_at`) VALUES
(1, 'ADMINISTRATIVAS', 'WINDOWS 10 PRO', '256 GB SSD', '8 GB DDR4', 'INTEL CORE I3 DE 11VA O 10MA GENERACION RYZEN 5', 'N/A', 'USB - HDMI', '2023-04-12 13:20:58', NULL),
(2, 'FINANCIERA', 'WINDOWS 10 PRO', '256 GB SSD', '8 GB DDR4', 'INTEL CORE I3 DE 11VA O 10MA GENERACION RYZEN 5', 'N/A', 'USB - HDMI', '2023-04-12 13:20:58', NULL),
(3, 'LICITACIONES', 'WINDOWS 10 PRO', '256 GB SSD', '8 GB DDR4', 'INTEL CORE I3 DE 11VA O 10MA GENERACION RYZEN 5', 'N/A', 'USB - HDMI', '2023-04-12 13:20:58', NULL),
(4, 'TALENTO HUMANO', 'WINDOWS 10 PRO', '256 GB SSD', '8 GB DDR4', 'INTEL CORE I3 DE 11VA O 10MA GENERACION RYZEN 5', 'N/A', 'USB - HDMI', '2023-04-12 13:20:58', NULL),
(5, 'COMERCIAL', 'WINDOWS 10 PRO', '256 GB SSD', '8 GB DDR4', 'INTEL CORE I3 DE 11VA O 10MA GENERACION RYZEN 5', 'N/A', 'USB - HDMI', '2023-04-12 13:20:58', NULL),
(6, 'GERENTES DE PROYECTOS', 'WINDOWS 10 PRO', '256 GB SSD', '8 GB DDR4', 'INTEL CORE I5 DE 11VA O 10MA GENERACION RYZEN 5', 'N/A', 'USB - HDMI', '2023-04-12 13:20:58', NULL),
(7, 'CALIDAD', 'WINDOWS 10 PRO', '256 GB SSD', '8 GB DDR4', 'INTEL CORE I5 DE 11VA O 10MA GENERACION RYZEN 5', 'N/A', 'USB - HDMI', '2023-04-12 13:20:58', NULL),
(8, 'INGENIEROS DE REQUERIMIENTOS', 'WINDOWS 10 PRO', '256 GB SSD', '8 GB DDR4', 'INTEL CORE I5 DE 11VA O 10MA GENERACION RYZEN 5', 'N/A', 'USB - HDMI', '2023-04-12 13:20:58', NULL),
(9, 'PMO', 'WINDOWS 10 PRO', '256 GB SSD', '8 GB DDR4', 'INTEL CORE I5 DE 11VA O 10MA GENERACION RYZEN 5', 'N/A', 'USB - HDMI', '2023-04-12 13:20:58', NULL),
(10, 'ANALISTA DE REQUERIMIENTOS', 'WINDOWS 10 PRO', '256 GB SSD', '8 GB DDR4', 'INTEL CORE I5 DE 11VA O 10MA GENERACION RYZEN 5', 'N/A', 'USB - HDMI', '2023-04-12 13:20:58', NULL),
(11, 'MARKETING', 'WINDOWS 10 PRO', '512 GB SSD', '12 GB DDR4', 'INTEL CORE I5 DE 11VA O 10MA GENERACION RYZEN 7', '2GB INTEGRADA', 'USB - HDMI', '2023-04-12 13:20:58', NULL),
(12, 'DISEÑADORES', 'WINDOWS 10 PRO', '512 GB SSD', '12 GB DDR4', 'INTEL CORE I5 DE 11VA O 10MA GENERACION RYZEN 7', '2GB INTEGRADA', 'USB - HDMI', '2023-04-12 13:20:58', NULL),
(13, 'COMUNITY MANAGER', 'WINDOWS 10 PRO', '512 GB SSD', '12 GB DDR4', 'INTEL CORE I5 DE 11VA O 10MA GENERACION RYZEN 7', '2GB INTEGRADA', 'USB - HDMI', '2023-04-12 13:20:58', NULL),
(14, 'SOPORTE', 'WINDOWS 10 PRO', '512 GB ', '16 GB DDR4', 'INTEL CORE I7 DE 11VA O 10MA GENERECION RYZEN 7', 'N/A', 'USB - HDMI', '2023-04-12 13:20:58', NULL),
(15, 'INFRAESCTUCTURA', 'WINDOWS 10 PRO', '512 GB ', '16 GB DDR4', 'INTEL CORE I7 DE 11VA O 10MA GENERECION RYZEN 7', 'N/A', 'USB - HDMI', '2023-04-12 13:20:58', NULL),
(16, 'DESARROLLO', 'WINDOWS 10 PRO', '512 GB ', '16 GB DDR4', 'INTEL CORE I7 DE 11VA O 10MA GENERECION RYZEN 7', 'N/A', 'USB - HDMI', '2023-04-12 13:20:58', NULL),
(17, 'FABRICA DE SOFTWARE', 'WINDOWS 10 PRO', '512 GB ', '16 GB DDR4', 'INTEL CORE I7 DE 11VA O 10MA GENERECION RYZEN 7', 'N/A', 'USB - HDMI', '2023-04-12 13:20:58', NULL),
(18, 'EQUIPOS MAC', 'macOS', '245.12 Gb SSD', '8GB DDR4', 'CHIP APPLE M1', '7C GPU', 'ADAPTADOR HUB TIPO C', '2023-04-12 13:20:58', NULL);

-- --------------------------------------------------------

--
-- Estructura de tabla para la tabla `menu`
--

CREATE TABLE `menu` (
  `id` bigint(20) UNSIGNED NOT NULL,
  `menu_id` bigint(20) UNSIGNED NOT NULL DEFAULT 0,
  `nombre` varchar(50) COLLATE utf8_spanish_ci NOT NULL,
  `url` varchar(100) COLLATE utf8_spanish_ci NOT NULL,
  `orden` bigint(20) UNSIGNED NOT NULL DEFAULT 0,
  `icono` varchar(50) COLLATE utf8_spanish_ci DEFAULT NULL,
  `created_at` timestamp NULL DEFAULT NULL,
  `updated_at` timestamp NULL DEFAULT NULL
) ENGINE=InnoDB DEFAULT CHARSET=utf8 COLLATE=utf8_spanish_ci ROW_FORMAT=DYNAMIC;

--
-- Volcado de datos para la tabla `menu`
--

INSERT INTO `menu` (`id`, `menu_id`, `nombre`, `url`, `orden`, `icono`, `created_at`, `updated_at`) VALUES
(1, 0, 'Inicio', 'admin/index', 1, 'fas fa-home', '2023-04-12 13:20:31', NULL),
(2, 0, 'Sistema', '#', 2, 'fas fa-tools', '2023-04-12 13:20:31', NULL),
(3, 2, 'Menús', 'admin/menu-index', 1, 'fas fa-list-ul', '2023-04-12 13:20:31', NULL),
(4, 2, 'Roles Usuarios', 'admin/rol-index', 2, 'fas fa-user-tag', '2023-04-12 13:20:31', NULL),
(5, 2, 'Menú - Roles', 'admin/_menus_rol', 3, 'fas fa-chalkboard-teacher', '2023-04-12 13:20:31', NULL),
(6, 2, 'Permisos -Rol', 'admin/_permiso-rol', 5, 'fas fa-user-lock', '2023-04-12 13:20:31', NULL),
(7, 2, 'Usuarios', 'admin/usuarios', 6, 'fas fa-user-friends', '2023-04-12 13:20:31', NULL),
(8, 0, 'Configuracion', '#', 3, 'fas fa-cogs', '2023-04-12 13:20:31', NULL),
(9, 8, 'Areas', 'admin/areas', 1, 'fas fa-sitemap', '2023-04-12 13:20:31', NULL),
(10, 8, 'Cargos', 'admin/cargos', 2, 'fas fa-bezier-curve', '2023-04-12 13:20:31', NULL),
(11, 8, 'Contratos', 'admin/contratos', 3, 'fas fa-file-csv', '2023-04-12 13:20:31', NULL),
(12, 8, 'Centros de Costo', 'admin/centros', 4, 'fas fa-closed-captioning', '2023-04-12 13:20:31', NULL),
(13, 8, 'Estados', 'admin/estados', 5, 'fas fa-spell-check', '2023-04-12 13:20:31', NULL),
(14, 8, 'Categorias', 'admin/categorias', 6, 'fas fa-layer-group', '2023-04-12 13:20:31', NULL),
(15, 8, 'Proveedores Rentados', 'admin/proveedores_rentados', 7, 'fas fa-user-friends', '2023-04-12 13:20:31', NULL),
(16, 8, 'Sub - Centros de Costo', 'admin/sub_centros_costo', 8, 'fas fa-hand-holding-usd', '2023-04-12 13:20:31', NULL),
(17, 8, 'Responsables Rentados PC', 'admin/responsables', 9, 'fas fa-user-shield', '2023-04-12 13:20:31', NULL),
(18, 8, 'Tipos PC Rentados', 'admin/tipos_rentados', 10, 'fas fa-server', '2023-04-12 13:20:31', NULL),
(19, 8, 'Estados PC Rentados', 'admin/rentados_estados', 11, 'fas fa-spell-check', '2023-04-12 13:20:31', NULL),
(20, 0, 'Inventarios', '#', 4, 'fas fa-bezier-curve', '2023-04-12 13:20:31', NULL),
(21, 20, 'Equipos Propios', 'admin/equipos', 1, 'fas fa-laptop', '2023-04-12 13:20:31', NULL),
(22, 20, 'Monitores', 'admin/monitores', 2, 'fas fa-tv', '2023-04-12 13:20:31', NULL),
(23, 20, 'Impresoras', 'admin/impresoras', 3, 'fas fa-print', '2023-04-12 13:20:31', NULL),
(24, 20, 'Matriz Caracteristicas PC', 'admin/matriz_caracteristicas', 4, 'fas fa-check-double', '2023-04-12 13:20:31', NULL),
(25, 20, 'Equipos rentados', 'admin/equipos_rentados', 5, 'fas fa-laptop-house', '2023-04-12 13:20:31', NULL),
(26, 0, 'Otras opciones', '#', 5, 'fas fa-question-circle', '2023-04-12 13:20:31', NULL),
(27, 27, 'Nuestas políticas de datos', 'usuario/consulta-politicas', 1, 'fas fa-question-circle', '2023-04-12 13:20:31', NULL),
(28, 27, 'Ayuda', 'usuario/ayuda', 2, 'fas fa-question-circle', '2023-04-12 13:20:31', NULL),
(29, 27, 'Actualizar datos', 'usuario/actualizar-datos', 3, 'fas fa-edit', '2023-04-12 13:20:31', NULL),
(30, 27, 'Cambiar contraseña', 'usuario/cambiar-password', 4, 'fas fa-key', '2023-04-12 13:20:31', NULL),
(31, 0, 'Parametros', '#', 5, 'fas fa-cog', '2023-04-12 13:20:31', NULL);

-- --------------------------------------------------------

--
-- Estructura de tabla para la tabla `menu_rol`
--

CREATE TABLE `menu_rol` (
  `rol_id` bigint(20) UNSIGNED NOT NULL,
  `menu_id` bigint(20) UNSIGNED NOT NULL
) ENGINE=InnoDB DEFAULT CHARSET=utf8 COLLATE=utf8_spanish_ci ROW_FORMAT=DYNAMIC;

--
-- Volcado de datos para la tabla `menu_rol`
--

INSERT INTO `menu_rol` (`rol_id`, `menu_id`) VALUES
(1, 1),
(2, 1),
(1, 2),
(2, 2),
(1, 3),
(2, 3),
(1, 4),
(2, 4),
(1, 5),
(2, 5),
(1, 6),
(2, 6),
(1, 7),
(2, 7),
(1, 8),
(2, 8),
(1, 9),
(2, 9),
(1, 10),
(2, 10),
(1, 11),
(2, 11),
(1, 12),
(2, 12),
(1, 13),
(2, 13),
(1, 14),
(2, 14),
(1, 15),
(2, 15),
(1, 16),
(2, 16),
(1, 17),
(2, 17),
(1, 18),
(2, 18),
(1, 19),
(2, 19),
(1, 20),
(2, 20),
(1, 21),
(2, 21),
(1, 22),
(2, 22),
(1, 23),
(2, 23),
(1, 24),
(2, 24),
(1, 25),
(2, 25),
(1, 26),
(2, 26),
(1, 27),
(2, 27),
(1, 28),
(2, 28),
(1, 29),
(2, 29),
(1, 30),
(2, 30),
(1, 31),
(2, 31);

-- --------------------------------------------------------

--
-- Estructura de tabla para la tabla `migrations`
--

CREATE TABLE `migrations` (
  `id` int(10) UNSIGNED NOT NULL,
  `migration` varchar(255) COLLATE utf8mb4_unicode_ci NOT NULL,
  `batch` int(11) NOT NULL
) ENGINE=InnoDB DEFAULT CHARSET=utf8mb4 COLLATE=utf8mb4_unicode_ci ROW_FORMAT=DYNAMIC;

--
-- Volcado de datos para la tabla `migrations`
--

INSERT INTO `migrations` (`id`, `migration`, `batch`) VALUES
(122, '2014_10_12_000000_create_users_table', 1),
(123, '2014_10_12_100000_create_password_resets_table', 1),
(124, '2019_08_19_000000_create_failed_jobs_table', 1),
(125, '2019_12_14_000001_create_personal_access_tokens_table', 1),
(126, '2021_02_25_214222_crear_tabla_docutipos', 1),
(127, '2021_02_25_214232_crear_tabla_usuarios', 1),
(128, '2021_02_25_220238_crear_tabla_roles', 1),
(129, '2021_02_25_220254_crear_tabla_permisos', 1),
(130, '2021_02_25_220330_crear_tabla_usuario_rol', 1),
(131, '2021_02_25_220355_crear_tabla_permiso_rol', 1),
(132, '2021_02_25_220416_crear_tabla_menu', 1),
(133, '2021_02_25_220435_crear_tabla_menu_rol', 1),
(134, '2021_02_25_220453_crear_tabla_icono', 1),
(135, '2021_03_15_165829_crear_tabla_usuariotemp', 1),
(136, '2021_03_15_165830_create_areas_table', 1),
(137, '2021_03_15_165831_create_cargos_table', 1),
(138, '2021_03_15_165832_create_contratos_table', 1),
(139, '2021_03_15_165833_create_centros_table', 1),
(140, '2021_03_15_165834_create_estado_elementos_table', 1),
(141, '2021_03_15_165835_create_dominio_empresas_table', 1),
(142, '2021_03_17_112531_crear_tabla_personas', 1),
(143, '2021_03_17_131744_crear_tabla_parametros', 1),
(144, '2023_03_10_084730_create_centro_porcentajes_table', 1),
(145, '2023_03_10_085432_create_categorias_table', 1),
(146, '2023_03_10_113159_create_equipos_table', 1),
(147, '2023_03_10_113342_create_licencias_table', 1),
(148, '2023_03_10_115012_create_dominios_table', 1),
(149, '2023_03_10_120427_create_correo_corporativos_table', 1),
(150, '2023_03_10_143345_create_permiso_cargos_table', 1),
(151, '2023_03_27_100931_create_matriz_caracteristicas_table', 1),
(152, '2023_03_30_152409_create_proveedor_rentados_table', 1),
(153, '2023_03_31_105331_create_centro_costos_table', 1),
(154, '2023_03_31_105353_create_sub_centro_costos_table', 1),
(155, '2023_03_31_113432_create_rentado_responsables_table', 1),
(156, '2023_03_31_122634_create_rentado_asignados_table', 1),
(157, '2023_03_31_124935_create_rentado_tipos_table', 1),
(158, '2023_03_31_124936_create_rentado_estados_table', 1),
(159, '2023_03_31_124937_create_equipo_rentados_table', 1),
(160, '2023_04_08_131038_create_asignacion_rentados_table', 1);

-- --------------------------------------------------------

--
-- Estructura de tabla para la tabla `parametros`
--

CREATE TABLE `parametros` (
  `id` bigint(20) UNSIGNED NOT NULL,
  `logo` varchar(50) COLLATE utf8_spanish_ci DEFAULT NULL,
  `bg_titulo` varchar(30) COLLATE utf8_spanish_ci NOT NULL,
  `color_titulo` varchar(30) COLLATE utf8_spanish_ci NOT NULL,
  `titulo` varchar(255) COLLATE utf8_spanish_ci NOT NULL,
  `bg_caja` varchar(30) COLLATE utf8_spanish_ci NOT NULL,
  `bg_botones` varchar(30) COLLATE utf8_spanish_ci NOT NULL,
  `color_botones` varchar(30) COLLATE utf8_spanish_ci NOT NULL,
  `color_titulos` varchar(30) COLLATE utf8_spanish_ci NOT NULL,
  `color_texto` varchar(30) COLLATE utf8_spanish_ci NOT NULL,
  `fondo1` varchar(30) COLLATE utf8_spanish_ci NOT NULL,
  `fondo2` varchar(30) COLLATE utf8_spanish_ci NOT NULL,
  `created_at` timestamp NULL DEFAULT NULL,
  `updated_at` timestamp NULL DEFAULT NULL
) ENGINE=InnoDB DEFAULT CHARSET=utf8 COLLATE=utf8_spanish_ci ROW_FORMAT=DYNAMIC;

--
-- Volcado de datos para la tabla `parametros`
--

INSERT INTO `parametros` (`id`, `logo`, `bg_titulo`, `color_titulo`, `titulo`, `bg_caja`, `bg_botones`, `color_botones`, `color_titulos`, `color_texto`, `fondo1`, `fondo2`, `created_at`, `updated_at`) VALUES
(1, '1616023696logo2.png', '#F24949', '#FFFFFF', 'SISTEMA DE REGISTRO DE PETICIONES, QUEJAS Y RECLAMOS', '#F2D8D8', '#6D53A6', '#FFFFFF', '#6D53A6', '#6D53A6', '#20C997', '#0D6EFD', '2023-04-12 13:20:35', NULL);

-- --------------------------------------------------------

--
-- Estructura de tabla para la tabla `password_resets`
--

CREATE TABLE `password_resets` (
  `email` varchar(255) COLLATE utf8mb4_unicode_ci NOT NULL,
  `token` varchar(255) COLLATE utf8mb4_unicode_ci NOT NULL,
  `created_at` timestamp NULL DEFAULT NULL
) ENGINE=InnoDB DEFAULT CHARSET=utf8mb4 COLLATE=utf8mb4_unicode_ci ROW_FORMAT=DYNAMIC;

-- --------------------------------------------------------

--
-- Estructura de tabla para la tabla `permisos`
--

CREATE TABLE `permisos` (
  `id` bigint(20) UNSIGNED NOT NULL,
  `nombre` varchar(100) COLLATE utf8_spanish_ci NOT NULL,
  `slug` varchar(100) COLLATE utf8_spanish_ci NOT NULL,
  `created_at` timestamp NULL DEFAULT NULL,
  `updated_at` timestamp NULL DEFAULT NULL
) ENGINE=InnoDB DEFAULT CHARSET=utf8 COLLATE=utf8_spanish_ci ROW_FORMAT=DYNAMIC;

-- --------------------------------------------------------

--
-- Estructura de tabla para la tabla `permiso_cargos`
--

CREATE TABLE `permiso_cargos` (
  `id` bigint(20) UNSIGNED NOT NULL,
  `cargo_id` bigint(20) UNSIGNED NOT NULL,
  `menu_id` bigint(20) UNSIGNED NOT NULL,
  `listar` tinyint(1) NOT NULL DEFAULT 1,
  `buscar` tinyint(1) NOT NULL DEFAULT 1,
  `guardar` tinyint(1) NOT NULL DEFAULT 1,
  `actualizar` tinyint(1) NOT NULL DEFAULT 1,
  `borrar` tinyint(1) NOT NULL DEFAULT 1,
  `created_at` timestamp NULL DEFAULT NULL,
  `updated_at` timestamp NULL DEFAULT NULL
) ENGINE=InnoDB DEFAULT CHARSET=utf8 COLLATE=utf8_spanish_ci ROW_FORMAT=DYNAMIC;

--
-- Volcado de datos para la tabla `permiso_cargos`
--

INSERT INTO `permiso_cargos` (`id`, `cargo_id`, `menu_id`, `listar`, `buscar`, `guardar`, `actualizar`, `borrar`, `created_at`, `updated_at`) VALUES
(1, 1, 9, 1, 1, 1, 1, 1, '2023-04-12 13:20:36', NULL),
(2, 1, 10, 1, 1, 1, 1, 1, '2023-04-12 13:20:36', NULL),
(3, 1, 11, 1, 1, 1, 1, 1, '2023-04-12 13:20:36', NULL),
(4, 1, 12, 1, 1, 1, 1, 1, '2023-04-12 13:20:36', NULL),
(5, 1, 13, 1, 1, 1, 1, 1, '2023-04-12 13:20:37', NULL),
(6, 1, 14, 1, 1, 1, 1, 1, '2023-04-12 13:20:37', NULL),
(7, 1, 15, 1, 1, 1, 1, 1, '2023-04-12 13:20:37', NULL),
(8, 1, 16, 1, 1, 1, 1, 1, '2023-04-12 13:20:37', NULL),
(9, 1, 17, 1, 1, 1, 1, 1, '2023-04-12 13:20:37', NULL),
(10, 1, 18, 1, 1, 1, 1, 1, '2023-04-12 13:20:37', NULL),
(11, 1, 19, 1, 1, 1, 1, 1, '2023-04-12 13:20:37', NULL),
(12, 1, 21, 1, 1, 1, 1, 1, '2023-04-12 13:20:37', NULL),
(13, 1, 22, 1, 1, 1, 1, 1, '2023-04-12 13:20:37', NULL),
(14, 1, 23, 1, 1, 1, 1, 1, '2023-04-12 13:20:37', NULL),
(15, 1, 24, 1, 1, 1, 1, 1, '2023-04-12 13:20:37', NULL),
(16, 1, 25, 1, 1, 1, 1, 1, '2023-04-12 13:20:37', NULL),
(17, 1, 27, 1, 1, 1, 1, 1, '2023-04-12 13:20:37', NULL),
(18, 1, 28, 1, 1, 1, 1, 1, '2023-04-12 13:20:37', NULL),
(19, 1, 29, 1, 1, 1, 1, 1, '2023-04-12 13:20:37', NULL),
(20, 1, 30, 1, 1, 1, 1, 1, '2023-04-12 13:20:37', NULL),
(21, 2, 9, 1, 1, 1, 1, 1, '2023-04-12 13:20:37', NULL),
(22, 2, 10, 1, 1, 1, 1, 1, '2023-04-12 13:20:37', NULL),
(23, 2, 11, 1, 1, 1, 1, 1, '2023-04-12 13:20:37', NULL),
(24, 2, 12, 1, 1, 1, 1, 1, '2023-04-12 13:20:37', NULL),
(25, 2, 13, 1, 1, 1, 1, 1, '2023-04-12 13:20:37', NULL),
(26, 2, 14, 1, 1, 1, 1, 1, '2023-04-12 13:20:37', NULL),
(27, 2, 15, 1, 1, 1, 1, 1, '2023-04-12 13:20:37', NULL),
(28, 2, 16, 1, 1, 1, 1, 1, '2023-04-12 13:20:37', NULL),
(29, 2, 17, 1, 1, 1, 1, 1, '2023-04-12 13:20:37', NULL),
(30, 2, 18, 1, 1, 1, 1, 1, '2023-04-12 13:20:37', NULL),
(31, 2, 19, 1, 1, 1, 1, 1, '2023-04-12 13:20:37', NULL),
(32, 2, 21, 1, 1, 1, 1, 1, '2023-04-12 13:20:37', NULL),
(33, 2, 22, 1, 1, 1, 1, 1, '2023-04-12 13:20:37', NULL),
(34, 2, 23, 1, 1, 1, 1, 1, '2023-04-12 13:20:37', NULL),
(35, 2, 24, 1, 1, 1, 1, 1, '2023-04-12 13:20:37', NULL),
(36, 2, 25, 1, 1, 1, 1, 1, '2023-04-12 13:20:37', NULL),
(37, 2, 27, 1, 1, 1, 1, 1, '2023-04-12 13:20:37', NULL),
(38, 2, 28, 1, 1, 1, 1, 1, '2023-04-12 13:20:37', NULL),
(39, 2, 29, 1, 1, 1, 1, 1, '2023-04-12 13:20:37', NULL),
(40, 2, 30, 1, 1, 1, 1, 1, '2023-04-12 13:20:37', NULL),
(41, 3, 9, 1, 1, 1, 1, 1, '2023-04-12 13:20:37', NULL),
(42, 3, 10, 1, 1, 1, 1, 1, '2023-04-12 13:20:37', NULL),
(43, 3, 11, 1, 1, 1, 1, 1, '2023-04-12 13:20:37', NULL),
(44, 3, 12, 1, 1, 1, 1, 1, '2023-04-12 13:20:37', NULL),
(45, 3, 13, 1, 1, 1, 1, 1, '2023-04-12 13:20:37', NULL),
(46, 3, 14, 1, 1, 1, 1, 1, '2023-04-12 13:20:37', NULL),
(47, 3, 15, 1, 1, 1, 1, 1, '2023-04-12 13:20:37', NULL),
(48, 3, 16, 1, 1, 1, 1, 1, '2023-04-12 13:20:37', NULL),
(49, 3, 17, 1, 1, 1, 1, 1, '2023-04-12 13:20:37', NULL),
(50, 3, 18, 1, 1, 1, 1, 1, '2023-04-12 13:20:37', NULL),
(51, 3, 19, 1, 1, 1, 1, 1, '2023-04-12 13:20:37', NULL),
(52, 3, 21, 1, 1, 1, 1, 1, '2023-04-12 13:20:37', NULL),
(53, 3, 22, 1, 1, 1, 1, 1, '2023-04-12 13:20:37', NULL),
(54, 3, 23, 1, 1, 1, 1, 1, '2023-04-12 13:20:37', NULL),
(55, 3, 24, 1, 1, 1, 1, 1, '2023-04-12 13:20:37', NULL),
(56, 3, 25, 1, 1, 1, 1, 1, '2023-04-12 13:20:37', NULL),
(57, 3, 27, 1, 1, 1, 1, 1, '2023-04-12 13:20:37', NULL),
(58, 3, 28, 1, 1, 1, 1, 1, '2023-04-12 13:20:37', NULL),
(59, 3, 29, 1, 1, 1, 1, 1, '2023-04-12 13:20:37', NULL),
(60, 3, 30, 1, 1, 1, 1, 1, '2023-04-12 13:20:37', NULL),
(61, 4, 9, 1, 1, 1, 1, 1, '2023-04-12 13:20:37', NULL),
(62, 4, 10, 1, 1, 1, 1, 1, '2023-04-12 13:20:37', NULL),
(63, 4, 11, 1, 1, 1, 1, 1, '2023-04-12 13:20:37', NULL),
(64, 4, 12, 1, 1, 1, 1, 1, '2023-04-12 13:20:37', NULL),
(65, 4, 13, 1, 1, 1, 1, 1, '2023-04-12 13:20:37', NULL),
(66, 4, 14, 1, 1, 1, 1, 1, '2023-04-12 13:20:37', NULL),
(67, 4, 15, 1, 1, 1, 1, 1, '2023-04-12 13:20:37', NULL),
(68, 4, 16, 1, 1, 1, 1, 1, '2023-04-12 13:20:37', NULL),
(69, 4, 17, 1, 1, 1, 1, 1, '2023-04-12 13:20:37', NULL),
(70, 4, 18, 1, 1, 1, 1, 1, '2023-04-12 13:20:37', NULL),
(71, 4, 19, 1, 1, 1, 1, 1, '2023-04-12 13:20:37', NULL),
(72, 4, 21, 1, 1, 1, 1, 1, '2023-04-12 13:20:37', NULL),
(73, 4, 22, 1, 1, 1, 1, 1, '2023-04-12 13:20:37', NULL),
(74, 4, 23, 1, 1, 1, 1, 1, '2023-04-12 13:20:37', NULL),
(75, 4, 24, 1, 1, 1, 1, 1, '2023-04-12 13:20:37', NULL),
(76, 4, 25, 1, 1, 1, 1, 1, '2023-04-12 13:20:37', NULL),
(77, 4, 27, 1, 1, 1, 1, 1, '2023-04-12 13:20:37', NULL),
(78, 4, 28, 1, 1, 1, 1, 1, '2023-04-12 13:20:37', NULL),
(79, 4, 29, 1, 1, 1, 1, 1, '2023-04-12 13:20:37', NULL),
(80, 4, 30, 1, 1, 1, 1, 1, '2023-04-12 13:20:37', NULL),
(81, 5, 9, 1, 1, 1, 1, 1, '2023-04-12 13:20:37', NULL),
(82, 5, 10, 1, 1, 1, 1, 1, '2023-04-12 13:20:37', NULL),
(83, 5, 11, 1, 1, 1, 1, 1, '2023-04-12 13:20:37', NULL),
(84, 5, 12, 1, 1, 1, 1, 1, '2023-04-12 13:20:37', NULL),
(85, 5, 13, 1, 1, 1, 1, 1, '2023-04-12 13:20:37', NULL),
(86, 5, 14, 1, 1, 1, 1, 1, '2023-04-12 13:20:37', NULL),
(87, 5, 15, 1, 1, 1, 1, 1, '2023-04-12 13:20:37', NULL),
(88, 5, 16, 1, 1, 1, 1, 1, '2023-04-12 13:20:37', NULL),
(89, 5, 17, 1, 1, 1, 1, 1, '2023-04-12 13:20:37', NULL),
(90, 5, 18, 1, 1, 1, 1, 1, '2023-04-12 13:20:37', NULL),
(91, 5, 19, 1, 1, 1, 1, 1, '2023-04-12 13:20:37', NULL),
(92, 5, 21, 1, 1, 1, 1, 1, '2023-04-12 13:20:37', NULL),
(93, 5, 22, 1, 1, 1, 1, 1, '2023-04-12 13:20:37', NULL),
(94, 5, 23, 1, 1, 1, 1, 1, '2023-04-12 13:20:37', NULL),
(95, 5, 24, 1, 1, 1, 1, 1, '2023-04-12 13:20:37', NULL),
(96, 5, 25, 1, 1, 1, 1, 1, '2023-04-12 13:20:37', NULL),
(97, 5, 27, 1, 1, 1, 1, 1, '2023-04-12 13:20:37', NULL),
(98, 5, 28, 1, 1, 1, 1, 1, '2023-04-12 13:20:37', NULL),
(99, 5, 29, 1, 1, 1, 1, 1, '2023-04-12 13:20:37', NULL),
(100, 5, 30, 1, 1, 1, 1, 1, '2023-04-12 13:20:37', NULL),
(101, 6, 9, 1, 1, 1, 1, 1, '2023-04-12 13:20:37', NULL),
(102, 6, 10, 1, 1, 1, 1, 1, '2023-04-12 13:20:37', NULL),
(103, 6, 11, 1, 1, 1, 1, 1, '2023-04-12 13:20:37', NULL),
(104, 6, 12, 1, 1, 1, 1, 1, '2023-04-12 13:20:37', NULL),
(105, 6, 13, 1, 1, 1, 1, 1, '2023-04-12 13:20:37', NULL),
(106, 6, 14, 1, 1, 1, 1, 1, '2023-04-12 13:20:37', NULL),
(107, 6, 15, 1, 1, 1, 1, 1, '2023-04-12 13:20:37', NULL),
(108, 6, 16, 1, 1, 1, 1, 1, '2023-04-12 13:20:37', NULL),
(109, 6, 17, 1, 1, 1, 1, 1, '2023-04-12 13:20:37', NULL),
(110, 6, 18, 1, 1, 1, 1, 1, '2023-04-12 13:20:37', NULL),
(111, 6, 19, 1, 1, 1, 1, 1, '2023-04-12 13:20:37', NULL),
(112, 6, 21, 1, 1, 1, 1, 1, '2023-04-12 13:20:37', NULL),
(113, 6, 22, 1, 1, 1, 1, 1, '2023-04-12 13:20:37', NULL),
(114, 6, 23, 1, 1, 1, 1, 1, '2023-04-12 13:20:37', NULL),
(115, 6, 24, 1, 1, 1, 1, 1, '2023-04-12 13:20:37', NULL),
(116, 6, 25, 1, 1, 1, 1, 1, '2023-04-12 13:20:37', NULL),
(117, 6, 27, 1, 1, 1, 1, 1, '2023-04-12 13:20:37', NULL),
(118, 6, 28, 1, 1, 1, 1, 1, '2023-04-12 13:20:37', NULL),
(119, 6, 29, 1, 1, 1, 1, 1, '2023-04-12 13:20:37', NULL),
(120, 6, 30, 1, 1, 1, 1, 1, '2023-04-12 13:20:37', NULL),
(121, 7, 9, 1, 1, 1, 1, 1, '2023-04-12 13:20:37', NULL),
(122, 7, 10, 1, 1, 1, 1, 1, '2023-04-12 13:20:37', NULL),
(123, 7, 11, 1, 1, 1, 1, 1, '2023-04-12 13:20:37', NULL),
(124, 7, 12, 1, 1, 1, 1, 1, '2023-04-12 13:20:37', NULL),
(125, 7, 13, 1, 1, 1, 1, 1, '2023-04-12 13:20:37', NULL),
(126, 7, 14, 1, 1, 1, 1, 1, '2023-04-12 13:20:37', NULL),
(127, 7, 15, 1, 1, 1, 1, 1, '2023-04-12 13:20:37', NULL),
(128, 7, 16, 1, 1, 1, 1, 1, '2023-04-12 13:20:37', NULL),
(129, 7, 17, 1, 1, 1, 1, 1, '2023-04-12 13:20:37', NULL),
(130, 7, 18, 1, 1, 1, 1, 1, '2023-04-12 13:20:37', NULL),
(131, 7, 19, 1, 1, 1, 1, 1, '2023-04-12 13:20:37', NULL),
(132, 7, 21, 1, 1, 1, 1, 1, '2023-04-12 13:20:37', NULL),
(133, 7, 22, 1, 1, 1, 1, 1, '2023-04-12 13:20:37', NULL),
(134, 7, 23, 1, 1, 1, 1, 1, '2023-04-12 13:20:37', NULL),
(135, 7, 24, 1, 1, 1, 1, 1, '2023-04-12 13:20:37', NULL),
(136, 7, 25, 1, 1, 1, 1, 1, '2023-04-12 13:20:37', NULL),
(137, 7, 27, 1, 1, 1, 1, 1, '2023-04-12 13:20:37', NULL),
(138, 7, 28, 1, 1, 1, 1, 1, '2023-04-12 13:20:37', NULL),
(139, 7, 29, 1, 1, 1, 1, 1, '2023-04-12 13:20:37', NULL),
(140, 7, 30, 1, 1, 1, 1, 1, '2023-04-12 13:20:37', NULL),
(141, 8, 9, 1, 1, 1, 1, 1, '2023-04-12 13:20:37', NULL),
(142, 8, 10, 1, 1, 1, 1, 1, '2023-04-12 13:20:37', NULL),
(143, 8, 11, 1, 1, 1, 1, 1, '2023-04-12 13:20:37', NULL),
(144, 8, 12, 1, 1, 1, 1, 1, '2023-04-12 13:20:37', NULL),
(145, 8, 13, 1, 1, 1, 1, 1, '2023-04-12 13:20:37', NULL),
(146, 8, 14, 1, 1, 1, 1, 1, '2023-04-12 13:20:37', NULL),
(147, 8, 15, 1, 1, 1, 1, 1, '2023-04-12 13:20:37', NULL),
(148, 8, 16, 1, 1, 1, 1, 1, '2023-04-12 13:20:37', NULL),
(149, 8, 17, 1, 1, 1, 1, 1, '2023-04-12 13:20:37', NULL),
(150, 8, 18, 1, 1, 1, 1, 1, '2023-04-12 13:20:37', NULL),
(151, 8, 19, 1, 1, 1, 1, 1, '2023-04-12 13:20:37', NULL),
(152, 8, 21, 1, 1, 1, 1, 1, '2023-04-12 13:20:37', NULL),
(153, 8, 22, 1, 1, 1, 1, 1, '2023-04-12 13:20:37', NULL),
(154, 8, 23, 1, 1, 1, 1, 1, '2023-04-12 13:20:37', NULL),
(155, 8, 24, 1, 1, 1, 1, 1, '2023-04-12 13:20:37', NULL),
(156, 8, 25, 1, 1, 1, 1, 1, '2023-04-12 13:20:37', NULL),
(157, 8, 27, 1, 1, 1, 1, 1, '2023-04-12 13:20:37', NULL),
(158, 8, 28, 1, 1, 1, 1, 1, '2023-04-12 13:20:37', NULL),
(159, 8, 29, 1, 1, 1, 1, 1, '2023-04-12 13:20:37', NULL),
(160, 8, 30, 1, 1, 1, 1, 1, '2023-04-12 13:20:37', NULL),
(161, 9, 9, 1, 1, 1, 1, 1, '2023-04-12 13:20:37', NULL),
(162, 9, 10, 1, 1, 1, 1, 1, '2023-04-12 13:20:37', NULL),
(163, 9, 11, 1, 1, 1, 1, 1, '2023-04-12 13:20:37', NULL),
(164, 9, 12, 1, 1, 1, 1, 1, '2023-04-12 13:20:37', NULL),
(165, 9, 13, 1, 1, 1, 1, 1, '2023-04-12 13:20:37', NULL),
(166, 9, 14, 1, 1, 1, 1, 1, '2023-04-12 13:20:37', NULL),
(167, 9, 15, 1, 1, 1, 1, 1, '2023-04-12 13:20:37', NULL),
(168, 9, 16, 1, 1, 1, 1, 1, '2023-04-12 13:20:37', NULL),
(169, 9, 17, 1, 1, 1, 1, 1, '2023-04-12 13:20:37', NULL),
(170, 9, 18, 1, 1, 1, 1, 1, '2023-04-12 13:20:37', NULL),
(171, 9, 19, 1, 1, 1, 1, 1, '2023-04-12 13:20:37', NULL),
(172, 9, 21, 1, 1, 1, 1, 1, '2023-04-12 13:20:37', NULL),
(173, 9, 22, 1, 1, 1, 1, 1, '2023-04-12 13:20:37', NULL),
(174, 9, 23, 1, 1, 1, 1, 1, '2023-04-12 13:20:37', NULL),
(175, 9, 24, 1, 1, 1, 1, 1, '2023-04-12 13:20:37', NULL),
(176, 9, 25, 1, 1, 1, 1, 1, '2023-04-12 13:20:37', NULL),
(177, 9, 27, 1, 1, 1, 1, 1, '2023-04-12 13:20:37', NULL),
(178, 9, 28, 1, 1, 1, 1, 1, '2023-04-12 13:20:37', NULL),
(179, 9, 29, 1, 1, 1, 1, 1, '2023-04-12 13:20:37', NULL),
(180, 9, 30, 1, 1, 1, 1, 1, '2023-04-12 13:20:37', NULL),
(181, 10, 9, 1, 1, 1, 1, 1, '2023-04-12 13:20:37', NULL),
(182, 10, 10, 1, 1, 1, 1, 1, '2023-04-12 13:20:37', NULL),
(183, 10, 11, 1, 1, 1, 1, 1, '2023-04-12 13:20:37', NULL),
(184, 10, 12, 1, 1, 1, 1, 1, '2023-04-12 13:20:37', NULL),
(185, 10, 13, 1, 1, 1, 1, 1, '2023-04-12 13:20:37', NULL),
(186, 10, 14, 1, 1, 1, 1, 1, '2023-04-12 13:20:37', NULL),
(187, 10, 15, 1, 1, 1, 1, 1, '2023-04-12 13:20:37', NULL),
(188, 10, 16, 1, 1, 1, 1, 1, '2023-04-12 13:20:37', NULL),
(189, 10, 17, 1, 1, 1, 1, 1, '2023-04-12 13:20:37', NULL),
(190, 10, 18, 1, 1, 1, 1, 1, '2023-04-12 13:20:37', NULL),
(191, 10, 19, 1, 1, 1, 1, 1, '2023-04-12 13:20:38', NULL),
(192, 10, 21, 1, 1, 1, 1, 1, '2023-04-12 13:20:38', NULL),
(193, 10, 22, 1, 1, 1, 1, 1, '2023-04-12 13:20:38', NULL),
(194, 10, 23, 1, 1, 1, 1, 1, '2023-04-12 13:20:38', NULL),
(195, 10, 24, 1, 1, 1, 1, 1, '2023-04-12 13:20:38', NULL),
(196, 10, 25, 1, 1, 1, 1, 1, '2023-04-12 13:20:38', NULL),
(197, 10, 27, 1, 1, 1, 1, 1, '2023-04-12 13:20:38', NULL),
(198, 10, 28, 1, 1, 1, 1, 1, '2023-04-12 13:20:38', NULL),
(199, 10, 29, 1, 1, 1, 1, 1, '2023-04-12 13:20:38', NULL),
(200, 10, 30, 1, 1, 1, 1, 1, '2023-04-12 13:20:38', NULL),
(201, 11, 9, 1, 1, 1, 1, 1, '2023-04-12 13:20:38', NULL),
(202, 11, 10, 1, 1, 1, 1, 1, '2023-04-12 13:20:38', NULL),
(203, 11, 11, 1, 1, 1, 1, 1, '2023-04-12 13:20:38', NULL),
(204, 11, 12, 1, 1, 1, 1, 1, '2023-04-12 13:20:38', NULL),
(205, 11, 13, 1, 1, 1, 1, 1, '2023-04-12 13:20:38', NULL),
(206, 11, 14, 1, 1, 1, 1, 1, '2023-04-12 13:20:38', NULL),
(207, 11, 15, 1, 1, 1, 1, 1, '2023-04-12 13:20:38', NULL),
(208, 11, 16, 1, 1, 1, 1, 1, '2023-04-12 13:20:38', NULL),
(209, 11, 17, 1, 1, 1, 1, 1, '2023-04-12 13:20:38', NULL),
(210, 11, 18, 1, 1, 1, 1, 1, '2023-04-12 13:20:38', NULL),
(211, 11, 19, 1, 1, 1, 1, 1, '2023-04-12 13:20:38', NULL),
(212, 11, 21, 1, 1, 1, 1, 1, '2023-04-12 13:20:38', NULL),
(213, 11, 22, 1, 1, 1, 1, 1, '2023-04-12 13:20:38', NULL),
(214, 11, 23, 1, 1, 1, 1, 1, '2023-04-12 13:20:38', NULL),
(215, 11, 24, 1, 1, 1, 1, 1, '2023-04-12 13:20:38', NULL),
(216, 11, 25, 1, 1, 1, 1, 1, '2023-04-12 13:20:38', NULL),
(217, 11, 27, 1, 1, 1, 1, 1, '2023-04-12 13:20:38', NULL),
(218, 11, 28, 1, 1, 1, 1, 1, '2023-04-12 13:20:38', NULL),
(219, 11, 29, 1, 1, 1, 1, 1, '2023-04-12 13:20:38', NULL),
(220, 11, 30, 1, 1, 1, 1, 1, '2023-04-12 13:20:38', NULL),
(221, 12, 9, 1, 1, 1, 1, 1, '2023-04-12 13:20:38', NULL),
(222, 12, 10, 1, 1, 1, 1, 1, '2023-04-12 13:20:38', NULL),
(223, 12, 11, 1, 1, 1, 1, 1, '2023-04-12 13:20:38', NULL),
(224, 12, 12, 1, 1, 1, 1, 1, '2023-04-12 13:20:38', NULL),
(225, 12, 13, 1, 1, 1, 1, 1, '2023-04-12 13:20:38', NULL),
(226, 12, 14, 1, 1, 1, 1, 1, '2023-04-12 13:20:38', NULL),
(227, 12, 15, 1, 1, 1, 1, 1, '2023-04-12 13:20:38', NULL),
(228, 12, 16, 1, 1, 1, 1, 1, '2023-04-12 13:20:38', NULL),
(229, 12, 17, 1, 1, 1, 1, 1, '2023-04-12 13:20:38', NULL),
(230, 12, 18, 1, 1, 1, 1, 1, '2023-04-12 13:20:38', NULL),
(231, 12, 19, 1, 1, 1, 1, 1, '2023-04-12 13:20:38', NULL),
(232, 12, 21, 1, 1, 1, 1, 1, '2023-04-12 13:20:38', NULL),
(233, 12, 22, 1, 1, 1, 1, 1, '2023-04-12 13:20:38', NULL),
(234, 12, 23, 1, 1, 1, 1, 1, '2023-04-12 13:20:38', NULL),
(235, 12, 24, 1, 1, 1, 1, 1, '2023-04-12 13:20:38', NULL),
(236, 12, 25, 1, 1, 1, 1, 1, '2023-04-12 13:20:38', NULL),
(237, 12, 27, 1, 1, 1, 1, 1, '2023-04-12 13:20:38', NULL),
(238, 12, 28, 1, 1, 1, 1, 1, '2023-04-12 13:20:38', NULL),
(239, 12, 29, 1, 1, 1, 1, 1, '2023-04-12 13:20:38', NULL),
(240, 12, 30, 1, 1, 1, 1, 1, '2023-04-12 13:20:38', NULL),
(241, 13, 9, 1, 1, 1, 1, 1, '2023-04-12 13:20:38', NULL),
(242, 13, 10, 1, 1, 1, 1, 1, '2023-04-12 13:20:38', NULL),
(243, 13, 11, 1, 1, 1, 1, 1, '2023-04-12 13:20:38', NULL),
(244, 13, 12, 1, 1, 1, 1, 1, '2023-04-12 13:20:38', NULL),
(245, 13, 13, 1, 1, 1, 1, 1, '2023-04-12 13:20:38', NULL),
(246, 13, 14, 1, 1, 1, 1, 1, '2023-04-12 13:20:38', NULL),
(247, 13, 15, 1, 1, 1, 1, 1, '2023-04-12 13:20:38', NULL),
(248, 13, 16, 1, 1, 1, 1, 1, '2023-04-12 13:20:38', NULL),
(249, 13, 17, 1, 1, 1, 1, 1, '2023-04-12 13:20:38', NULL),
(250, 13, 18, 1, 1, 1, 1, 1, '2023-04-12 13:20:38', NULL),
(251, 13, 19, 1, 1, 1, 1, 1, '2023-04-12 13:20:38', NULL),
(252, 13, 21, 1, 1, 1, 1, 1, '2023-04-12 13:20:38', NULL),
(253, 13, 22, 1, 1, 1, 1, 1, '2023-04-12 13:20:38', NULL),
(254, 13, 23, 1, 1, 1, 1, 1, '2023-04-12 13:20:38', NULL),
(255, 13, 24, 1, 1, 1, 1, 1, '2023-04-12 13:20:38', NULL),
(256, 13, 25, 1, 1, 1, 1, 1, '2023-04-12 13:20:38', NULL),
(257, 13, 27, 1, 1, 1, 1, 1, '2023-04-12 13:20:38', NULL),
(258, 13, 28, 1, 1, 1, 1, 1, '2023-04-12 13:20:38', NULL),
(259, 13, 29, 1, 1, 1, 1, 1, '2023-04-12 13:20:38', NULL),
(260, 13, 30, 1, 1, 1, 1, 1, '2023-04-12 13:20:38', NULL),
(261, 14, 9, 1, 1, 1, 1, 1, '2023-04-12 13:20:38', NULL),
(262, 14, 10, 1, 1, 1, 1, 1, '2023-04-12 13:20:38', NULL),
(263, 14, 11, 1, 1, 1, 1, 1, '2023-04-12 13:20:38', NULL),
(264, 14, 12, 1, 1, 1, 1, 1, '2023-04-12 13:20:38', NULL),
(265, 14, 13, 1, 1, 1, 1, 1, '2023-04-12 13:20:38', NULL),
(266, 14, 14, 1, 1, 1, 1, 1, '2023-04-12 13:20:38', NULL),
(267, 14, 15, 1, 1, 1, 1, 1, '2023-04-12 13:20:38', NULL),
(268, 14, 16, 1, 1, 1, 1, 1, '2023-04-12 13:20:38', NULL),
(269, 14, 17, 1, 1, 1, 1, 1, '2023-04-12 13:20:38', NULL),
(270, 14, 18, 1, 1, 1, 1, 1, '2023-04-12 13:20:38', NULL),
(271, 14, 19, 1, 1, 1, 1, 1, '2023-04-12 13:20:38', NULL),
(272, 14, 21, 1, 1, 1, 1, 1, '2023-04-12 13:20:38', NULL),
(273, 14, 22, 1, 1, 1, 1, 1, '2023-04-12 13:20:38', NULL),
(274, 14, 23, 1, 1, 1, 1, 1, '2023-04-12 13:20:38', NULL),
(275, 14, 24, 1, 1, 1, 1, 1, '2023-04-12 13:20:38', NULL),
(276, 14, 25, 1, 1, 1, 1, 1, '2023-04-12 13:20:38', NULL),
(277, 14, 27, 1, 1, 1, 1, 1, '2023-04-12 13:20:38', NULL),
(278, 14, 28, 1, 1, 1, 1, 1, '2023-04-12 13:20:38', NULL),
(279, 14, 29, 1, 1, 1, 1, 1, '2023-04-12 13:20:38', NULL),
(280, 14, 30, 1, 1, 1, 1, 1, '2023-04-12 13:20:38', NULL),
(281, 15, 9, 1, 1, 1, 1, 1, '2023-04-12 13:20:38', NULL),
(282, 15, 10, 1, 1, 1, 1, 1, '2023-04-12 13:20:38', NULL),
(283, 15, 11, 1, 1, 1, 1, 1, '2023-04-12 13:20:38', NULL),
(284, 15, 12, 1, 1, 1, 1, 1, '2023-04-12 13:20:38', NULL),
(285, 15, 13, 1, 1, 1, 1, 1, '2023-04-12 13:20:38', NULL),
(286, 15, 14, 1, 1, 1, 1, 1, '2023-04-12 13:20:38', NULL),
(287, 15, 15, 1, 1, 1, 1, 1, '2023-04-12 13:20:38', NULL),
(288, 15, 16, 1, 1, 1, 1, 1, '2023-04-12 13:20:38', NULL),
(289, 15, 17, 1, 1, 1, 1, 1, '2023-04-12 13:20:38', NULL),
(290, 15, 18, 1, 1, 1, 1, 1, '2023-04-12 13:20:38', NULL),
(291, 15, 19, 1, 1, 1, 1, 1, '2023-04-12 13:20:38', NULL),
(292, 15, 21, 1, 1, 1, 1, 1, '2023-04-12 13:20:38', NULL),
(293, 15, 22, 1, 1, 1, 1, 1, '2023-04-12 13:20:38', NULL),
(294, 15, 23, 1, 1, 1, 1, 1, '2023-04-12 13:20:38', NULL),
(295, 15, 24, 1, 1, 1, 1, 1, '2023-04-12 13:20:38', NULL),
(296, 15, 25, 1, 1, 1, 1, 1, '2023-04-12 13:20:38', NULL),
(297, 15, 27, 1, 1, 1, 1, 1, '2023-04-12 13:20:38', NULL),
(298, 15, 28, 1, 1, 1, 1, 1, '2023-04-12 13:20:38', NULL),
(299, 15, 29, 1, 1, 1, 1, 1, '2023-04-12 13:20:38', NULL),
(300, 15, 30, 1, 1, 1, 1, 1, '2023-04-12 13:20:38', NULL),
(301, 16, 9, 1, 1, 1, 1, 1, '2023-04-12 13:20:38', NULL),
(302, 16, 10, 1, 1, 1, 1, 1, '2023-04-12 13:20:38', NULL),
(303, 16, 11, 1, 1, 1, 1, 1, '2023-04-12 13:20:38', NULL),
(304, 16, 12, 1, 1, 1, 1, 1, '2023-04-12 13:20:38', NULL),
(305, 16, 13, 1, 1, 1, 1, 1, '2023-04-12 13:20:38', NULL),
(306, 16, 14, 1, 1, 1, 1, 1, '2023-04-12 13:20:38', NULL),
(307, 16, 15, 1, 1, 1, 1, 1, '2023-04-12 13:20:38', NULL),
(308, 16, 16, 1, 1, 1, 1, 1, '2023-04-12 13:20:38', NULL),
(309, 16, 17, 1, 1, 1, 1, 1, '2023-04-12 13:20:38', NULL),
(310, 16, 18, 1, 1, 1, 1, 1, '2023-04-12 13:20:38', NULL),
(311, 16, 19, 1, 1, 1, 1, 1, '2023-04-12 13:20:38', NULL),
(312, 16, 21, 1, 1, 1, 1, 1, '2023-04-12 13:20:38', NULL),
(313, 16, 22, 1, 1, 1, 1, 1, '2023-04-12 13:20:38', NULL),
(314, 16, 23, 1, 1, 1, 1, 1, '2023-04-12 13:20:38', NULL),
(315, 16, 24, 1, 1, 1, 1, 1, '2023-04-12 13:20:38', NULL),
(316, 16, 25, 1, 1, 1, 1, 1, '2023-04-12 13:20:38', NULL),
(317, 16, 27, 1, 1, 1, 1, 1, '2023-04-12 13:20:38', NULL),
(318, 16, 28, 1, 1, 1, 1, 1, '2023-04-12 13:20:38', NULL),
(319, 16, 29, 1, 1, 1, 1, 1, '2023-04-12 13:20:38', NULL),
(320, 16, 30, 1, 1, 1, 1, 1, '2023-04-12 13:20:38', NULL),
(321, 17, 9, 1, 1, 1, 1, 1, '2023-04-12 13:20:38', NULL),
(322, 17, 10, 1, 1, 1, 1, 1, '2023-04-12 13:20:38', NULL),
(323, 17, 11, 1, 1, 1, 1, 1, '2023-04-12 13:20:38', NULL),
(324, 17, 12, 1, 1, 1, 1, 1, '2023-04-12 13:20:38', NULL),
(325, 17, 13, 1, 1, 1, 1, 1, '2023-04-12 13:20:38', NULL),
(326, 17, 14, 1, 1, 1, 1, 1, '2023-04-12 13:20:38', NULL),
(327, 17, 15, 1, 1, 1, 1, 1, '2023-04-12 13:20:38', NULL),
(328, 17, 16, 1, 1, 1, 1, 1, '2023-04-12 13:20:38', NULL),
(329, 17, 17, 1, 1, 1, 1, 1, '2023-04-12 13:20:38', NULL),
(330, 17, 18, 1, 1, 1, 1, 1, '2023-04-12 13:20:38', NULL),
(331, 17, 19, 1, 1, 1, 1, 1, '2023-04-12 13:20:38', NULL),
(332, 17, 21, 1, 1, 1, 1, 1, '2023-04-12 13:20:38', NULL),
(333, 17, 22, 1, 1, 1, 1, 1, '2023-04-12 13:20:38', NULL),
(334, 17, 23, 1, 1, 1, 1, 1, '2023-04-12 13:20:38', NULL),
(335, 17, 24, 1, 1, 1, 1, 1, '2023-04-12 13:20:38', NULL),
(336, 17, 25, 1, 1, 1, 1, 1, '2023-04-12 13:20:38', NULL),
(337, 17, 27, 1, 1, 1, 1, 1, '2023-04-12 13:20:38', NULL),
(338, 17, 28, 1, 1, 1, 1, 1, '2023-04-12 13:20:38', NULL),
(339, 17, 29, 1, 1, 1, 1, 1, '2023-04-12 13:20:38', NULL),
(340, 17, 30, 1, 1, 1, 1, 1, '2023-04-12 13:20:38', NULL),
(341, 18, 9, 1, 1, 1, 1, 1, '2023-04-12 13:20:38', NULL),
(342, 18, 10, 1, 1, 1, 1, 1, '2023-04-12 13:20:38', NULL),
(343, 18, 11, 1, 1, 1, 1, 1, '2023-04-12 13:20:38', NULL),
(344, 18, 12, 1, 1, 1, 1, 1, '2023-04-12 13:20:38', NULL),
(345, 18, 13, 1, 1, 1, 1, 1, '2023-04-12 13:20:38', NULL),
(346, 18, 14, 1, 1, 1, 1, 1, '2023-04-12 13:20:38', NULL),
(347, 18, 15, 1, 1, 1, 1, 1, '2023-04-12 13:20:38', NULL),
(348, 18, 16, 1, 1, 1, 1, 1, '2023-04-12 13:20:38', NULL),
(349, 18, 17, 1, 1, 1, 1, 1, '2023-04-12 13:20:38', NULL),
(350, 18, 18, 1, 1, 1, 1, 1, '2023-04-12 13:20:38', NULL),
(351, 18, 19, 1, 1, 1, 1, 1, '2023-04-12 13:20:38', NULL),
(352, 18, 21, 1, 1, 1, 1, 1, '2023-04-12 13:20:38', NULL),
(353, 18, 22, 1, 1, 1, 1, 1, '2023-04-12 13:20:38', NULL),
(354, 18, 23, 1, 1, 1, 1, 1, '2023-04-12 13:20:38', NULL),
(355, 18, 24, 1, 1, 1, 1, 1, '2023-04-12 13:20:38', NULL),
(356, 18, 25, 1, 1, 1, 1, 1, '2023-04-12 13:20:38', NULL),
(357, 18, 27, 1, 1, 1, 1, 1, '2023-04-12 13:20:38', NULL),
(358, 18, 28, 1, 1, 1, 1, 1, '2023-04-12 13:20:38', NULL),
(359, 18, 29, 1, 1, 1, 1, 1, '2023-04-12 13:20:38', NULL),
(360, 18, 30, 1, 1, 1, 1, 1, '2023-04-12 13:20:38', NULL),
(361, 19, 9, 1, 1, 1, 1, 1, '2023-04-12 13:20:38', NULL),
(362, 19, 10, 1, 1, 1, 1, 1, '2023-04-12 13:20:38', NULL),
(363, 19, 11, 1, 1, 1, 1, 1, '2023-04-12 13:20:38', NULL),
(364, 19, 12, 1, 1, 1, 1, 1, '2023-04-12 13:20:38', NULL),
(365, 19, 13, 1, 1, 1, 1, 1, '2023-04-12 13:20:38', NULL),
(366, 19, 14, 1, 1, 1, 1, 1, '2023-04-12 13:20:38', NULL),
(367, 19, 15, 1, 1, 1, 1, 1, '2023-04-12 13:20:38', NULL),
(368, 19, 16, 1, 1, 1, 1, 1, '2023-04-12 13:20:38', NULL),
(369, 19, 17, 1, 1, 1, 1, 1, '2023-04-12 13:20:38', NULL),
(370, 19, 18, 1, 1, 1, 1, 1, '2023-04-12 13:20:38', NULL),
(371, 19, 19, 1, 1, 1, 1, 1, '2023-04-12 13:20:38', NULL),
(372, 19, 21, 1, 1, 1, 1, 1, '2023-04-12 13:20:38', NULL),
(373, 19, 22, 1, 1, 1, 1, 1, '2023-04-12 13:20:38', NULL),
(374, 19, 23, 1, 1, 1, 1, 1, '2023-04-12 13:20:38', NULL),
(375, 19, 24, 1, 1, 1, 1, 1, '2023-04-12 13:20:38', NULL),
(376, 19, 25, 1, 1, 1, 1, 1, '2023-04-12 13:20:38', NULL),
(377, 19, 27, 1, 1, 1, 1, 1, '2023-04-12 13:20:38', NULL),
(378, 19, 28, 1, 1, 1, 1, 1, '2023-04-12 13:20:38', NULL),
(379, 19, 29, 1, 1, 1, 1, 1, '2023-04-12 13:20:38', NULL),
(380, 19, 30, 1, 1, 1, 1, 1, '2023-04-12 13:20:38', NULL),
(381, 20, 9, 1, 1, 1, 1, 1, '2023-04-12 13:20:38', NULL),
(382, 20, 10, 1, 1, 1, 1, 1, '2023-04-12 13:20:38', NULL),
(383, 20, 11, 1, 1, 1, 1, 1, '2023-04-12 13:20:38', NULL),
(384, 20, 12, 1, 1, 1, 1, 1, '2023-04-12 13:20:38', NULL),
(385, 20, 13, 1, 1, 1, 1, 1, '2023-04-12 13:20:38', NULL),
(386, 20, 14, 1, 1, 1, 1, 1, '2023-04-12 13:20:38', NULL),
(387, 20, 15, 1, 1, 1, 1, 1, '2023-04-12 13:20:38', NULL),
(388, 20, 16, 1, 1, 1, 1, 1, '2023-04-12 13:20:39', NULL),
(389, 20, 17, 1, 1, 1, 1, 1, '2023-04-12 13:20:39', NULL),
(390, 20, 18, 1, 1, 1, 1, 1, '2023-04-12 13:20:39', NULL),
(391, 20, 19, 1, 1, 1, 1, 1, '2023-04-12 13:20:39', NULL),
(392, 20, 21, 1, 1, 1, 1, 1, '2023-04-12 13:20:39', NULL),
(393, 20, 22, 1, 1, 1, 1, 1, '2023-04-12 13:20:39', NULL),
(394, 20, 23, 1, 1, 1, 1, 1, '2023-04-12 13:20:39', NULL),
(395, 20, 24, 1, 1, 1, 1, 1, '2023-04-12 13:20:39', NULL),
(396, 20, 25, 1, 1, 1, 1, 1, '2023-04-12 13:20:39', NULL),
(397, 20, 27, 1, 1, 1, 1, 1, '2023-04-12 13:20:39', NULL),
(398, 20, 28, 1, 1, 1, 1, 1, '2023-04-12 13:20:39', NULL),
(399, 20, 29, 1, 1, 1, 1, 1, '2023-04-12 13:20:39', NULL),
(400, 20, 30, 1, 1, 1, 1, 1, '2023-04-12 13:20:39', NULL),
(401, 21, 9, 1, 1, 1, 1, 1, '2023-04-12 13:20:39', NULL),
(402, 21, 10, 1, 1, 1, 1, 1, '2023-04-12 13:20:39', NULL),
(403, 21, 11, 1, 1, 1, 1, 1, '2023-04-12 13:20:39', NULL),
(404, 21, 12, 1, 1, 1, 1, 1, '2023-04-12 13:20:39', NULL),
(405, 21, 13, 1, 1, 1, 1, 1, '2023-04-12 13:20:39', NULL),
(406, 21, 14, 1, 1, 1, 1, 1, '2023-04-12 13:20:39', NULL),
(407, 21, 15, 1, 1, 1, 1, 1, '2023-04-12 13:20:39', NULL),
(408, 21, 16, 1, 1, 1, 1, 1, '2023-04-12 13:20:39', NULL),
(409, 21, 17, 1, 1, 1, 1, 1, '2023-04-12 13:20:39', NULL),
(410, 21, 18, 1, 1, 1, 1, 1, '2023-04-12 13:20:39', NULL),
(411, 21, 19, 1, 1, 1, 1, 1, '2023-04-12 13:20:39', NULL),
(412, 21, 21, 1, 1, 1, 1, 1, '2023-04-12 13:20:39', NULL),
(413, 21, 22, 1, 1, 1, 1, 1, '2023-04-12 13:20:39', NULL),
(414, 21, 23, 1, 1, 1, 1, 1, '2023-04-12 13:20:39', NULL),
(415, 21, 24, 1, 1, 1, 1, 1, '2023-04-12 13:20:39', NULL),
(416, 21, 25, 1, 1, 1, 1, 1, '2023-04-12 13:20:39', NULL),
(417, 21, 27, 1, 1, 1, 1, 1, '2023-04-12 13:20:39', NULL),
(418, 21, 28, 1, 1, 1, 1, 1, '2023-04-12 13:20:39', NULL),
(419, 21, 29, 1, 1, 1, 1, 1, '2023-04-12 13:20:39', NULL),
(420, 21, 30, 1, 1, 1, 1, 1, '2023-04-12 13:20:39', NULL),
(421, 22, 9, 1, 1, 1, 1, 1, '2023-04-12 13:20:39', NULL),
(422, 22, 10, 1, 1, 1, 1, 1, '2023-04-12 13:20:39', NULL),
(423, 22, 11, 1, 1, 1, 1, 1, '2023-04-12 13:20:39', NULL),
(424, 22, 12, 1, 1, 1, 1, 1, '2023-04-12 13:20:39', NULL),
(425, 22, 13, 1, 1, 1, 1, 1, '2023-04-12 13:20:39', NULL),
(426, 22, 14, 1, 1, 1, 1, 1, '2023-04-12 13:20:39', NULL),
(427, 22, 15, 1, 1, 1, 1, 1, '2023-04-12 13:20:39', NULL),
(428, 22, 16, 1, 1, 1, 1, 1, '2023-04-12 13:20:39', NULL),
(429, 22, 17, 1, 1, 1, 1, 1, '2023-04-12 13:20:39', NULL),
(430, 22, 18, 1, 1, 1, 1, 1, '2023-04-12 13:20:39', NULL),
(431, 22, 19, 1, 1, 1, 1, 1, '2023-04-12 13:20:39', NULL),
(432, 22, 21, 1, 1, 1, 1, 1, '2023-04-12 13:20:39', NULL),
(433, 22, 22, 1, 1, 1, 1, 1, '2023-04-12 13:20:39', NULL),
(434, 22, 23, 1, 1, 1, 1, 1, '2023-04-12 13:20:39', NULL),
(435, 22, 24, 1, 1, 1, 1, 1, '2023-04-12 13:20:39', NULL),
(436, 22, 25, 1, 1, 1, 1, 1, '2023-04-12 13:20:39', NULL),
(437, 22, 27, 1, 1, 1, 1, 1, '2023-04-12 13:20:39', NULL),
(438, 22, 28, 1, 1, 1, 1, 1, '2023-04-12 13:20:39', NULL),
(439, 22, 29, 1, 1, 1, 1, 1, '2023-04-12 13:20:39', NULL),
(440, 22, 30, 1, 1, 1, 1, 1, '2023-04-12 13:20:39', NULL),
(441, 23, 9, 1, 1, 1, 1, 1, '2023-04-12 13:20:39', NULL),
(442, 23, 10, 1, 1, 1, 1, 1, '2023-04-12 13:20:39', NULL),
(443, 23, 11, 1, 1, 1, 1, 1, '2023-04-12 13:20:39', NULL),
(444, 23, 12, 1, 1, 1, 1, 1, '2023-04-12 13:20:39', NULL),
(445, 23, 13, 1, 1, 1, 1, 1, '2023-04-12 13:20:39', NULL),
(446, 23, 14, 1, 1, 1, 1, 1, '2023-04-12 13:20:39', NULL),
(447, 23, 15, 1, 1, 1, 1, 1, '2023-04-12 13:20:39', NULL),
(448, 23, 16, 1, 1, 1, 1, 1, '2023-04-12 13:20:39', NULL),
(449, 23, 17, 1, 1, 1, 1, 1, '2023-04-12 13:20:39', NULL),
(450, 23, 18, 1, 1, 1, 1, 1, '2023-04-12 13:20:39', NULL),
(451, 23, 19, 1, 1, 1, 1, 1, '2023-04-12 13:20:39', NULL),
(452, 23, 21, 1, 1, 1, 1, 1, '2023-04-12 13:20:39', NULL),
(453, 23, 22, 1, 1, 1, 1, 1, '2023-04-12 13:20:39', NULL),
(454, 23, 23, 1, 1, 1, 1, 1, '2023-04-12 13:20:39', NULL),
(455, 23, 24, 1, 1, 1, 1, 1, '2023-04-12 13:20:39', NULL),
(456, 23, 25, 1, 1, 1, 1, 1, '2023-04-12 13:20:39', NULL),
(457, 23, 27, 1, 1, 1, 1, 1, '2023-04-12 13:20:39', NULL),
(458, 23, 28, 1, 1, 1, 1, 1, '2023-04-12 13:20:39', NULL),
(459, 23, 29, 1, 1, 1, 1, 1, '2023-04-12 13:20:39', NULL),
(460, 23, 30, 1, 1, 1, 1, 1, '2023-04-12 13:20:39', NULL),
(461, 24, 9, 1, 1, 1, 1, 1, '2023-04-12 13:20:39', NULL),
(462, 24, 10, 1, 1, 1, 1, 1, '2023-04-12 13:20:39', NULL),
(463, 24, 11, 1, 1, 1, 1, 1, '2023-04-12 13:20:39', NULL),
(464, 24, 12, 1, 1, 1, 1, 1, '2023-04-12 13:20:39', NULL),
(465, 24, 13, 1, 1, 1, 1, 1, '2023-04-12 13:20:39', NULL),
(466, 24, 14, 1, 1, 1, 1, 1, '2023-04-12 13:20:39', NULL),
(467, 24, 15, 1, 1, 1, 1, 1, '2023-04-12 13:20:39', NULL),
(468, 24, 16, 1, 1, 1, 1, 1, '2023-04-12 13:20:39', NULL),
(469, 24, 17, 1, 1, 1, 1, 1, '2023-04-12 13:20:39', NULL),
(470, 24, 18, 1, 1, 1, 1, 1, '2023-04-12 13:20:39', NULL),
(471, 24, 19, 1, 1, 1, 1, 1, '2023-04-12 13:20:39', NULL),
(472, 24, 21, 1, 1, 1, 1, 1, '2023-04-12 13:20:39', NULL),
(473, 24, 22, 1, 1, 1, 1, 1, '2023-04-12 13:20:39', NULL),
(474, 24, 23, 1, 1, 1, 1, 1, '2023-04-12 13:20:39', NULL),
(475, 24, 24, 1, 1, 1, 1, 1, '2023-04-12 13:20:39', NULL),
(476, 24, 25, 1, 1, 1, 1, 1, '2023-04-12 13:20:39', NULL),
(477, 24, 27, 1, 1, 1, 1, 1, '2023-04-12 13:20:39', NULL),
(478, 24, 28, 1, 1, 1, 1, 1, '2023-04-12 13:20:39', NULL),
(479, 24, 29, 1, 1, 1, 1, 1, '2023-04-12 13:20:39', NULL),
(480, 24, 30, 1, 1, 1, 1, 1, '2023-04-12 13:20:39', NULL),
(481, 25, 9, 1, 1, 1, 1, 1, '2023-04-12 13:20:39', NULL),
(482, 25, 10, 1, 1, 1, 1, 1, '2023-04-12 13:20:39', NULL),
(483, 25, 11, 1, 1, 1, 1, 1, '2023-04-12 13:20:39', NULL),
(484, 25, 12, 1, 1, 1, 1, 1, '2023-04-12 13:20:39', NULL),
(485, 25, 13, 1, 1, 1, 1, 1, '2023-04-12 13:20:39', NULL),
(486, 25, 14, 1, 1, 1, 1, 1, '2023-04-12 13:20:39', NULL),
(487, 25, 15, 1, 1, 1, 1, 1, '2023-04-12 13:20:39', NULL),
(488, 25, 16, 1, 1, 1, 1, 1, '2023-04-12 13:20:39', NULL),
(489, 25, 17, 1, 1, 1, 1, 1, '2023-04-12 13:20:39', NULL),
(490, 25, 18, 1, 1, 1, 1, 1, '2023-04-12 13:20:39', NULL),
(491, 25, 19, 1, 1, 1, 1, 1, '2023-04-12 13:20:39', NULL),
(492, 25, 21, 1, 1, 1, 1, 1, '2023-04-12 13:20:39', NULL),
(493, 25, 22, 1, 1, 1, 1, 1, '2023-04-12 13:20:39', NULL),
(494, 25, 23, 1, 1, 1, 1, 1, '2023-04-12 13:20:39', NULL),
(495, 25, 24, 1, 1, 1, 1, 1, '2023-04-12 13:20:39', NULL),
(496, 25, 25, 1, 1, 1, 1, 1, '2023-04-12 13:20:39', NULL),
(497, 25, 27, 1, 1, 1, 1, 1, '2023-04-12 13:20:39', NULL),
(498, 25, 28, 1, 1, 1, 1, 1, '2023-04-12 13:20:39', NULL),
(499, 25, 29, 1, 1, 1, 1, 1, '2023-04-12 13:20:39', NULL),
(500, 25, 30, 1, 1, 1, 1, 1, '2023-04-12 13:20:39', NULL),
(501, 26, 9, 1, 1, 1, 1, 1, '2023-04-12 13:20:39', NULL),
(502, 26, 10, 1, 1, 1, 1, 1, '2023-04-12 13:20:39', NULL),
(503, 26, 11, 1, 1, 1, 1, 1, '2023-04-12 13:20:39', NULL),
(504, 26, 12, 1, 1, 1, 1, 1, '2023-04-12 13:20:39', NULL),
(505, 26, 13, 1, 1, 1, 1, 1, '2023-04-12 13:20:39', NULL),
(506, 26, 14, 1, 1, 1, 1, 1, '2023-04-12 13:20:39', NULL),
(507, 26, 15, 1, 1, 1, 1, 1, '2023-04-12 13:20:39', NULL),
(508, 26, 16, 1, 1, 1, 1, 1, '2023-04-12 13:20:39', NULL),
(509, 26, 17, 1, 1, 1, 1, 1, '2023-04-12 13:20:39', NULL),
(510, 26, 18, 1, 1, 1, 1, 1, '2023-04-12 13:20:39', NULL),
(511, 26, 19, 1, 1, 1, 1, 1, '2023-04-12 13:20:39', NULL),
(512, 26, 21, 1, 1, 1, 1, 1, '2023-04-12 13:20:39', NULL),
(513, 26, 22, 1, 1, 1, 1, 1, '2023-04-12 13:20:39', NULL),
(514, 26, 23, 1, 1, 1, 1, 1, '2023-04-12 13:20:39', NULL),
(515, 26, 24, 1, 1, 1, 1, 1, '2023-04-12 13:20:39', NULL),
(516, 26, 25, 1, 1, 1, 1, 1, '2023-04-12 13:20:39', NULL),
(517, 26, 27, 1, 1, 1, 1, 1, '2023-04-12 13:20:39', NULL),
(518, 26, 28, 1, 1, 1, 1, 1, '2023-04-12 13:20:39', NULL),
(519, 26, 29, 1, 1, 1, 1, 1, '2023-04-12 13:20:39', NULL),
(520, 26, 30, 1, 1, 1, 1, 1, '2023-04-12 13:20:39', NULL),
(521, 27, 9, 1, 1, 1, 1, 1, '2023-04-12 13:20:39', NULL),
(522, 27, 10, 1, 1, 1, 1, 1, '2023-04-12 13:20:39', NULL),
(523, 27, 11, 1, 1, 1, 1, 1, '2023-04-12 13:20:39', NULL),
(524, 27, 12, 1, 1, 1, 1, 1, '2023-04-12 13:20:39', NULL),
(525, 27, 13, 1, 1, 1, 1, 1, '2023-04-12 13:20:39', NULL),
(526, 27, 14, 1, 1, 1, 1, 1, '2023-04-12 13:20:39', NULL),
(527, 27, 15, 1, 1, 1, 1, 1, '2023-04-12 13:20:39', NULL),
(528, 27, 16, 1, 1, 1, 1, 1, '2023-04-12 13:20:39', NULL),
(529, 27, 17, 1, 1, 1, 1, 1, '2023-04-12 13:20:39', NULL),
(530, 27, 18, 1, 1, 1, 1, 1, '2023-04-12 13:20:39', NULL),
(531, 27, 19, 1, 1, 1, 1, 1, '2023-04-12 13:20:39', NULL),
(532, 27, 21, 1, 1, 1, 1, 1, '2023-04-12 13:20:39', NULL),
(533, 27, 22, 1, 1, 1, 1, 1, '2023-04-12 13:20:39', NULL),
(534, 27, 23, 1, 1, 1, 1, 1, '2023-04-12 13:20:39', NULL),
(535, 27, 24, 1, 1, 1, 1, 1, '2023-04-12 13:20:39', NULL),
(536, 27, 25, 1, 1, 1, 1, 1, '2023-04-12 13:20:39', NULL),
(537, 27, 27, 1, 1, 1, 1, 1, '2023-04-12 13:20:39', NULL),
(538, 27, 28, 1, 1, 1, 1, 1, '2023-04-12 13:20:39', NULL),
(539, 27, 29, 1, 1, 1, 1, 1, '2023-04-12 13:20:39', NULL),
(540, 27, 30, 1, 1, 1, 1, 1, '2023-04-12 13:20:39', NULL),
(541, 28, 9, 1, 1, 1, 1, 1, '2023-04-12 13:20:39', NULL),
(542, 28, 10, 1, 1, 1, 1, 1, '2023-04-12 13:20:39', NULL),
(543, 28, 11, 1, 1, 1, 1, 1, '2023-04-12 13:20:39', NULL),
(544, 28, 12, 1, 1, 1, 1, 1, '2023-04-12 13:20:39', NULL),
(545, 28, 13, 1, 1, 1, 1, 1, '2023-04-12 13:20:39', NULL),
(546, 28, 14, 1, 1, 1, 1, 1, '2023-04-12 13:20:39', NULL),
(547, 28, 15, 1, 1, 1, 1, 1, '2023-04-12 13:20:39', NULL),
(548, 28, 16, 1, 1, 1, 1, 1, '2023-04-12 13:20:39', NULL),
(549, 28, 17, 1, 1, 1, 1, 1, '2023-04-12 13:20:39', NULL),
(550, 28, 18, 1, 1, 1, 1, 1, '2023-04-12 13:20:39', NULL),
(551, 28, 19, 1, 1, 1, 1, 1, '2023-04-12 13:20:39', NULL),
(552, 28, 21, 1, 1, 1, 1, 1, '2023-04-12 13:20:39', NULL),
(553, 28, 22, 1, 1, 1, 1, 1, '2023-04-12 13:20:39', NULL),
(554, 28, 23, 1, 1, 1, 1, 1, '2023-04-12 13:20:39', NULL),
(555, 28, 24, 1, 1, 1, 1, 1, '2023-04-12 13:20:39', NULL),
(556, 28, 25, 1, 1, 1, 1, 1, '2023-04-12 13:20:39', NULL),
(557, 28, 27, 1, 1, 1, 1, 1, '2023-04-12 13:20:39', NULL),
(558, 28, 28, 1, 1, 1, 1, 1, '2023-04-12 13:20:39', NULL),
(559, 28, 29, 1, 1, 1, 1, 1, '2023-04-12 13:20:39', NULL),
(560, 28, 30, 1, 1, 1, 1, 1, '2023-04-12 13:20:39', NULL),
(561, 29, 9, 1, 1, 1, 1, 1, '2023-04-12 13:20:39', NULL),
(562, 29, 10, 1, 1, 1, 1, 1, '2023-04-12 13:20:39', NULL),
(563, 29, 11, 1, 1, 1, 1, 1, '2023-04-12 13:20:39', NULL),
(564, 29, 12, 1, 1, 1, 1, 1, '2023-04-12 13:20:39', NULL),
(565, 29, 13, 1, 1, 1, 1, 1, '2023-04-12 13:20:39', NULL),
(566, 29, 14, 1, 1, 1, 1, 1, '2023-04-12 13:20:39', NULL),
(567, 29, 15, 1, 1, 1, 1, 1, '2023-04-12 13:20:39', NULL),
(568, 29, 16, 1, 1, 1, 1, 1, '2023-04-12 13:20:39', NULL),
(569, 29, 17, 1, 1, 1, 1, 1, '2023-04-12 13:20:39', NULL),
(570, 29, 18, 1, 1, 1, 1, 1, '2023-04-12 13:20:39', NULL),
(571, 29, 19, 1, 1, 1, 1, 1, '2023-04-12 13:20:39', NULL),
(572, 29, 21, 1, 1, 1, 1, 1, '2023-04-12 13:20:39', NULL),
(573, 29, 22, 1, 1, 1, 1, 1, '2023-04-12 13:20:39', NULL),
(574, 29, 23, 1, 1, 1, 1, 1, '2023-04-12 13:20:39', NULL),
(575, 29, 24, 1, 1, 1, 1, 1, '2023-04-12 13:20:39', NULL),
(576, 29, 25, 1, 1, 1, 1, 1, '2023-04-12 13:20:39', NULL),
(577, 29, 27, 1, 1, 1, 1, 1, '2023-04-12 13:20:39', NULL),
(578, 29, 28, 1, 1, 1, 1, 1, '2023-04-12 13:20:39', NULL),
(579, 29, 29, 1, 1, 1, 1, 1, '2023-04-12 13:20:39', NULL),
(580, 29, 30, 1, 1, 1, 1, 1, '2023-04-12 13:20:39', NULL),
(581, 30, 9, 1, 1, 1, 1, 1, '2023-04-12 13:20:39', NULL),
(582, 30, 10, 1, 1, 1, 1, 1, '2023-04-12 13:20:39', NULL),
(583, 30, 11, 1, 1, 1, 1, 1, '2023-04-12 13:20:39', NULL),
(584, 30, 12, 1, 1, 1, 1, 1, '2023-04-12 13:20:39', NULL),
(585, 30, 13, 1, 1, 1, 1, 1, '2023-04-12 13:20:39', NULL),
(586, 30, 14, 1, 1, 1, 1, 1, '2023-04-12 13:20:39', NULL),
(587, 30, 15, 1, 1, 1, 1, 1, '2023-04-12 13:20:39', NULL),
(588, 30, 16, 1, 1, 1, 1, 1, '2023-04-12 13:20:39', NULL),
(589, 30, 17, 1, 1, 1, 1, 1, '2023-04-12 13:20:39', NULL),
(590, 30, 18, 1, 1, 1, 1, 1, '2023-04-12 13:20:39', NULL),
(591, 30, 19, 1, 1, 1, 1, 1, '2023-04-12 13:20:39', NULL),
(592, 30, 21, 1, 1, 1, 1, 1, '2023-04-12 13:20:39', NULL),
(593, 30, 22, 1, 1, 1, 1, 1, '2023-04-12 13:20:39', NULL),
(594, 30, 23, 1, 1, 1, 1, 1, '2023-04-12 13:20:39', NULL),
(595, 30, 24, 1, 1, 1, 1, 1, '2023-04-12 13:20:39', NULL),
(596, 30, 25, 1, 1, 1, 1, 1, '2023-04-12 13:20:40', NULL),
(597, 30, 27, 1, 1, 1, 1, 1, '2023-04-12 13:20:40', NULL),
(598, 30, 28, 1, 1, 1, 1, 1, '2023-04-12 13:20:40', NULL),
(599, 30, 29, 1, 1, 1, 1, 1, '2023-04-12 13:20:40', NULL),
(600, 30, 30, 1, 1, 1, 1, 1, '2023-04-12 13:20:40', NULL),
(601, 31, 9, 1, 1, 1, 1, 1, '2023-04-12 13:20:40', NULL),
(602, 31, 10, 1, 1, 1, 1, 1, '2023-04-12 13:20:40', NULL),
(603, 31, 11, 1, 1, 1, 1, 1, '2023-04-12 13:20:40', NULL),
(604, 31, 12, 1, 1, 1, 1, 1, '2023-04-12 13:20:40', NULL),
(605, 31, 13, 1, 1, 1, 1, 1, '2023-04-12 13:20:40', NULL),
(606, 31, 14, 1, 1, 1, 1, 1, '2023-04-12 13:20:40', NULL),
(607, 31, 15, 1, 1, 1, 1, 1, '2023-04-12 13:20:40', NULL),
(608, 31, 16, 1, 1, 1, 1, 1, '2023-04-12 13:20:40', NULL),
(609, 31, 17, 1, 1, 1, 1, 1, '2023-04-12 13:20:40', NULL),
(610, 31, 18, 1, 1, 1, 1, 1, '2023-04-12 13:20:40', NULL),
(611, 31, 19, 1, 1, 1, 1, 1, '2023-04-12 13:20:40', NULL),
(612, 31, 21, 1, 1, 1, 1, 1, '2023-04-12 13:20:40', NULL),
(613, 31, 22, 1, 1, 1, 1, 1, '2023-04-12 13:20:40', NULL),
(614, 31, 23, 1, 1, 1, 1, 1, '2023-04-12 13:20:40', NULL),
(615, 31, 24, 1, 1, 1, 1, 1, '2023-04-12 13:20:40', NULL),
(616, 31, 25, 1, 1, 1, 1, 1, '2023-04-12 13:20:40', NULL),
(617, 31, 27, 1, 1, 1, 1, 1, '2023-04-12 13:20:40', NULL),
(618, 31, 28, 1, 1, 1, 1, 1, '2023-04-12 13:20:40', NULL),
(619, 31, 29, 1, 1, 1, 1, 1, '2023-04-12 13:20:40', NULL),
(620, 31, 30, 1, 1, 1, 1, 1, '2023-04-12 13:20:40', NULL),
(621, 32, 9, 1, 1, 1, 1, 1, '2023-04-12 13:20:40', NULL),
(622, 32, 10, 1, 1, 1, 1, 1, '2023-04-12 13:20:40', NULL),
(623, 32, 11, 1, 1, 1, 1, 1, '2023-04-12 13:20:40', NULL),
(624, 32, 12, 1, 1, 1, 1, 1, '2023-04-12 13:20:40', NULL),
(625, 32, 13, 1, 1, 1, 1, 1, '2023-04-12 13:20:40', NULL),
(626, 32, 14, 1, 1, 1, 1, 1, '2023-04-12 13:20:40', NULL),
(627, 32, 15, 1, 1, 1, 1, 1, '2023-04-12 13:20:40', NULL),
(628, 32, 16, 1, 1, 1, 1, 1, '2023-04-12 13:20:40', NULL),
(629, 32, 17, 1, 1, 1, 1, 1, '2023-04-12 13:20:40', NULL),
(630, 32, 18, 1, 1, 1, 1, 1, '2023-04-12 13:20:40', NULL),
(631, 32, 19, 1, 1, 1, 1, 1, '2023-04-12 13:20:40', NULL),
(632, 32, 21, 1, 1, 1, 1, 1, '2023-04-12 13:20:40', NULL),
(633, 32, 22, 1, 1, 1, 1, 1, '2023-04-12 13:20:40', NULL),
(634, 32, 23, 1, 1, 1, 1, 1, '2023-04-12 13:20:40', NULL),
(635, 32, 24, 1, 1, 1, 1, 1, '2023-04-12 13:20:40', NULL),
(636, 32, 25, 1, 1, 1, 1, 1, '2023-04-12 13:20:40', NULL),
(637, 32, 27, 1, 1, 1, 1, 1, '2023-04-12 13:20:40', NULL),
(638, 32, 28, 1, 1, 1, 1, 1, '2023-04-12 13:20:40', NULL),
(639, 32, 29, 1, 1, 1, 1, 1, '2023-04-12 13:20:40', NULL),
(640, 32, 30, 1, 1, 1, 1, 1, '2023-04-12 13:20:40', NULL),
(641, 33, 9, 1, 1, 1, 1, 1, '2023-04-12 13:20:40', NULL),
(642, 33, 10, 1, 1, 1, 1, 1, '2023-04-12 13:20:40', NULL),
(643, 33, 11, 1, 1, 1, 1, 1, '2023-04-12 13:20:40', NULL),
(644, 33, 12, 1, 1, 1, 1, 1, '2023-04-12 13:20:40', NULL),
(645, 33, 13, 1, 1, 1, 1, 1, '2023-04-12 13:20:40', NULL),
(646, 33, 14, 1, 1, 1, 1, 1, '2023-04-12 13:20:40', NULL),
(647, 33, 15, 1, 1, 1, 1, 1, '2023-04-12 13:20:40', NULL),
(648, 33, 16, 1, 1, 1, 1, 1, '2023-04-12 13:20:40', NULL),
(649, 33, 17, 1, 1, 1, 1, 1, '2023-04-12 13:20:40', NULL),
(650, 33, 18, 1, 1, 1, 1, 1, '2023-04-12 13:20:40', NULL),
(651, 33, 19, 1, 1, 1, 1, 1, '2023-04-12 13:20:40', NULL),
(652, 33, 21, 1, 1, 1, 1, 1, '2023-04-12 13:20:40', NULL),
(653, 33, 22, 1, 1, 1, 1, 1, '2023-04-12 13:20:40', NULL),
(654, 33, 23, 1, 1, 1, 1, 1, '2023-04-12 13:20:40', NULL),
(655, 33, 24, 1, 1, 1, 1, 1, '2023-04-12 13:20:40', NULL),
(656, 33, 25, 1, 1, 1, 1, 1, '2023-04-12 13:20:40', NULL),
(657, 33, 27, 1, 1, 1, 1, 1, '2023-04-12 13:20:40', NULL),
(658, 33, 28, 1, 1, 1, 1, 1, '2023-04-12 13:20:40', NULL),
(659, 33, 29, 1, 1, 1, 1, 1, '2023-04-12 13:20:40', NULL),
(660, 33, 30, 1, 1, 1, 1, 1, '2023-04-12 13:20:40', NULL),
(661, 34, 9, 1, 1, 1, 1, 1, '2023-04-12 13:20:40', NULL),
(662, 34, 10, 1, 1, 1, 1, 1, '2023-04-12 13:20:40', NULL),
(663, 34, 11, 1, 1, 1, 1, 1, '2023-04-12 13:20:40', NULL),
(664, 34, 12, 1, 1, 1, 1, 1, '2023-04-12 13:20:40', NULL),
(665, 34, 13, 1, 1, 1, 1, 1, '2023-04-12 13:20:40', NULL),
(666, 34, 14, 1, 1, 1, 1, 1, '2023-04-12 13:20:40', NULL),
(667, 34, 15, 1, 1, 1, 1, 1, '2023-04-12 13:20:40', NULL),
(668, 34, 16, 1, 1, 1, 1, 1, '2023-04-12 13:20:40', NULL),
(669, 34, 17, 1, 1, 1, 1, 1, '2023-04-12 13:20:40', NULL),
(670, 34, 18, 1, 1, 1, 1, 1, '2023-04-12 13:20:40', NULL),
(671, 34, 19, 1, 1, 1, 1, 1, '2023-04-12 13:20:40', NULL),
(672, 34, 21, 1, 1, 1, 1, 1, '2023-04-12 13:20:40', NULL),
(673, 34, 22, 1, 1, 1, 1, 1, '2023-04-12 13:20:40', NULL),
(674, 34, 23, 1, 1, 1, 1, 1, '2023-04-12 13:20:40', NULL),
(675, 34, 24, 1, 1, 1, 1, 1, '2023-04-12 13:20:40', NULL),
(676, 34, 25, 1, 1, 1, 1, 1, '2023-04-12 13:20:40', NULL),
(677, 34, 27, 1, 1, 1, 1, 1, '2023-04-12 13:20:40', NULL),
(678, 34, 28, 1, 1, 1, 1, 1, '2023-04-12 13:20:40', NULL),
(679, 34, 29, 1, 1, 1, 1, 1, '2023-04-12 13:20:40', NULL),
(680, 34, 30, 1, 1, 1, 1, 1, '2023-04-12 13:20:40', NULL),
(681, 35, 9, 1, 1, 1, 1, 1, '2023-04-12 13:20:40', NULL),
(682, 35, 10, 1, 1, 1, 1, 1, '2023-04-12 13:20:40', NULL),
(683, 35, 11, 1, 1, 1, 1, 1, '2023-04-12 13:20:40', NULL),
(684, 35, 12, 1, 1, 1, 1, 1, '2023-04-12 13:20:40', NULL),
(685, 35, 13, 1, 1, 1, 1, 1, '2023-04-12 13:20:40', NULL),
(686, 35, 14, 1, 1, 1, 1, 1, '2023-04-12 13:20:40', NULL),
(687, 35, 15, 1, 1, 1, 1, 1, '2023-04-12 13:20:40', NULL),
(688, 35, 16, 1, 1, 1, 1, 1, '2023-04-12 13:20:40', NULL),
(689, 35, 17, 1, 1, 1, 1, 1, '2023-04-12 13:20:40', NULL),
(690, 35, 18, 1, 1, 1, 1, 1, '2023-04-12 13:20:40', NULL),
(691, 35, 19, 1, 1, 1, 1, 1, '2023-04-12 13:20:40', NULL),
(692, 35, 21, 1, 1, 1, 1, 1, '2023-04-12 13:20:40', NULL),
(693, 35, 22, 1, 1, 1, 1, 1, '2023-04-12 13:20:40', NULL),
(694, 35, 23, 1, 1, 1, 1, 1, '2023-04-12 13:20:40', NULL),
(695, 35, 24, 1, 1, 1, 1, 1, '2023-04-12 13:20:40', NULL),
(696, 35, 25, 1, 1, 1, 1, 1, '2023-04-12 13:20:40', NULL),
(697, 35, 27, 1, 1, 1, 1, 1, '2023-04-12 13:20:40', NULL),
(698, 35, 28, 1, 1, 1, 1, 1, '2023-04-12 13:20:40', NULL),
(699, 35, 29, 1, 1, 1, 1, 1, '2023-04-12 13:20:40', NULL),
(700, 35, 30, 1, 1, 1, 1, 1, '2023-04-12 13:20:40', NULL),
(701, 36, 9, 1, 1, 1, 1, 1, '2023-04-12 13:20:40', NULL),
(702, 36, 10, 1, 1, 1, 1, 1, '2023-04-12 13:20:40', NULL),
(703, 36, 11, 1, 1, 1, 1, 1, '2023-04-12 13:20:40', NULL),
(704, 36, 12, 1, 1, 1, 1, 1, '2023-04-12 13:20:40', NULL),
(705, 36, 13, 1, 1, 1, 1, 1, '2023-04-12 13:20:40', NULL),
(706, 36, 14, 1, 1, 1, 1, 1, '2023-04-12 13:20:40', NULL),
(707, 36, 15, 1, 1, 1, 1, 1, '2023-04-12 13:20:40', NULL),
(708, 36, 16, 1, 1, 1, 1, 1, '2023-04-12 13:20:40', NULL),
(709, 36, 17, 1, 1, 1, 1, 1, '2023-04-12 13:20:40', NULL),
(710, 36, 18, 1, 1, 1, 1, 1, '2023-04-12 13:20:40', NULL),
(711, 36, 19, 1, 1, 1, 1, 1, '2023-04-12 13:20:40', NULL),
(712, 36, 21, 1, 1, 1, 1, 1, '2023-04-12 13:20:40', NULL),
(713, 36, 22, 1, 1, 1, 1, 1, '2023-04-12 13:20:40', NULL),
(714, 36, 23, 1, 1, 1, 1, 1, '2023-04-12 13:20:40', NULL),
(715, 36, 24, 1, 1, 1, 1, 1, '2023-04-12 13:20:40', NULL),
(716, 36, 25, 1, 1, 1, 1, 1, '2023-04-12 13:20:40', NULL),
(717, 36, 27, 1, 1, 1, 1, 1, '2023-04-12 13:20:40', NULL),
(718, 36, 28, 1, 1, 1, 1, 1, '2023-04-12 13:20:40', NULL),
(719, 36, 29, 1, 1, 1, 1, 1, '2023-04-12 13:20:40', NULL),
(720, 36, 30, 1, 1, 1, 1, 1, '2023-04-12 13:20:40', NULL),
(721, 37, 9, 1, 1, 1, 1, 1, '2023-04-12 13:20:40', NULL),
(722, 37, 10, 1, 1, 1, 1, 1, '2023-04-12 13:20:40', NULL),
(723, 37, 11, 1, 1, 1, 1, 1, '2023-04-12 13:20:40', NULL),
(724, 37, 12, 1, 1, 1, 1, 1, '2023-04-12 13:20:40', NULL),
(725, 37, 13, 1, 1, 1, 1, 1, '2023-04-12 13:20:40', NULL),
(726, 37, 14, 1, 1, 1, 1, 1, '2023-04-12 13:20:40', NULL),
(727, 37, 15, 1, 1, 1, 1, 1, '2023-04-12 13:20:40', NULL),
(728, 37, 16, 1, 1, 1, 1, 1, '2023-04-12 13:20:40', NULL),
(729, 37, 17, 1, 1, 1, 1, 1, '2023-04-12 13:20:40', NULL),
(730, 37, 18, 1, 1, 1, 1, 1, '2023-04-12 13:20:40', NULL),
(731, 37, 19, 1, 1, 1, 1, 1, '2023-04-12 13:20:40', NULL),
(732, 37, 21, 1, 1, 1, 1, 1, '2023-04-12 13:20:40', NULL),
(733, 37, 22, 1, 1, 1, 1, 1, '2023-04-12 13:20:40', NULL),
(734, 37, 23, 1, 1, 1, 1, 1, '2023-04-12 13:20:40', NULL),
(735, 37, 24, 1, 1, 1, 1, 1, '2023-04-12 13:20:40', NULL),
(736, 37, 25, 1, 1, 1, 1, 1, '2023-04-12 13:20:40', NULL),
(737, 37, 27, 1, 1, 1, 1, 1, '2023-04-12 13:20:40', NULL),
(738, 37, 28, 1, 1, 1, 1, 1, '2023-04-12 13:20:40', NULL),
(739, 37, 29, 1, 1, 1, 1, 1, '2023-04-12 13:20:40', NULL),
(740, 37, 30, 1, 1, 1, 1, 1, '2023-04-12 13:20:40', NULL),
(741, 38, 9, 1, 1, 1, 1, 1, '2023-04-12 13:20:40', NULL),
(742, 38, 10, 1, 1, 1, 1, 1, '2023-04-12 13:20:40', NULL),
(743, 38, 11, 1, 1, 1, 1, 1, '2023-04-12 13:20:40', NULL),
(744, 38, 12, 1, 1, 1, 1, 1, '2023-04-12 13:20:40', NULL),
(745, 38, 13, 1, 1, 1, 1, 1, '2023-04-12 13:20:40', NULL),
(746, 38, 14, 1, 1, 1, 1, 1, '2023-04-12 13:20:40', NULL),
(747, 38, 15, 1, 1, 1, 1, 1, '2023-04-12 13:20:40', NULL),
(748, 38, 16, 1, 1, 1, 1, 1, '2023-04-12 13:20:40', NULL),
(749, 38, 17, 1, 1, 1, 1, 1, '2023-04-12 13:20:40', NULL),
(750, 38, 18, 1, 1, 1, 1, 1, '2023-04-12 13:20:40', NULL),
(751, 38, 19, 1, 1, 1, 1, 1, '2023-04-12 13:20:40', NULL),
(752, 38, 21, 1, 1, 1, 1, 1, '2023-04-12 13:20:40', NULL),
(753, 38, 22, 1, 1, 1, 1, 1, '2023-04-12 13:20:40', NULL),
(754, 38, 23, 1, 1, 1, 1, 1, '2023-04-12 13:20:40', NULL),
(755, 38, 24, 1, 1, 1, 1, 1, '2023-04-12 13:20:40', NULL),
(756, 38, 25, 1, 1, 1, 1, 1, '2023-04-12 13:20:40', NULL),
(757, 38, 27, 1, 1, 1, 1, 1, '2023-04-12 13:20:40', NULL),
(758, 38, 28, 1, 1, 1, 1, 1, '2023-04-12 13:20:40', NULL),
(759, 38, 29, 1, 1, 1, 1, 1, '2023-04-12 13:20:40', NULL),
(760, 38, 30, 1, 1, 1, 1, 1, '2023-04-12 13:20:40', NULL),
(761, 39, 9, 1, 1, 1, 1, 1, '2023-04-12 13:20:40', NULL),
(762, 39, 10, 1, 1, 1, 1, 1, '2023-04-12 13:20:40', NULL),
(763, 39, 11, 1, 1, 1, 1, 1, '2023-04-12 13:20:40', NULL),
(764, 39, 12, 1, 1, 1, 1, 1, '2023-04-12 13:20:40', NULL),
(765, 39, 13, 1, 1, 1, 1, 1, '2023-04-12 13:20:40', NULL),
(766, 39, 14, 1, 1, 1, 1, 1, '2023-04-12 13:20:40', NULL),
(767, 39, 15, 1, 1, 1, 1, 1, '2023-04-12 13:20:40', NULL),
(768, 39, 16, 1, 1, 1, 1, 1, '2023-04-12 13:20:40', NULL),
(769, 39, 17, 1, 1, 1, 1, 1, '2023-04-12 13:20:40', NULL),
(770, 39, 18, 1, 1, 1, 1, 1, '2023-04-12 13:20:40', NULL),
(771, 39, 19, 1, 1, 1, 1, 1, '2023-04-12 13:20:40', NULL),
(772, 39, 21, 1, 1, 1, 1, 1, '2023-04-12 13:20:40', NULL),
(773, 39, 22, 1, 1, 1, 1, 1, '2023-04-12 13:20:40', NULL),
(774, 39, 23, 1, 1, 1, 1, 1, '2023-04-12 13:20:40', NULL),
(775, 39, 24, 1, 1, 1, 1, 1, '2023-04-12 13:20:40', NULL),
(776, 39, 25, 1, 1, 1, 1, 1, '2023-04-12 13:20:40', NULL),
(777, 39, 27, 1, 1, 1, 1, 1, '2023-04-12 13:20:40', NULL),
(778, 39, 28, 1, 1, 1, 1, 1, '2023-04-12 13:20:40', NULL),
(779, 39, 29, 1, 1, 1, 1, 1, '2023-04-12 13:20:40', NULL),
(780, 39, 30, 1, 1, 1, 1, 1, '2023-04-12 13:20:40', NULL),
(781, 40, 9, 1, 1, 1, 1, 1, '2023-04-12 13:20:40', NULL),
(782, 40, 10, 1, 1, 1, 1, 1, '2023-04-12 13:20:40', NULL),
(783, 40, 11, 1, 1, 1, 1, 1, '2023-04-12 13:20:40', NULL),
(784, 40, 12, 1, 1, 1, 1, 1, '2023-04-12 13:20:40', NULL),
(785, 40, 13, 1, 1, 1, 1, 1, '2023-04-12 13:20:40', NULL),
(786, 40, 14, 1, 1, 1, 1, 1, '2023-04-12 13:20:40', NULL),
(787, 40, 15, 1, 1, 1, 1, 1, '2023-04-12 13:20:40', NULL),
(788, 40, 16, 1, 1, 1, 1, 1, '2023-04-12 13:20:40', NULL),
(789, 40, 17, 1, 1, 1, 1, 1, '2023-04-12 13:20:40', NULL),
(790, 40, 18, 1, 1, 1, 1, 1, '2023-04-12 13:20:40', NULL),
(791, 40, 19, 1, 1, 1, 1, 1, '2023-04-12 13:20:40', NULL),
(792, 40, 21, 1, 1, 1, 1, 1, '2023-04-12 13:20:40', NULL),
(793, 40, 22, 1, 1, 1, 1, 1, '2023-04-12 13:20:40', NULL),
(794, 40, 23, 1, 1, 1, 1, 1, '2023-04-12 13:20:40', NULL),
(795, 40, 24, 1, 1, 1, 1, 1, '2023-04-12 13:20:40', NULL),
(796, 40, 25, 1, 1, 1, 1, 1, '2023-04-12 13:20:40', NULL),
(797, 40, 27, 1, 1, 1, 1, 1, '2023-04-12 13:20:40', NULL),
(798, 40, 28, 1, 1, 1, 1, 1, '2023-04-12 13:20:41', NULL),
(799, 40, 29, 1, 1, 1, 1, 1, '2023-04-12 13:20:41', NULL),
(800, 40, 30, 1, 1, 1, 1, 1, '2023-04-12 13:20:41', NULL),
(801, 41, 9, 1, 1, 1, 1, 1, '2023-04-12 13:20:41', NULL),
(802, 41, 10, 1, 1, 1, 1, 1, '2023-04-12 13:20:41', NULL),
(803, 41, 11, 1, 1, 1, 1, 1, '2023-04-12 13:20:41', NULL),
(804, 41, 12, 1, 1, 1, 1, 1, '2023-04-12 13:20:41', NULL),
(805, 41, 13, 1, 1, 1, 1, 1, '2023-04-12 13:20:41', NULL),
(806, 41, 14, 1, 1, 1, 1, 1, '2023-04-12 13:20:41', NULL),
(807, 41, 15, 1, 1, 1, 1, 1, '2023-04-12 13:20:41', NULL),
(808, 41, 16, 1, 1, 1, 1, 1, '2023-04-12 13:20:41', NULL),
(809, 41, 17, 1, 1, 1, 1, 1, '2023-04-12 13:20:41', NULL),
(810, 41, 18, 1, 1, 1, 1, 1, '2023-04-12 13:20:41', NULL),
(811, 41, 19, 1, 1, 1, 1, 1, '2023-04-12 13:20:41', NULL),
(812, 41, 21, 1, 1, 1, 1, 1, '2023-04-12 13:20:41', NULL),
(813, 41, 22, 1, 1, 1, 1, 1, '2023-04-12 13:20:41', NULL),
(814, 41, 23, 1, 1, 1, 1, 1, '2023-04-12 13:20:41', NULL),
(815, 41, 24, 1, 1, 1, 1, 1, '2023-04-12 13:20:41', NULL),
(816, 41, 25, 1, 1, 1, 1, 1, '2023-04-12 13:20:41', NULL),
(817, 41, 27, 1, 1, 1, 1, 1, '2023-04-12 13:20:41', NULL),
(818, 41, 28, 1, 1, 1, 1, 1, '2023-04-12 13:20:41', NULL),
(819, 41, 29, 1, 1, 1, 1, 1, '2023-04-12 13:20:41', NULL),
(820, 41, 30, 1, 1, 1, 1, 1, '2023-04-12 13:20:41', NULL),
(821, 42, 9, 1, 1, 1, 1, 1, '2023-04-12 13:20:41', NULL),
(822, 42, 10, 1, 1, 1, 1, 1, '2023-04-12 13:20:41', NULL),
(823, 42, 11, 1, 1, 1, 1, 1, '2023-04-12 13:20:41', NULL),
(824, 42, 12, 1, 1, 1, 1, 1, '2023-04-12 13:20:41', NULL),
(825, 42, 13, 1, 1, 1, 1, 1, '2023-04-12 13:20:41', NULL),
(826, 42, 14, 1, 1, 1, 1, 1, '2023-04-12 13:20:41', NULL),
(827, 42, 15, 1, 1, 1, 1, 1, '2023-04-12 13:20:41', NULL),
(828, 42, 16, 1, 1, 1, 1, 1, '2023-04-12 13:20:41', NULL),
(829, 42, 17, 1, 1, 1, 1, 1, '2023-04-12 13:20:41', NULL),
(830, 42, 18, 1, 1, 1, 1, 1, '2023-04-12 13:20:41', NULL),
(831, 42, 19, 1, 1, 1, 1, 1, '2023-04-12 13:20:41', NULL),
(832, 42, 21, 1, 1, 1, 1, 1, '2023-04-12 13:20:41', NULL),
(833, 42, 22, 1, 1, 1, 1, 1, '2023-04-12 13:20:41', NULL),
(834, 42, 23, 1, 1, 1, 1, 1, '2023-04-12 13:20:41', NULL),
(835, 42, 24, 1, 1, 1, 1, 1, '2023-04-12 13:20:41', NULL),
(836, 42, 25, 1, 1, 1, 1, 1, '2023-04-12 13:20:41', NULL),
(837, 42, 27, 1, 1, 1, 1, 1, '2023-04-12 13:20:41', NULL),
(838, 42, 28, 1, 1, 1, 1, 1, '2023-04-12 13:20:41', NULL),
(839, 42, 29, 1, 1, 1, 1, 1, '2023-04-12 13:20:41', NULL),
(840, 42, 30, 1, 1, 1, 1, 1, '2023-04-12 13:20:41', NULL),
(841, 43, 9, 1, 1, 1, 1, 1, '2023-04-12 13:20:41', NULL),
(842, 43, 10, 1, 1, 1, 1, 1, '2023-04-12 13:20:41', NULL),
(843, 43, 11, 1, 1, 1, 1, 1, '2023-04-12 13:20:41', NULL),
(844, 43, 12, 1, 1, 1, 1, 1, '2023-04-12 13:20:41', NULL),
(845, 43, 13, 1, 1, 1, 1, 1, '2023-04-12 13:20:41', NULL),
(846, 43, 14, 1, 1, 1, 1, 1, '2023-04-12 13:20:41', NULL),
(847, 43, 15, 1, 1, 1, 1, 1, '2023-04-12 13:20:41', NULL),
(848, 43, 16, 1, 1, 1, 1, 1, '2023-04-12 13:20:41', NULL),
(849, 43, 17, 1, 1, 1, 1, 1, '2023-04-12 13:20:41', NULL),
(850, 43, 18, 1, 1, 1, 1, 1, '2023-04-12 13:20:41', NULL),
(851, 43, 19, 1, 1, 1, 1, 1, '2023-04-12 13:20:41', NULL),
(852, 43, 21, 1, 1, 1, 1, 1, '2023-04-12 13:20:41', NULL),
(853, 43, 22, 1, 1, 1, 1, 1, '2023-04-12 13:20:41', NULL),
(854, 43, 23, 1, 1, 1, 1, 1, '2023-04-12 13:20:41', NULL),
(855, 43, 24, 1, 1, 1, 1, 1, '2023-04-12 13:20:41', NULL),
(856, 43, 25, 1, 1, 1, 1, 1, '2023-04-12 13:20:41', NULL),
(857, 43, 27, 1, 1, 1, 1, 1, '2023-04-12 13:20:41', NULL),
(858, 43, 28, 1, 1, 1, 1, 1, '2023-04-12 13:20:41', NULL),
(859, 43, 29, 1, 1, 1, 1, 1, '2023-04-12 13:20:41', NULL),
(860, 43, 30, 1, 1, 1, 1, 1, '2023-04-12 13:20:41', NULL),
(861, 44, 9, 1, 1, 1, 1, 1, '2023-04-12 13:20:41', NULL),
(862, 44, 10, 1, 1, 1, 1, 1, '2023-04-12 13:20:41', NULL),
(863, 44, 11, 1, 1, 1, 1, 1, '2023-04-12 13:20:41', NULL),
(864, 44, 12, 1, 1, 1, 1, 1, '2023-04-12 13:20:41', NULL),
(865, 44, 13, 1, 1, 1, 1, 1, '2023-04-12 13:20:41', NULL),
(866, 44, 14, 1, 1, 1, 1, 1, '2023-04-12 13:20:41', NULL),
(867, 44, 15, 1, 1, 1, 1, 1, '2023-04-12 13:20:41', NULL),
(868, 44, 16, 1, 1, 1, 1, 1, '2023-04-12 13:20:41', NULL),
(869, 44, 17, 1, 1, 1, 1, 1, '2023-04-12 13:20:41', NULL),
(870, 44, 18, 1, 1, 1, 1, 1, '2023-04-12 13:20:41', NULL),
(871, 44, 19, 1, 1, 1, 1, 1, '2023-04-12 13:20:41', NULL),
(872, 44, 21, 1, 1, 1, 1, 1, '2023-04-12 13:20:41', NULL),
(873, 44, 22, 1, 1, 1, 1, 1, '2023-04-12 13:20:41', NULL),
(874, 44, 23, 1, 1, 1, 1, 1, '2023-04-12 13:20:41', NULL),
(875, 44, 24, 1, 1, 1, 1, 1, '2023-04-12 13:20:41', NULL),
(876, 44, 25, 1, 1, 1, 1, 1, '2023-04-12 13:20:41', NULL),
(877, 44, 27, 1, 1, 1, 1, 1, '2023-04-12 13:20:41', NULL),
(878, 44, 28, 1, 1, 1, 1, 1, '2023-04-12 13:20:41', NULL),
(879, 44, 29, 1, 1, 1, 1, 1, '2023-04-12 13:20:41', NULL),
(880, 44, 30, 1, 1, 1, 1, 1, '2023-04-12 13:20:41', NULL);
INSERT INTO `permiso_cargos` (`id`, `cargo_id`, `menu_id`, `listar`, `buscar`, `guardar`, `actualizar`, `borrar`, `created_at`, `updated_at`) VALUES
(881, 45, 9, 1, 1, 1, 1, 1, '2023-04-12 13:20:41', NULL),
(882, 45, 10, 1, 1, 1, 1, 1, '2023-04-12 13:20:41', NULL),
(883, 45, 11, 1, 1, 1, 1, 1, '2023-04-12 13:20:41', NULL),
(884, 45, 12, 1, 1, 1, 1, 1, '2023-04-12 13:20:41', NULL),
(885, 45, 13, 1, 1, 1, 1, 1, '2023-04-12 13:20:41', NULL),
(886, 45, 14, 1, 1, 1, 1, 1, '2023-04-12 13:20:41', NULL),
(887, 45, 15, 1, 1, 1, 1, 1, '2023-04-12 13:20:41', NULL),
(888, 45, 16, 1, 1, 1, 1, 1, '2023-04-12 13:20:41', NULL),
(889, 45, 17, 1, 1, 1, 1, 1, '2023-04-12 13:20:41', NULL),
(890, 45, 18, 1, 1, 1, 1, 1, '2023-04-12 13:20:41', NULL),
(891, 45, 19, 1, 1, 1, 1, 1, '2023-04-12 13:20:41', NULL),
(892, 45, 21, 1, 1, 1, 1, 1, '2023-04-12 13:20:41', NULL),
(893, 45, 22, 1, 1, 1, 1, 1, '2023-04-12 13:20:41', NULL),
(894, 45, 23, 1, 1, 1, 1, 1, '2023-04-12 13:20:41', NULL),
(895, 45, 24, 1, 1, 1, 1, 1, '2023-04-12 13:20:41', NULL),
(896, 45, 25, 1, 1, 1, 1, 1, '2023-04-12 13:20:41', NULL),
(897, 45, 27, 1, 1, 1, 1, 1, '2023-04-12 13:20:41', NULL),
(898, 45, 28, 1, 1, 1, 1, 1, '2023-04-12 13:20:41', NULL),
(899, 45, 29, 1, 1, 1, 1, 1, '2023-04-12 13:20:41', NULL),
(900, 45, 30, 1, 1, 1, 1, 1, '2023-04-12 13:20:41', NULL),
(901, 46, 9, 1, 1, 1, 1, 1, '2023-04-12 13:20:41', NULL),
(902, 46, 10, 1, 1, 1, 1, 1, '2023-04-12 13:20:41', NULL),
(903, 46, 11, 1, 1, 1, 1, 1, '2023-04-12 13:20:41', NULL),
(904, 46, 12, 1, 1, 1, 1, 1, '2023-04-12 13:20:41', NULL),
(905, 46, 13, 1, 1, 1, 1, 1, '2023-04-12 13:20:41', NULL),
(906, 46, 14, 1, 1, 1, 1, 1, '2023-04-12 13:20:41', NULL),
(907, 46, 15, 1, 1, 1, 1, 1, '2023-04-12 13:20:41', NULL),
(908, 46, 16, 1, 1, 1, 1, 1, '2023-04-12 13:20:41', NULL),
(909, 46, 17, 1, 1, 1, 1, 1, '2023-04-12 13:20:41', NULL),
(910, 46, 18, 1, 1, 1, 1, 1, '2023-04-12 13:20:41', NULL),
(911, 46, 19, 1, 1, 1, 1, 1, '2023-04-12 13:20:41', NULL),
(912, 46, 21, 1, 1, 1, 1, 1, '2023-04-12 13:20:41', NULL),
(913, 46, 22, 1, 1, 1, 1, 1, '2023-04-12 13:20:41', NULL),
(914, 46, 23, 1, 1, 1, 1, 1, '2023-04-12 13:20:41', NULL),
(915, 46, 24, 1, 1, 1, 1, 1, '2023-04-12 13:20:41', NULL),
(916, 46, 25, 1, 1, 1, 1, 1, '2023-04-12 13:20:41', NULL),
(917, 46, 27, 1, 1, 1, 1, 1, '2023-04-12 13:20:41', NULL),
(918, 46, 28, 1, 1, 1, 1, 1, '2023-04-12 13:20:41', NULL),
(919, 46, 29, 1, 1, 1, 1, 1, '2023-04-12 13:20:41', NULL),
(920, 46, 30, 1, 1, 1, 1, 1, '2023-04-12 13:20:41', NULL),
(921, 47, 9, 1, 1, 1, 1, 1, '2023-04-12 13:20:41', NULL),
(922, 47, 10, 1, 1, 1, 1, 1, '2023-04-12 13:20:41', NULL),
(923, 47, 11, 1, 1, 1, 1, 1, '2023-04-12 13:20:41', NULL),
(924, 47, 12, 1, 1, 1, 1, 1, '2023-04-12 13:20:41', NULL),
(925, 47, 13, 1, 1, 1, 1, 1, '2023-04-12 13:20:41', NULL),
(926, 47, 14, 1, 1, 1, 1, 1, '2023-04-12 13:20:41', NULL),
(927, 47, 15, 1, 1, 1, 1, 1, '2023-04-12 13:20:41', NULL),
(928, 47, 16, 1, 1, 1, 1, 1, '2023-04-12 13:20:41', NULL),
(929, 47, 17, 1, 1, 1, 1, 1, '2023-04-12 13:20:41', NULL),
(930, 47, 18, 1, 1, 1, 1, 1, '2023-04-12 13:20:41', NULL),
(931, 47, 19, 1, 1, 1, 1, 1, '2023-04-12 13:20:41', NULL),
(932, 47, 21, 1, 1, 1, 1, 1, '2023-04-12 13:20:41', NULL),
(933, 47, 22, 1, 1, 1, 1, 1, '2023-04-12 13:20:41', NULL),
(934, 47, 23, 1, 1, 1, 1, 1, '2023-04-12 13:20:41', NULL),
(935, 47, 24, 1, 1, 1, 1, 1, '2023-04-12 13:20:41', NULL),
(936, 47, 25, 1, 1, 1, 1, 1, '2023-04-12 13:20:41', NULL),
(937, 47, 27, 1, 1, 1, 1, 1, '2023-04-12 13:20:41', NULL),
(938, 47, 28, 1, 1, 1, 1, 1, '2023-04-12 13:20:41', NULL),
(939, 47, 29, 1, 1, 1, 1, 1, '2023-04-12 13:20:41', NULL),
(940, 47, 30, 1, 1, 1, 1, 1, '2023-04-12 13:20:41', NULL),
(941, 48, 9, 1, 1, 1, 1, 1, '2023-04-12 13:20:41', NULL),
(942, 48, 10, 1, 1, 1, 1, 1, '2023-04-12 13:20:41', NULL),
(943, 48, 11, 1, 1, 1, 1, 1, '2023-04-12 13:20:41', NULL),
(944, 48, 12, 1, 1, 1, 1, 1, '2023-04-12 13:20:41', NULL),
(945, 48, 13, 1, 1, 1, 1, 1, '2023-04-12 13:20:41', NULL),
(946, 48, 14, 1, 1, 1, 1, 1, '2023-04-12 13:20:41', NULL),
(947, 48, 15, 1, 1, 1, 1, 1, '2023-04-12 13:20:41', NULL),
(948, 48, 16, 1, 1, 1, 1, 1, '2023-04-12 13:20:41', NULL),
(949, 48, 17, 1, 1, 1, 1, 1, '2023-04-12 13:20:41', NULL),
(950, 48, 18, 1, 1, 1, 1, 1, '2023-04-12 13:20:41', NULL),
(951, 48, 19, 1, 1, 1, 1, 1, '2023-04-12 13:20:41', NULL),
(952, 48, 21, 1, 1, 1, 1, 1, '2023-04-12 13:20:41', NULL),
(953, 48, 22, 1, 1, 1, 1, 1, '2023-04-12 13:20:41', NULL),
(954, 48, 23, 1, 1, 1, 1, 1, '2023-04-12 13:20:41', NULL),
(955, 48, 24, 1, 1, 1, 1, 1, '2023-04-12 13:20:41', NULL),
(956, 48, 25, 1, 1, 1, 1, 1, '2023-04-12 13:20:41', NULL),
(957, 48, 27, 1, 1, 1, 1, 1, '2023-04-12 13:20:41', NULL),
(958, 48, 28, 1, 1, 1, 1, 1, '2023-04-12 13:20:41', NULL),
(959, 48, 29, 1, 1, 1, 1, 1, '2023-04-12 13:20:41', NULL),
(960, 48, 30, 1, 1, 1, 1, 1, '2023-04-12 13:20:41', NULL),
(961, 49, 9, 1, 1, 1, 1, 1, '2023-04-12 13:20:41', NULL),
(962, 49, 10, 1, 1, 1, 1, 1, '2023-04-12 13:20:41', NULL),
(963, 49, 11, 1, 1, 1, 1, 1, '2023-04-12 13:20:41', NULL),
(964, 49, 12, 1, 1, 1, 1, 1, '2023-04-12 13:20:41', NULL),
(965, 49, 13, 1, 1, 1, 1, 1, '2023-04-12 13:20:41', NULL),
(966, 49, 14, 1, 1, 1, 1, 1, '2023-04-12 13:20:41', NULL),
(967, 49, 15, 1, 1, 1, 1, 1, '2023-04-12 13:20:41', NULL),
(968, 49, 16, 1, 1, 1, 1, 1, '2023-04-12 13:20:41', NULL),
(969, 49, 17, 1, 1, 1, 1, 1, '2023-04-12 13:20:41', NULL),
(970, 49, 18, 1, 1, 1, 1, 1, '2023-04-12 13:20:41', NULL),
(971, 49, 19, 1, 1, 1, 1, 1, '2023-04-12 13:20:41', NULL),
(972, 49, 21, 1, 1, 1, 1, 1, '2023-04-12 13:20:41', NULL),
(973, 49, 22, 1, 1, 1, 1, 1, '2023-04-12 13:20:41', NULL),
(974, 49, 23, 1, 1, 1, 1, 1, '2023-04-12 13:20:41', NULL),
(975, 49, 24, 1, 1, 1, 1, 1, '2023-04-12 13:20:41', NULL),
(976, 49, 25, 1, 1, 1, 1, 1, '2023-04-12 13:20:41', NULL),
(977, 49, 27, 1, 1, 1, 1, 1, '2023-04-12 13:20:41', NULL),
(978, 49, 28, 1, 1, 1, 1, 1, '2023-04-12 13:20:41', NULL),
(979, 49, 29, 1, 1, 1, 1, 1, '2023-04-12 13:20:41', NULL),
(980, 49, 30, 1, 1, 1, 1, 1, '2023-04-12 13:20:41', NULL),
(981, 50, 9, 1, 1, 1, 1, 1, '2023-04-12 13:20:41', NULL),
(982, 50, 10, 1, 1, 1, 1, 1, '2023-04-12 13:20:41', NULL),
(983, 50, 11, 1, 1, 1, 1, 1, '2023-04-12 13:20:41', NULL),
(984, 50, 12, 1, 1, 1, 1, 1, '2023-04-12 13:20:41', NULL),
(985, 50, 13, 1, 1, 1, 1, 1, '2023-04-12 13:20:41', NULL),
(986, 50, 14, 1, 1, 1, 1, 1, '2023-04-12 13:20:41', NULL),
(987, 50, 15, 1, 1, 1, 1, 1, '2023-04-12 13:20:41', NULL),
(988, 50, 16, 1, 1, 1, 1, 1, '2023-04-12 13:20:41', NULL),
(989, 50, 17, 1, 1, 1, 1, 1, '2023-04-12 13:20:41', NULL),
(990, 50, 18, 1, 1, 1, 1, 1, '2023-04-12 13:20:41', NULL),
(991, 50, 19, 1, 1, 1, 1, 1, '2023-04-12 13:20:41', NULL),
(992, 50, 21, 1, 1, 1, 1, 1, '2023-04-12 13:20:41', NULL),
(993, 50, 22, 1, 1, 1, 1, 1, '2023-04-12 13:20:41', NULL),
(994, 50, 23, 1, 1, 1, 1, 1, '2023-04-12 13:20:41', NULL),
(995, 50, 24, 1, 1, 1, 1, 1, '2023-04-12 13:20:41', NULL),
(996, 50, 25, 1, 1, 1, 1, 1, '2023-04-12 13:20:41', NULL),
(997, 50, 27, 1, 1, 1, 1, 1, '2023-04-12 13:20:41', NULL),
(998, 50, 28, 1, 1, 1, 1, 1, '2023-04-12 13:20:41', NULL),
(999, 50, 29, 1, 1, 1, 1, 1, '2023-04-12 13:20:41', NULL),
(1000, 50, 30, 1, 1, 1, 1, 1, '2023-04-12 13:20:42', NULL),
(1001, 51, 9, 1, 1, 1, 1, 1, '2023-04-12 13:20:42', NULL),
(1002, 51, 10, 1, 1, 1, 1, 1, '2023-04-12 13:20:42', NULL),
(1003, 51, 11, 1, 1, 1, 1, 1, '2023-04-12 13:20:42', NULL),
(1004, 51, 12, 1, 1, 1, 1, 1, '2023-04-12 13:20:42', NULL),
(1005, 51, 13, 1, 1, 1, 1, 1, '2023-04-12 13:20:42', NULL),
(1006, 51, 14, 1, 1, 1, 1, 1, '2023-04-12 13:20:42', NULL),
(1007, 51, 15, 1, 1, 1, 1, 1, '2023-04-12 13:20:42', NULL),
(1008, 51, 16, 1, 1, 1, 1, 1, '2023-04-12 13:20:42', NULL),
(1009, 51, 17, 1, 1, 1, 1, 1, '2023-04-12 13:20:42', NULL),
(1010, 51, 18, 1, 1, 1, 1, 1, '2023-04-12 13:20:42', NULL),
(1011, 51, 19, 1, 1, 1, 1, 1, '2023-04-12 13:20:42', NULL),
(1012, 51, 21, 1, 1, 1, 1, 1, '2023-04-12 13:20:42', NULL),
(1013, 51, 22, 1, 1, 1, 1, 1, '2023-04-12 13:20:42', NULL),
(1014, 51, 23, 1, 1, 1, 1, 1, '2023-04-12 13:20:42', NULL),
(1015, 51, 24, 1, 1, 1, 1, 1, '2023-04-12 13:20:42', NULL),
(1016, 51, 25, 1, 1, 1, 1, 1, '2023-04-12 13:20:42', NULL),
(1017, 51, 27, 1, 1, 1, 1, 1, '2023-04-12 13:20:42', NULL),
(1018, 51, 28, 1, 1, 1, 1, 1, '2023-04-12 13:20:42', NULL),
(1019, 51, 29, 1, 1, 1, 1, 1, '2023-04-12 13:20:42', NULL),
(1020, 51, 30, 1, 1, 1, 1, 1, '2023-04-12 13:20:42', NULL),
(1021, 52, 9, 1, 1, 1, 1, 1, '2023-04-12 13:20:42', NULL),
(1022, 52, 10, 1, 1, 1, 1, 1, '2023-04-12 13:20:42', NULL),
(1023, 52, 11, 1, 1, 1, 1, 1, '2023-04-12 13:20:42', NULL),
(1024, 52, 12, 1, 1, 1, 1, 1, '2023-04-12 13:20:42', NULL),
(1025, 52, 13, 1, 1, 1, 1, 1, '2023-04-12 13:20:42', NULL),
(1026, 52, 14, 1, 1, 1, 1, 1, '2023-04-12 13:20:42', NULL),
(1027, 52, 15, 1, 1, 1, 1, 1, '2023-04-12 13:20:42', NULL),
(1028, 52, 16, 1, 1, 1, 1, 1, '2023-04-12 13:20:42', NULL),
(1029, 52, 17, 1, 1, 1, 1, 1, '2023-04-12 13:20:42', NULL),
(1030, 52, 18, 1, 1, 1, 1, 1, '2023-04-12 13:20:42', NULL),
(1031, 52, 19, 1, 1, 1, 1, 1, '2023-04-12 13:20:42', NULL),
(1032, 52, 21, 1, 1, 1, 1, 1, '2023-04-12 13:20:42', NULL),
(1033, 52, 22, 1, 1, 1, 1, 1, '2023-04-12 13:20:42', NULL),
(1034, 52, 23, 1, 1, 1, 1, 1, '2023-04-12 13:20:42', NULL),
(1035, 52, 24, 1, 1, 1, 1, 1, '2023-04-12 13:20:42', NULL),
(1036, 52, 25, 1, 1, 1, 1, 1, '2023-04-12 13:20:42', NULL),
(1037, 52, 27, 1, 1, 1, 1, 1, '2023-04-12 13:20:42', NULL),
(1038, 52, 28, 1, 1, 1, 1, 1, '2023-04-12 13:20:42', NULL),
(1039, 52, 29, 1, 1, 1, 1, 1, '2023-04-12 13:20:42', NULL),
(1040, 52, 30, 1, 1, 1, 1, 1, '2023-04-12 13:20:42', NULL),
(1041, 53, 9, 1, 1, 1, 1, 1, '2023-04-12 13:20:42', NULL),
(1042, 53, 10, 1, 1, 1, 1, 1, '2023-04-12 13:20:42', NULL),
(1043, 53, 11, 1, 1, 1, 1, 1, '2023-04-12 13:20:42', NULL),
(1044, 53, 12, 1, 1, 1, 1, 1, '2023-04-12 13:20:42', NULL),
(1045, 53, 13, 1, 1, 1, 1, 1, '2023-04-12 13:20:42', NULL),
(1046, 53, 14, 1, 1, 1, 1, 1, '2023-04-12 13:20:42', NULL),
(1047, 53, 15, 1, 1, 1, 1, 1, '2023-04-12 13:20:42', NULL),
(1048, 53, 16, 1, 1, 1, 1, 1, '2023-04-12 13:20:42', NULL),
(1049, 53, 17, 1, 1, 1, 1, 1, '2023-04-12 13:20:42', NULL),
(1050, 53, 18, 1, 1, 1, 1, 1, '2023-04-12 13:20:42', NULL),
(1051, 53, 19, 1, 1, 1, 1, 1, '2023-04-12 13:20:42', NULL),
(1052, 53, 21, 1, 1, 1, 1, 1, '2023-04-12 13:20:42', NULL),
(1053, 53, 22, 1, 1, 1, 1, 1, '2023-04-12 13:20:42', NULL),
(1054, 53, 23, 1, 1, 1, 1, 1, '2023-04-12 13:20:42', NULL),
(1055, 53, 24, 1, 1, 1, 1, 1, '2023-04-12 13:20:42', NULL),
(1056, 53, 25, 1, 1, 1, 1, 1, '2023-04-12 13:20:42', NULL),
(1057, 53, 27, 1, 1, 1, 1, 1, '2023-04-12 13:20:42', NULL),
(1058, 53, 28, 1, 1, 1, 1, 1, '2023-04-12 13:20:42', NULL),
(1059, 53, 29, 1, 1, 1, 1, 1, '2023-04-12 13:20:42', NULL),
(1060, 53, 30, 1, 1, 1, 1, 1, '2023-04-12 13:20:42', NULL),
(1061, 54, 9, 1, 1, 1, 1, 1, '2023-04-12 13:20:42', NULL),
(1062, 54, 10, 1, 1, 1, 1, 1, '2023-04-12 13:20:42', NULL),
(1063, 54, 11, 1, 1, 1, 1, 1, '2023-04-12 13:20:42', NULL),
(1064, 54, 12, 1, 1, 1, 1, 1, '2023-04-12 13:20:42', NULL),
(1065, 54, 13, 1, 1, 1, 1, 1, '2023-04-12 13:20:42', NULL),
(1066, 54, 14, 1, 1, 1, 1, 1, '2023-04-12 13:20:42', NULL),
(1067, 54, 15, 1, 1, 1, 1, 1, '2023-04-12 13:20:42', NULL),
(1068, 54, 16, 1, 1, 1, 1, 1, '2023-04-12 13:20:42', NULL),
(1069, 54, 17, 1, 1, 1, 1, 1, '2023-04-12 13:20:42', NULL),
(1070, 54, 18, 1, 1, 1, 1, 1, '2023-04-12 13:20:42', NULL),
(1071, 54, 19, 1, 1, 1, 1, 1, '2023-04-12 13:20:42', NULL),
(1072, 54, 21, 1, 1, 1, 1, 1, '2023-04-12 13:20:42', NULL),
(1073, 54, 22, 1, 1, 1, 1, 1, '2023-04-12 13:20:42', NULL),
(1074, 54, 23, 1, 1, 1, 1, 1, '2023-04-12 13:20:42', NULL),
(1075, 54, 24, 1, 1, 1, 1, 1, '2023-04-12 13:20:42', NULL),
(1076, 54, 25, 1, 1, 1, 1, 1, '2023-04-12 13:20:42', NULL),
(1077, 54, 27, 1, 1, 1, 1, 1, '2023-04-12 13:20:42', NULL),
(1078, 54, 28, 1, 1, 1, 1, 1, '2023-04-12 13:20:42', NULL),
(1079, 54, 29, 1, 1, 1, 1, 1, '2023-04-12 13:20:42', NULL),
(1080, 54, 30, 1, 1, 1, 1, 1, '2023-04-12 13:20:42', NULL),
(1081, 55, 9, 1, 1, 1, 1, 1, '2023-04-12 13:20:42', NULL),
(1082, 55, 10, 1, 1, 1, 1, 1, '2023-04-12 13:20:42', NULL),
(1083, 55, 11, 1, 1, 1, 1, 1, '2023-04-12 13:20:42', NULL),
(1084, 55, 12, 1, 1, 1, 1, 1, '2023-04-12 13:20:42', NULL),
(1085, 55, 13, 1, 1, 1, 1, 1, '2023-04-12 13:20:42', NULL),
(1086, 55, 14, 1, 1, 1, 1, 1, '2023-04-12 13:20:42', NULL),
(1087, 55, 15, 1, 1, 1, 1, 1, '2023-04-12 13:20:42', NULL),
(1088, 55, 16, 1, 1, 1, 1, 1, '2023-04-12 13:20:42', NULL),
(1089, 55, 17, 1, 1, 1, 1, 1, '2023-04-12 13:20:42', NULL),
(1090, 55, 18, 1, 1, 1, 1, 1, '2023-04-12 13:20:42', NULL),
(1091, 55, 19, 1, 1, 1, 1, 1, '2023-04-12 13:20:42', NULL),
(1092, 55, 21, 1, 1, 1, 1, 1, '2023-04-12 13:20:42', NULL),
(1093, 55, 22, 1, 1, 1, 1, 1, '2023-04-12 13:20:42', NULL),
(1094, 55, 23, 1, 1, 1, 1, 1, '2023-04-12 13:20:42', NULL),
(1095, 55, 24, 1, 1, 1, 1, 1, '2023-04-12 13:20:42', NULL),
(1096, 55, 25, 1, 1, 1, 1, 1, '2023-04-12 13:20:42', NULL),
(1097, 55, 27, 1, 1, 1, 1, 1, '2023-04-12 13:20:42', NULL),
(1098, 55, 28, 1, 1, 1, 1, 1, '2023-04-12 13:20:42', NULL),
(1099, 55, 29, 1, 1, 1, 1, 1, '2023-04-12 13:20:42', NULL),
(1100, 55, 30, 1, 1, 1, 1, 1, '2023-04-12 13:20:42', NULL),
(1101, 56, 9, 1, 1, 1, 1, 1, '2023-04-12 13:20:42', NULL),
(1102, 56, 10, 1, 1, 1, 1, 1, '2023-04-12 13:20:42', NULL),
(1103, 56, 11, 1, 1, 1, 1, 1, '2023-04-12 13:20:42', NULL),
(1104, 56, 12, 1, 1, 1, 1, 1, '2023-04-12 13:20:42', NULL),
(1105, 56, 13, 1, 1, 1, 1, 1, '2023-04-12 13:20:42', NULL),
(1106, 56, 14, 1, 1, 1, 1, 1, '2023-04-12 13:20:42', NULL),
(1107, 56, 15, 1, 1, 1, 1, 1, '2023-04-12 13:20:42', NULL),
(1108, 56, 16, 1, 1, 1, 1, 1, '2023-04-12 13:20:42', NULL),
(1109, 56, 17, 1, 1, 1, 1, 1, '2023-04-12 13:20:42', NULL),
(1110, 56, 18, 1, 1, 1, 1, 1, '2023-04-12 13:20:42', NULL),
(1111, 56, 19, 1, 1, 1, 1, 1, '2023-04-12 13:20:42', NULL),
(1112, 56, 21, 1, 1, 1, 1, 1, '2023-04-12 13:20:42', NULL),
(1113, 56, 22, 1, 1, 1, 1, 1, '2023-04-12 13:20:42', NULL),
(1114, 56, 23, 1, 1, 1, 1, 1, '2023-04-12 13:20:42', NULL),
(1115, 56, 24, 1, 1, 1, 1, 1, '2023-04-12 13:20:42', NULL),
(1116, 56, 25, 1, 1, 1, 1, 1, '2023-04-12 13:20:42', NULL),
(1117, 56, 27, 1, 1, 1, 1, 1, '2023-04-12 13:20:42', NULL),
(1118, 56, 28, 1, 1, 1, 1, 1, '2023-04-12 13:20:42', NULL),
(1119, 56, 29, 1, 1, 1, 1, 1, '2023-04-12 13:20:42', NULL),
(1120, 56, 30, 1, 1, 1, 1, 1, '2023-04-12 13:20:42', NULL),
(1121, 57, 9, 1, 1, 1, 1, 1, '2023-04-12 13:20:42', NULL),
(1122, 57, 10, 1, 1, 1, 1, 1, '2023-04-12 13:20:42', NULL),
(1123, 57, 11, 1, 1, 1, 1, 1, '2023-04-12 13:20:42', NULL),
(1124, 57, 12, 1, 1, 1, 1, 1, '2023-04-12 13:20:42', NULL),
(1125, 57, 13, 1, 1, 1, 1, 1, '2023-04-12 13:20:42', NULL),
(1126, 57, 14, 1, 1, 1, 1, 1, '2023-04-12 13:20:42', NULL),
(1127, 57, 15, 1, 1, 1, 1, 1, '2023-04-12 13:20:42', NULL),
(1128, 57, 16, 1, 1, 1, 1, 1, '2023-04-12 13:20:42', NULL),
(1129, 57, 17, 1, 1, 1, 1, 1, '2023-04-12 13:20:42', NULL),
(1130, 57, 18, 1, 1, 1, 1, 1, '2023-04-12 13:20:42', NULL),
(1131, 57, 19, 1, 1, 1, 1, 1, '2023-04-12 13:20:42', NULL),
(1132, 57, 21, 1, 1, 1, 1, 1, '2023-04-12 13:20:42', NULL),
(1133, 57, 22, 1, 1, 1, 1, 1, '2023-04-12 13:20:42', NULL),
(1134, 57, 23, 1, 1, 1, 1, 1, '2023-04-12 13:20:42', NULL),
(1135, 57, 24, 1, 1, 1, 1, 1, '2023-04-12 13:20:42', NULL),
(1136, 57, 25, 1, 1, 1, 1, 1, '2023-04-12 13:20:42', NULL),
(1137, 57, 27, 1, 1, 1, 1, 1, '2023-04-12 13:20:42', NULL),
(1138, 57, 28, 1, 1, 1, 1, 1, '2023-04-12 13:20:42', NULL),
(1139, 57, 29, 1, 1, 1, 1, 1, '2023-04-12 13:20:42', NULL),
(1140, 57, 30, 1, 1, 1, 1, 1, '2023-04-12 13:20:42', NULL),
(1141, 58, 9, 1, 1, 1, 1, 1, '2023-04-12 13:20:42', NULL),
(1142, 58, 10, 1, 1, 1, 1, 1, '2023-04-12 13:20:42', NULL),
(1143, 58, 11, 1, 1, 1, 1, 1, '2023-04-12 13:20:42', NULL),
(1144, 58, 12, 1, 1, 1, 1, 1, '2023-04-12 13:20:42', NULL),
(1145, 58, 13, 1, 1, 1, 1, 1, '2023-04-12 13:20:42', NULL),
(1146, 58, 14, 1, 1, 1, 1, 1, '2023-04-12 13:20:42', NULL),
(1147, 58, 15, 1, 1, 1, 1, 1, '2023-04-12 13:20:42', NULL),
(1148, 58, 16, 1, 1, 1, 1, 1, '2023-04-12 13:20:42', NULL),
(1149, 58, 17, 1, 1, 1, 1, 1, '2023-04-12 13:20:42', NULL),
(1150, 58, 18, 1, 1, 1, 1, 1, '2023-04-12 13:20:42', NULL),
(1151, 58, 19, 1, 1, 1, 1, 1, '2023-04-12 13:20:42', NULL),
(1152, 58, 21, 1, 1, 1, 1, 1, '2023-04-12 13:20:42', NULL),
(1153, 58, 22, 1, 1, 1, 1, 1, '2023-04-12 13:20:42', NULL),
(1154, 58, 23, 1, 1, 1, 1, 1, '2023-04-12 13:20:42', NULL),
(1155, 58, 24, 1, 1, 1, 1, 1, '2023-04-12 13:20:42', NULL),
(1156, 58, 25, 1, 1, 1, 1, 1, '2023-04-12 13:20:42', NULL),
(1157, 58, 27, 1, 1, 1, 1, 1, '2023-04-12 13:20:42', NULL),
(1158, 58, 28, 1, 1, 1, 1, 1, '2023-04-12 13:20:42', NULL),
(1159, 58, 29, 1, 1, 1, 1, 1, '2023-04-12 13:20:42', NULL),
(1160, 58, 30, 1, 1, 1, 1, 1, '2023-04-12 13:20:42', NULL),
(1161, 59, 9, 1, 1, 1, 1, 1, '2023-04-12 13:20:42', NULL),
(1162, 59, 10, 1, 1, 1, 1, 1, '2023-04-12 13:20:42', NULL),
(1163, 59, 11, 1, 1, 1, 1, 1, '2023-04-12 13:20:42', NULL),
(1164, 59, 12, 1, 1, 1, 1, 1, '2023-04-12 13:20:42', NULL),
(1165, 59, 13, 1, 1, 1, 1, 1, '2023-04-12 13:20:42', NULL),
(1166, 59, 14, 1, 1, 1, 1, 1, '2023-04-12 13:20:42', NULL),
(1167, 59, 15, 1, 1, 1, 1, 1, '2023-04-12 13:20:42', NULL),
(1168, 59, 16, 1, 1, 1, 1, 1, '2023-04-12 13:20:42', NULL),
(1169, 59, 17, 1, 1, 1, 1, 1, '2023-04-12 13:20:42', NULL),
(1170, 59, 18, 1, 1, 1, 1, 1, '2023-04-12 13:20:42', NULL),
(1171, 59, 19, 1, 1, 1, 1, 1, '2023-04-12 13:20:42', NULL),
(1172, 59, 21, 1, 1, 1, 1, 1, '2023-04-12 13:20:42', NULL),
(1173, 59, 22, 1, 1, 1, 1, 1, '2023-04-12 13:20:42', NULL),
(1174, 59, 23, 1, 1, 1, 1, 1, '2023-04-12 13:20:42', NULL),
(1175, 59, 24, 1, 1, 1, 1, 1, '2023-04-12 13:20:42', NULL),
(1176, 59, 25, 1, 1, 1, 1, 1, '2023-04-12 13:20:42', NULL),
(1177, 59, 27, 1, 1, 1, 1, 1, '2023-04-12 13:20:42', NULL),
(1178, 59, 28, 1, 1, 1, 1, 1, '2023-04-12 13:20:42', NULL),
(1179, 59, 29, 1, 1, 1, 1, 1, '2023-04-12 13:20:42', NULL),
(1180, 59, 30, 1, 1, 1, 1, 1, '2023-04-12 13:20:42', NULL),
(1181, 60, 9, 1, 1, 1, 1, 1, '2023-04-12 13:20:42', NULL),
(1182, 60, 10, 1, 1, 1, 1, 1, '2023-04-12 13:20:42', NULL),
(1183, 60, 11, 1, 1, 1, 1, 1, '2023-04-12 13:20:42', NULL),
(1184, 60, 12, 1, 1, 1, 1, 1, '2023-04-12 13:20:42', NULL),
(1185, 60, 13, 1, 1, 1, 1, 1, '2023-04-12 13:20:42', NULL),
(1186, 60, 14, 1, 1, 1, 1, 1, '2023-04-12 13:20:42', NULL),
(1187, 60, 15, 1, 1, 1, 1, 1, '2023-04-12 13:20:42', NULL),
(1188, 60, 16, 1, 1, 1, 1, 1, '2023-04-12 13:20:42', NULL),
(1189, 60, 17, 1, 1, 1, 1, 1, '2023-04-12 13:20:42', NULL),
(1190, 60, 18, 1, 1, 1, 1, 1, '2023-04-12 13:20:42', NULL),
(1191, 60, 19, 1, 1, 1, 1, 1, '2023-04-12 13:20:42', NULL),
(1192, 60, 21, 1, 1, 1, 1, 1, '2023-04-12 13:20:42', NULL),
(1193, 60, 22, 1, 1, 1, 1, 1, '2023-04-12 13:20:42', NULL),
(1194, 60, 23, 1, 1, 1, 1, 1, '2023-04-12 13:20:43', NULL),
(1195, 60, 24, 1, 1, 1, 1, 1, '2023-04-12 13:20:43', NULL),
(1196, 60, 25, 1, 1, 1, 1, 1, '2023-04-12 13:20:43', NULL),
(1197, 60, 27, 1, 1, 1, 1, 1, '2023-04-12 13:20:43', NULL),
(1198, 60, 28, 1, 1, 1, 1, 1, '2023-04-12 13:20:43', NULL),
(1199, 60, 29, 1, 1, 1, 1, 1, '2023-04-12 13:20:43', NULL),
(1200, 60, 30, 1, 1, 1, 1, 1, '2023-04-12 13:20:43', NULL),
(1201, 61, 9, 1, 1, 1, 1, 1, '2023-04-12 13:20:43', NULL),
(1202, 61, 10, 1, 1, 1, 1, 1, '2023-04-12 13:20:43', NULL),
(1203, 61, 11, 1, 1, 1, 1, 1, '2023-04-12 13:20:43', NULL),
(1204, 61, 12, 1, 1, 1, 1, 1, '2023-04-12 13:20:43', NULL),
(1205, 61, 13, 1, 1, 1, 1, 1, '2023-04-12 13:20:43', NULL),
(1206, 61, 14, 1, 1, 1, 1, 1, '2023-04-12 13:20:43', NULL),
(1207, 61, 15, 1, 1, 1, 1, 1, '2023-04-12 13:20:43', NULL),
(1208, 61, 16, 1, 1, 1, 1, 1, '2023-04-12 13:20:43', NULL),
(1209, 61, 17, 1, 1, 1, 1, 1, '2023-04-12 13:20:43', NULL),
(1210, 61, 18, 1, 1, 1, 1, 1, '2023-04-12 13:20:43', NULL),
(1211, 61, 19, 1, 1, 1, 1, 1, '2023-04-12 13:20:43', NULL),
(1212, 61, 21, 1, 1, 1, 1, 1, '2023-04-12 13:20:43', NULL),
(1213, 61, 22, 1, 1, 1, 1, 1, '2023-04-12 13:20:43', NULL),
(1214, 61, 23, 1, 1, 1, 1, 1, '2023-04-12 13:20:43', NULL),
(1215, 61, 24, 1, 1, 1, 1, 1, '2023-04-12 13:20:43', NULL),
(1216, 61, 25, 1, 1, 1, 1, 1, '2023-04-12 13:20:43', NULL),
(1217, 61, 27, 1, 1, 1, 1, 1, '2023-04-12 13:20:43', NULL),
(1218, 61, 28, 1, 1, 1, 1, 1, '2023-04-12 13:20:43', NULL),
(1219, 61, 29, 1, 1, 1, 1, 1, '2023-04-12 13:20:43', NULL),
(1220, 61, 30, 1, 1, 1, 1, 1, '2023-04-12 13:20:43', NULL),
(1221, 62, 9, 1, 1, 1, 1, 1, '2023-04-12 13:20:43', NULL),
(1222, 62, 10, 1, 1, 1, 1, 1, '2023-04-12 13:20:43', NULL),
(1223, 62, 11, 1, 1, 1, 1, 1, '2023-04-12 13:20:43', NULL),
(1224, 62, 12, 1, 1, 1, 1, 1, '2023-04-12 13:20:43', NULL),
(1225, 62, 13, 1, 1, 1, 1, 1, '2023-04-12 13:20:43', NULL),
(1226, 62, 14, 1, 1, 1, 1, 1, '2023-04-12 13:20:43', NULL),
(1227, 62, 15, 1, 1, 1, 1, 1, '2023-04-12 13:20:43', NULL),
(1228, 62, 16, 1, 1, 1, 1, 1, '2023-04-12 13:20:43', NULL),
(1229, 62, 17, 1, 1, 1, 1, 1, '2023-04-12 13:20:43', NULL),
(1230, 62, 18, 1, 1, 1, 1, 1, '2023-04-12 13:20:43', NULL),
(1231, 62, 19, 1, 1, 1, 1, 1, '2023-04-12 13:20:43', NULL),
(1232, 62, 21, 1, 1, 1, 1, 1, '2023-04-12 13:20:43', NULL),
(1233, 62, 22, 1, 1, 1, 1, 1, '2023-04-12 13:20:43', NULL),
(1234, 62, 23, 1, 1, 1, 1, 1, '2023-04-12 13:20:43', NULL),
(1235, 62, 24, 1, 1, 1, 1, 1, '2023-04-12 13:20:43', NULL),
(1236, 62, 25, 1, 1, 1, 1, 1, '2023-04-12 13:20:43', NULL),
(1237, 62, 27, 1, 1, 1, 1, 1, '2023-04-12 13:20:43', NULL),
(1238, 62, 28, 1, 1, 1, 1, 1, '2023-04-12 13:20:43', NULL),
(1239, 62, 29, 1, 1, 1, 1, 1, '2023-04-12 13:20:43', NULL),
(1240, 62, 30, 1, 1, 1, 1, 1, '2023-04-12 13:20:43', NULL),
(1241, 63, 9, 1, 1, 1, 1, 1, '2023-04-12 13:20:43', NULL),
(1242, 63, 10, 1, 1, 1, 1, 1, '2023-04-12 13:20:43', NULL),
(1243, 63, 11, 1, 1, 1, 1, 1, '2023-04-12 13:20:43', NULL),
(1244, 63, 12, 1, 1, 1, 1, 1, '2023-04-12 13:20:43', NULL),
(1245, 63, 13, 1, 1, 1, 1, 1, '2023-04-12 13:20:43', NULL),
(1246, 63, 14, 1, 1, 1, 1, 1, '2023-04-12 13:20:43', NULL),
(1247, 63, 15, 1, 1, 1, 1, 1, '2023-04-12 13:20:43', NULL),
(1248, 63, 16, 1, 1, 1, 1, 1, '2023-04-12 13:20:43', NULL),
(1249, 63, 17, 1, 1, 1, 1, 1, '2023-04-12 13:20:43', NULL),
(1250, 63, 18, 1, 1, 1, 1, 1, '2023-04-12 13:20:43', NULL),
(1251, 63, 19, 1, 1, 1, 1, 1, '2023-04-12 13:20:43', NULL),
(1252, 63, 21, 1, 1, 1, 1, 1, '2023-04-12 13:20:43', NULL),
(1253, 63, 22, 1, 1, 1, 1, 1, '2023-04-12 13:20:43', NULL),
(1254, 63, 23, 1, 1, 1, 1, 1, '2023-04-12 13:20:43', NULL),
(1255, 63, 24, 1, 1, 1, 1, 1, '2023-04-12 13:20:43', NULL),
(1256, 63, 25, 1, 1, 1, 1, 1, '2023-04-12 13:20:43', NULL),
(1257, 63, 27, 1, 1, 1, 1, 1, '2023-04-12 13:20:43', NULL),
(1258, 63, 28, 1, 1, 1, 1, 1, '2023-04-12 13:20:43', NULL),
(1259, 63, 29, 1, 1, 1, 1, 1, '2023-04-12 13:20:43', NULL),
(1260, 63, 30, 1, 1, 1, 1, 1, '2023-04-12 13:20:43', NULL),
(1261, 64, 9, 1, 1, 1, 1, 1, '2023-04-12 13:20:43', NULL),
(1262, 64, 10, 1, 1, 1, 1, 1, '2023-04-12 13:20:43', NULL),
(1263, 64, 11, 1, 1, 1, 1, 1, '2023-04-12 13:20:43', NULL),
(1264, 64, 12, 1, 1, 1, 1, 1, '2023-04-12 13:20:43', NULL),
(1265, 64, 13, 1, 1, 1, 1, 1, '2023-04-12 13:20:43', NULL),
(1266, 64, 14, 1, 1, 1, 1, 1, '2023-04-12 13:20:43', NULL),
(1267, 64, 15, 1, 1, 1, 1, 1, '2023-04-12 13:20:43', NULL),
(1268, 64, 16, 1, 1, 1, 1, 1, '2023-04-12 13:20:43', NULL),
(1269, 64, 17, 1, 1, 1, 1, 1, '2023-04-12 13:20:43', NULL),
(1270, 64, 18, 1, 1, 1, 1, 1, '2023-04-12 13:20:43', NULL),
(1271, 64, 19, 1, 1, 1, 1, 1, '2023-04-12 13:20:43', NULL),
(1272, 64, 21, 1, 1, 1, 1, 1, '2023-04-12 13:20:43', NULL),
(1273, 64, 22, 1, 1, 1, 1, 1, '2023-04-12 13:20:43', NULL),
(1274, 64, 23, 1, 1, 1, 1, 1, '2023-04-12 13:20:43', NULL),
(1275, 64, 24, 1, 1, 1, 1, 1, '2023-04-12 13:20:43', NULL),
(1276, 64, 25, 1, 1, 1, 1, 1, '2023-04-12 13:20:43', NULL),
(1277, 64, 27, 1, 1, 1, 1, 1, '2023-04-12 13:20:43', NULL),
(1278, 64, 28, 1, 1, 1, 1, 1, '2023-04-12 13:20:43', NULL),
(1279, 64, 29, 1, 1, 1, 1, 1, '2023-04-12 13:20:43', NULL),
(1280, 64, 30, 1, 1, 1, 1, 1, '2023-04-12 13:20:43', NULL),
(1281, 65, 9, 1, 1, 1, 1, 1, '2023-04-12 13:20:43', NULL),
(1282, 65, 10, 1, 1, 1, 1, 1, '2023-04-12 13:20:43', NULL),
(1283, 65, 11, 1, 1, 1, 1, 1, '2023-04-12 13:20:43', NULL),
(1284, 65, 12, 1, 1, 1, 1, 1, '2023-04-12 13:20:43', NULL),
(1285, 65, 13, 1, 1, 1, 1, 1, '2023-04-12 13:20:43', NULL),
(1286, 65, 14, 1, 1, 1, 1, 1, '2023-04-12 13:20:43', NULL),
(1287, 65, 15, 1, 1, 1, 1, 1, '2023-04-12 13:20:43', NULL),
(1288, 65, 16, 1, 1, 1, 1, 1, '2023-04-12 13:20:43', NULL),
(1289, 65, 17, 1, 1, 1, 1, 1, '2023-04-12 13:20:43', NULL),
(1290, 65, 18, 1, 1, 1, 1, 1, '2023-04-12 13:20:43', NULL),
(1291, 65, 19, 1, 1, 1, 1, 1, '2023-04-12 13:20:43', NULL),
(1292, 65, 21, 1, 1, 1, 1, 1, '2023-04-12 13:20:43', NULL),
(1293, 65, 22, 1, 1, 1, 1, 1, '2023-04-12 13:20:43', NULL),
(1294, 65, 23, 1, 1, 1, 1, 1, '2023-04-12 13:20:43', NULL),
(1295, 65, 24, 1, 1, 1, 1, 1, '2023-04-12 13:20:43', NULL),
(1296, 65, 25, 1, 1, 1, 1, 1, '2023-04-12 13:20:43', NULL),
(1297, 65, 27, 1, 1, 1, 1, 1, '2023-04-12 13:20:43', NULL),
(1298, 65, 28, 1, 1, 1, 1, 1, '2023-04-12 13:20:43', NULL),
(1299, 65, 29, 1, 1, 1, 1, 1, '2023-04-12 13:20:43', NULL),
(1300, 65, 30, 1, 1, 1, 1, 1, '2023-04-12 13:20:43', NULL),
(1301, 66, 9, 1, 1, 1, 1, 1, '2023-04-12 13:20:43', NULL),
(1302, 66, 10, 1, 1, 1, 1, 1, '2023-04-12 13:20:43', NULL),
(1303, 66, 11, 1, 1, 1, 1, 1, '2023-04-12 13:20:43', NULL),
(1304, 66, 12, 1, 1, 1, 1, 1, '2023-04-12 13:20:43', NULL),
(1305, 66, 13, 1, 1, 1, 1, 1, '2023-04-12 13:20:43', NULL),
(1306, 66, 14, 1, 1, 1, 1, 1, '2023-04-12 13:20:43', NULL),
(1307, 66, 15, 1, 1, 1, 1, 1, '2023-04-12 13:20:43', NULL),
(1308, 66, 16, 1, 1, 1, 1, 1, '2023-04-12 13:20:43', NULL),
(1309, 66, 17, 1, 1, 1, 1, 1, '2023-04-12 13:20:43', NULL),
(1310, 66, 18, 1, 1, 1, 1, 1, '2023-04-12 13:20:43', NULL),
(1311, 66, 19, 1, 1, 1, 1, 1, '2023-04-12 13:20:43', NULL),
(1312, 66, 21, 1, 1, 1, 1, 1, '2023-04-12 13:20:43', NULL),
(1313, 66, 22, 1, 1, 1, 1, 1, '2023-04-12 13:20:43', NULL),
(1314, 66, 23, 1, 1, 1, 1, 1, '2023-04-12 13:20:43', NULL),
(1315, 66, 24, 1, 1, 1, 1, 1, '2023-04-12 13:20:43', NULL),
(1316, 66, 25, 1, 1, 1, 1, 1, '2023-04-12 13:20:43', NULL),
(1317, 66, 27, 1, 1, 1, 1, 1, '2023-04-12 13:20:43', NULL),
(1318, 66, 28, 1, 1, 1, 1, 1, '2023-04-12 13:20:43', NULL),
(1319, 66, 29, 1, 1, 1, 1, 1, '2023-04-12 13:20:43', NULL),
(1320, 66, 30, 1, 1, 1, 1, 1, '2023-04-12 13:20:43', NULL),
(1321, 67, 9, 1, 1, 1, 1, 1, '2023-04-12 13:20:43', NULL),
(1322, 67, 10, 1, 1, 1, 1, 1, '2023-04-12 13:20:43', NULL),
(1323, 67, 11, 1, 1, 1, 1, 1, '2023-04-12 13:20:43', NULL),
(1324, 67, 12, 1, 1, 1, 1, 1, '2023-04-12 13:20:43', NULL),
(1325, 67, 13, 1, 1, 1, 1, 1, '2023-04-12 13:20:43', NULL),
(1326, 67, 14, 1, 1, 1, 1, 1, '2023-04-12 13:20:43', NULL),
(1327, 67, 15, 1, 1, 1, 1, 1, '2023-04-12 13:20:43', NULL),
(1328, 67, 16, 1, 1, 1, 1, 1, '2023-04-12 13:20:43', NULL),
(1329, 67, 17, 1, 1, 1, 1, 1, '2023-04-12 13:20:43', NULL),
(1330, 67, 18, 1, 1, 1, 1, 1, '2023-04-12 13:20:43', NULL),
(1331, 67, 19, 1, 1, 1, 1, 1, '2023-04-12 13:20:43', NULL),
(1332, 67, 21, 1, 1, 1, 1, 1, '2023-04-12 13:20:43', NULL),
(1333, 67, 22, 1, 1, 1, 1, 1, '2023-04-12 13:20:43', NULL),
(1334, 67, 23, 1, 1, 1, 1, 1, '2023-04-12 13:20:43', NULL),
(1335, 67, 24, 1, 1, 1, 1, 1, '2023-04-12 13:20:43', NULL),
(1336, 67, 25, 1, 1, 1, 1, 1, '2023-04-12 13:20:43', NULL),
(1337, 67, 27, 1, 1, 1, 1, 1, '2023-04-12 13:20:43', NULL),
(1338, 67, 28, 1, 1, 1, 1, 1, '2023-04-12 13:20:43', NULL),
(1339, 67, 29, 1, 1, 1, 1, 1, '2023-04-12 13:20:43', NULL),
(1340, 67, 30, 1, 1, 1, 1, 1, '2023-04-12 13:20:43', NULL),
(1341, 68, 9, 1, 1, 1, 1, 1, '2023-04-12 13:20:43', NULL),
(1342, 68, 10, 1, 1, 1, 1, 1, '2023-04-12 13:20:43', NULL),
(1343, 68, 11, 1, 1, 1, 1, 1, '2023-04-12 13:20:43', NULL),
(1344, 68, 12, 1, 1, 1, 1, 1, '2023-04-12 13:20:43', NULL),
(1345, 68, 13, 1, 1, 1, 1, 1, '2023-04-12 13:20:43', NULL),
(1346, 68, 14, 1, 1, 1, 1, 1, '2023-04-12 13:20:43', NULL),
(1347, 68, 15, 1, 1, 1, 1, 1, '2023-04-12 13:20:43', NULL),
(1348, 68, 16, 1, 1, 1, 1, 1, '2023-04-12 13:20:43', NULL),
(1349, 68, 17, 1, 1, 1, 1, 1, '2023-04-12 13:20:43', NULL),
(1350, 68, 18, 1, 1, 1, 1, 1, '2023-04-12 13:20:43', NULL),
(1351, 68, 19, 1, 1, 1, 1, 1, '2023-04-12 13:20:43', NULL),
(1352, 68, 21, 1, 1, 1, 1, 1, '2023-04-12 13:20:43', NULL),
(1353, 68, 22, 1, 1, 1, 1, 1, '2023-04-12 13:20:43', NULL),
(1354, 68, 23, 1, 1, 1, 1, 1, '2023-04-12 13:20:43', NULL),
(1355, 68, 24, 1, 1, 1, 1, 1, '2023-04-12 13:20:43', NULL),
(1356, 68, 25, 1, 1, 1, 1, 1, '2023-04-12 13:20:43', NULL),
(1357, 68, 27, 1, 1, 1, 1, 1, '2023-04-12 13:20:43', NULL),
(1358, 68, 28, 1, 1, 1, 1, 1, '2023-04-12 13:20:43', NULL),
(1359, 68, 29, 1, 1, 1, 1, 1, '2023-04-12 13:20:43', NULL),
(1360, 68, 30, 1, 1, 1, 1, 1, '2023-04-12 13:20:43', NULL),
(1361, 69, 9, 1, 1, 1, 1, 1, '2023-04-12 13:20:43', NULL),
(1362, 69, 10, 1, 1, 1, 1, 1, '2023-04-12 13:20:43', NULL),
(1363, 69, 11, 1, 1, 1, 1, 1, '2023-04-12 13:20:43', NULL),
(1364, 69, 12, 1, 1, 1, 1, 1, '2023-04-12 13:20:43', NULL),
(1365, 69, 13, 1, 1, 1, 1, 1, '2023-04-12 13:20:43', NULL),
(1366, 69, 14, 1, 1, 1, 1, 1, '2023-04-12 13:20:43', NULL),
(1367, 69, 15, 1, 1, 1, 1, 1, '2023-04-12 13:20:43', NULL),
(1368, 69, 16, 1, 1, 1, 1, 1, '2023-04-12 13:20:43', NULL),
(1369, 69, 17, 1, 1, 1, 1, 1, '2023-04-12 13:20:43', NULL),
(1370, 69, 18, 1, 1, 1, 1, 1, '2023-04-12 13:20:43', NULL),
(1371, 69, 19, 1, 1, 1, 1, 1, '2023-04-12 13:20:43', NULL),
(1372, 69, 21, 1, 1, 1, 1, 1, '2023-04-12 13:20:43', NULL),
(1373, 69, 22, 1, 1, 1, 1, 1, '2023-04-12 13:20:43', NULL),
(1374, 69, 23, 1, 1, 1, 1, 1, '2023-04-12 13:20:43', NULL),
(1375, 69, 24, 1, 1, 1, 1, 1, '2023-04-12 13:20:43', NULL),
(1376, 69, 25, 1, 1, 1, 1, 1, '2023-04-12 13:20:43', NULL),
(1377, 69, 27, 1, 1, 1, 1, 1, '2023-04-12 13:20:43', NULL),
(1378, 69, 28, 1, 1, 1, 1, 1, '2023-04-12 13:20:43', NULL),
(1379, 69, 29, 1, 1, 1, 1, 1, '2023-04-12 13:20:43', NULL),
(1380, 69, 30, 1, 1, 1, 1, 1, '2023-04-12 13:20:43', NULL),
(1381, 70, 9, 1, 1, 1, 1, 1, '2023-04-12 13:20:43', NULL),
(1382, 70, 10, 1, 1, 1, 1, 1, '2023-04-12 13:20:43', NULL),
(1383, 70, 11, 1, 1, 1, 1, 1, '2023-04-12 13:20:43', NULL),
(1384, 70, 12, 1, 1, 1, 1, 1, '2023-04-12 13:20:43', NULL),
(1385, 70, 13, 1, 1, 1, 1, 1, '2023-04-12 13:20:43', NULL),
(1386, 70, 14, 1, 1, 1, 1, 1, '2023-04-12 13:20:43', NULL),
(1387, 70, 15, 1, 1, 1, 1, 1, '2023-04-12 13:20:44', NULL),
(1388, 70, 16, 1, 1, 1, 1, 1, '2023-04-12 13:20:44', NULL),
(1389, 70, 17, 1, 1, 1, 1, 1, '2023-04-12 13:20:44', NULL),
(1390, 70, 18, 1, 1, 1, 1, 1, '2023-04-12 13:20:44', NULL),
(1391, 70, 19, 1, 1, 1, 1, 1, '2023-04-12 13:20:44', NULL),
(1392, 70, 21, 1, 1, 1, 1, 1, '2023-04-12 13:20:44', NULL),
(1393, 70, 22, 1, 1, 1, 1, 1, '2023-04-12 13:20:44', NULL),
(1394, 70, 23, 1, 1, 1, 1, 1, '2023-04-12 13:20:44', NULL),
(1395, 70, 24, 1, 1, 1, 1, 1, '2023-04-12 13:20:44', NULL),
(1396, 70, 25, 1, 1, 1, 1, 1, '2023-04-12 13:20:44', NULL),
(1397, 70, 27, 1, 1, 1, 1, 1, '2023-04-12 13:20:44', NULL),
(1398, 70, 28, 1, 1, 1, 1, 1, '2023-04-12 13:20:44', NULL),
(1399, 70, 29, 1, 1, 1, 1, 1, '2023-04-12 13:20:44', NULL),
(1400, 70, 30, 1, 1, 1, 1, 1, '2023-04-12 13:20:44', NULL),
(1401, 71, 9, 1, 1, 1, 1, 1, '2023-04-12 13:20:44', NULL),
(1402, 71, 10, 1, 1, 1, 1, 1, '2023-04-12 13:20:44', NULL),
(1403, 71, 11, 1, 1, 1, 1, 1, '2023-04-12 13:20:44', NULL),
(1404, 71, 12, 1, 1, 1, 1, 1, '2023-04-12 13:20:44', NULL),
(1405, 71, 13, 1, 1, 1, 1, 1, '2023-04-12 13:20:44', NULL),
(1406, 71, 14, 1, 1, 1, 1, 1, '2023-04-12 13:20:44', NULL),
(1407, 71, 15, 1, 1, 1, 1, 1, '2023-04-12 13:20:44', NULL),
(1408, 71, 16, 1, 1, 1, 1, 1, '2023-04-12 13:20:44', NULL),
(1409, 71, 17, 1, 1, 1, 1, 1, '2023-04-12 13:20:44', NULL),
(1410, 71, 18, 1, 1, 1, 1, 1, '2023-04-12 13:20:44', NULL),
(1411, 71, 19, 1, 1, 1, 1, 1, '2023-04-12 13:20:44', NULL),
(1412, 71, 21, 1, 1, 1, 1, 1, '2023-04-12 13:20:44', NULL),
(1413, 71, 22, 1, 1, 1, 1, 1, '2023-04-12 13:20:44', NULL),
(1414, 71, 23, 1, 1, 1, 1, 1, '2023-04-12 13:20:44', NULL),
(1415, 71, 24, 1, 1, 1, 1, 1, '2023-04-12 13:20:44', NULL),
(1416, 71, 25, 1, 1, 1, 1, 1, '2023-04-12 13:20:44', NULL),
(1417, 71, 27, 1, 1, 1, 1, 1, '2023-04-12 13:20:44', NULL),
(1418, 71, 28, 1, 1, 1, 1, 1, '2023-04-12 13:20:44', NULL),
(1419, 71, 29, 1, 1, 1, 1, 1, '2023-04-12 13:20:44', NULL),
(1420, 71, 30, 1, 1, 1, 1, 1, '2023-04-12 13:20:44', NULL),
(1421, 72, 9, 1, 1, 1, 1, 1, '2023-04-12 13:20:44', NULL),
(1422, 72, 10, 1, 1, 1, 1, 1, '2023-04-12 13:20:44', NULL),
(1423, 72, 11, 1, 1, 1, 1, 1, '2023-04-12 13:20:44', NULL),
(1424, 72, 12, 1, 1, 1, 1, 1, '2023-04-12 13:20:44', NULL),
(1425, 72, 13, 1, 1, 1, 1, 1, '2023-04-12 13:20:44', NULL),
(1426, 72, 14, 1, 1, 1, 1, 1, '2023-04-12 13:20:44', NULL),
(1427, 72, 15, 1, 1, 1, 1, 1, '2023-04-12 13:20:44', NULL),
(1428, 72, 16, 1, 1, 1, 1, 1, '2023-04-12 13:20:44', NULL),
(1429, 72, 17, 1, 1, 1, 1, 1, '2023-04-12 13:20:44', NULL),
(1430, 72, 18, 1, 1, 1, 1, 1, '2023-04-12 13:20:44', NULL),
(1431, 72, 19, 1, 1, 1, 1, 1, '2023-04-12 13:20:44', NULL),
(1432, 72, 21, 1, 1, 1, 1, 1, '2023-04-12 13:20:44', NULL),
(1433, 72, 22, 1, 1, 1, 1, 1, '2023-04-12 13:20:44', NULL),
(1434, 72, 23, 1, 1, 1, 1, 1, '2023-04-12 13:20:44', NULL),
(1435, 72, 24, 1, 1, 1, 1, 1, '2023-04-12 13:20:44', NULL),
(1436, 72, 25, 1, 1, 1, 1, 1, '2023-04-12 13:20:44', NULL),
(1437, 72, 27, 1, 1, 1, 1, 1, '2023-04-12 13:20:44', NULL),
(1438, 72, 28, 1, 1, 1, 1, 1, '2023-04-12 13:20:44', NULL),
(1439, 72, 29, 1, 1, 1, 1, 1, '2023-04-12 13:20:44', NULL),
(1440, 72, 30, 1, 1, 1, 1, 1, '2023-04-12 13:20:44', NULL),
(1441, 73, 9, 1, 1, 1, 1, 1, '2023-04-12 13:20:44', NULL),
(1442, 73, 10, 1, 1, 1, 1, 1, '2023-04-12 13:20:44', NULL),
(1443, 73, 11, 1, 1, 1, 1, 1, '2023-04-12 13:20:44', NULL),
(1444, 73, 12, 1, 1, 1, 1, 1, '2023-04-12 13:20:44', NULL),
(1445, 73, 13, 1, 1, 1, 1, 1, '2023-04-12 13:20:44', NULL),
(1446, 73, 14, 1, 1, 1, 1, 1, '2023-04-12 13:20:44', NULL),
(1447, 73, 15, 1, 1, 1, 1, 1, '2023-04-12 13:20:44', NULL),
(1448, 73, 16, 1, 1, 1, 1, 1, '2023-04-12 13:20:44', NULL),
(1449, 73, 17, 1, 1, 1, 1, 1, '2023-04-12 13:20:44', NULL),
(1450, 73, 18, 1, 1, 1, 1, 1, '2023-04-12 13:20:44', NULL),
(1451, 73, 19, 1, 1, 1, 1, 1, '2023-04-12 13:20:44', NULL),
(1452, 73, 21, 1, 1, 1, 1, 1, '2023-04-12 13:20:44', NULL),
(1453, 73, 22, 1, 1, 1, 1, 1, '2023-04-12 13:20:44', NULL),
(1454, 73, 23, 1, 1, 1, 1, 1, '2023-04-12 13:20:44', NULL),
(1455, 73, 24, 1, 1, 1, 1, 1, '2023-04-12 13:20:44', NULL),
(1456, 73, 25, 1, 1, 1, 1, 1, '2023-04-12 13:20:44', NULL),
(1457, 73, 27, 1, 1, 1, 1, 1, '2023-04-12 13:20:44', NULL),
(1458, 73, 28, 1, 1, 1, 1, 1, '2023-04-12 13:20:44', NULL),
(1459, 73, 29, 1, 1, 1, 1, 1, '2023-04-12 13:20:44', NULL),
(1460, 73, 30, 1, 1, 1, 1, 1, '2023-04-12 13:20:44', NULL),
(1461, 74, 9, 1, 1, 1, 1, 1, '2023-04-12 13:20:44', NULL),
(1462, 74, 10, 1, 1, 1, 1, 1, '2023-04-12 13:20:44', NULL),
(1463, 74, 11, 1, 1, 1, 1, 1, '2023-04-12 13:20:44', NULL),
(1464, 74, 12, 1, 1, 1, 1, 1, '2023-04-12 13:20:44', NULL),
(1465, 74, 13, 1, 1, 1, 1, 1, '2023-04-12 13:20:44', NULL),
(1466, 74, 14, 1, 1, 1, 1, 1, '2023-04-12 13:20:44', NULL),
(1467, 74, 15, 1, 1, 1, 1, 1, '2023-04-12 13:20:44', NULL),
(1468, 74, 16, 1, 1, 1, 1, 1, '2023-04-12 13:20:44', NULL),
(1469, 74, 17, 1, 1, 1, 1, 1, '2023-04-12 13:20:44', NULL),
(1470, 74, 18, 1, 1, 1, 1, 1, '2023-04-12 13:20:44', NULL),
(1471, 74, 19, 1, 1, 1, 1, 1, '2023-04-12 13:20:44', NULL),
(1472, 74, 21, 1, 1, 1, 1, 1, '2023-04-12 13:20:44', NULL),
(1473, 74, 22, 1, 1, 1, 1, 1, '2023-04-12 13:20:44', NULL),
(1474, 74, 23, 1, 1, 1, 1, 1, '2023-04-12 13:20:44', NULL),
(1475, 74, 24, 1, 1, 1, 1, 1, '2023-04-12 13:20:44', NULL),
(1476, 74, 25, 1, 1, 1, 1, 1, '2023-04-12 13:20:44', NULL),
(1477, 74, 27, 1, 1, 1, 1, 1, '2023-04-12 13:20:44', NULL),
(1478, 74, 28, 1, 1, 1, 1, 1, '2023-04-12 13:20:44', NULL),
(1479, 74, 29, 1, 1, 1, 1, 1, '2023-04-12 13:20:44', NULL),
(1480, 74, 30, 1, 1, 1, 1, 1, '2023-04-12 13:20:44', NULL),
(1481, 75, 9, 1, 1, 1, 1, 1, '2023-04-12 13:20:44', NULL),
(1482, 75, 10, 1, 1, 1, 1, 1, '2023-04-12 13:20:44', NULL),
(1483, 75, 11, 1, 1, 1, 1, 1, '2023-04-12 13:20:44', NULL),
(1484, 75, 12, 1, 1, 1, 1, 1, '2023-04-12 13:20:44', NULL),
(1485, 75, 13, 1, 1, 1, 1, 1, '2023-04-12 13:20:44', NULL),
(1486, 75, 14, 1, 1, 1, 1, 1, '2023-04-12 13:20:44', NULL),
(1487, 75, 15, 1, 1, 1, 1, 1, '2023-04-12 13:20:44', NULL),
(1488, 75, 16, 1, 1, 1, 1, 1, '2023-04-12 13:20:44', NULL),
(1489, 75, 17, 1, 1, 1, 1, 1, '2023-04-12 13:20:44', NULL),
(1490, 75, 18, 1, 1, 1, 1, 1, '2023-04-12 13:20:44', NULL),
(1491, 75, 19, 1, 1, 1, 1, 1, '2023-04-12 13:20:44', NULL),
(1492, 75, 21, 1, 1, 1, 1, 1, '2023-04-12 13:20:44', NULL),
(1493, 75, 22, 1, 1, 1, 1, 1, '2023-04-12 13:20:44', NULL),
(1494, 75, 23, 1, 1, 1, 1, 1, '2023-04-12 13:20:44', NULL),
(1495, 75, 24, 1, 1, 1, 1, 1, '2023-04-12 13:20:44', NULL),
(1496, 75, 25, 1, 1, 1, 1, 1, '2023-04-12 13:20:44', NULL),
(1497, 75, 27, 1, 1, 1, 1, 1, '2023-04-12 13:20:44', NULL),
(1498, 75, 28, 1, 1, 1, 1, 1, '2023-04-12 13:20:44', NULL),
(1499, 75, 29, 1, 1, 1, 1, 1, '2023-04-12 13:20:44', NULL),
(1500, 75, 30, 1, 1, 1, 1, 1, '2023-04-12 13:20:44', NULL),
(1501, 76, 9, 1, 1, 1, 1, 1, '2023-04-12 13:20:44', NULL),
(1502, 76, 10, 1, 1, 1, 1, 1, '2023-04-12 13:20:44', NULL),
(1503, 76, 11, 1, 1, 1, 1, 1, '2023-04-12 13:20:44', NULL),
(1504, 76, 12, 1, 1, 1, 1, 1, '2023-04-12 13:20:44', NULL),
(1505, 76, 13, 1, 1, 1, 1, 1, '2023-04-12 13:20:44', NULL),
(1506, 76, 14, 1, 1, 1, 1, 1, '2023-04-12 13:20:44', NULL),
(1507, 76, 15, 1, 1, 1, 1, 1, '2023-04-12 13:20:44', NULL),
(1508, 76, 16, 1, 1, 1, 1, 1, '2023-04-12 13:20:44', NULL),
(1509, 76, 17, 1, 1, 1, 1, 1, '2023-04-12 13:20:44', NULL),
(1510, 76, 18, 1, 1, 1, 1, 1, '2023-04-12 13:20:44', NULL),
(1511, 76, 19, 1, 1, 1, 1, 1, '2023-04-12 13:20:44', NULL),
(1512, 76, 21, 1, 1, 1, 1, 1, '2023-04-12 13:20:44', NULL),
(1513, 76, 22, 1, 1, 1, 1, 1, '2023-04-12 13:20:44', NULL),
(1514, 76, 23, 1, 1, 1, 1, 1, '2023-04-12 13:20:44', NULL),
(1515, 76, 24, 1, 1, 1, 1, 1, '2023-04-12 13:20:44', NULL),
(1516, 76, 25, 1, 1, 1, 1, 1, '2023-04-12 13:20:44', NULL),
(1517, 76, 27, 1, 1, 1, 1, 1, '2023-04-12 13:20:44', NULL),
(1518, 76, 28, 1, 1, 1, 1, 1, '2023-04-12 13:20:44', NULL),
(1519, 76, 29, 1, 1, 1, 1, 1, '2023-04-12 13:20:44', NULL),
(1520, 76, 30, 1, 1, 1, 1, 1, '2023-04-12 13:20:44', NULL),
(1521, 77, 9, 1, 1, 1, 1, 1, '2023-04-12 13:20:44', NULL),
(1522, 77, 10, 1, 1, 1, 1, 1, '2023-04-12 13:20:44', NULL),
(1523, 77, 11, 1, 1, 1, 1, 1, '2023-04-12 13:20:44', NULL),
(1524, 77, 12, 1, 1, 1, 1, 1, '2023-04-12 13:20:44', NULL),
(1525, 77, 13, 1, 1, 1, 1, 1, '2023-04-12 13:20:44', NULL),
(1526, 77, 14, 1, 1, 1, 1, 1, '2023-04-12 13:20:44', NULL),
(1527, 77, 15, 1, 1, 1, 1, 1, '2023-04-12 13:20:44', NULL),
(1528, 77, 16, 1, 1, 1, 1, 1, '2023-04-12 13:20:44', NULL),
(1529, 77, 17, 1, 1, 1, 1, 1, '2023-04-12 13:20:44', NULL),
(1530, 77, 18, 1, 1, 1, 1, 1, '2023-04-12 13:20:44', NULL),
(1531, 77, 19, 1, 1, 1, 1, 1, '2023-04-12 13:20:44', NULL),
(1532, 77, 21, 1, 1, 1, 1, 1, '2023-04-12 13:20:44', NULL),
(1533, 77, 22, 1, 1, 1, 1, 1, '2023-04-12 13:20:44', NULL),
(1534, 77, 23, 1, 1, 1, 1, 1, '2023-04-12 13:20:44', NULL),
(1535, 77, 24, 1, 1, 1, 1, 1, '2023-04-12 13:20:44', NULL),
(1536, 77, 25, 1, 1, 1, 1, 1, '2023-04-12 13:20:44', NULL),
(1537, 77, 27, 1, 1, 1, 1, 1, '2023-04-12 13:20:44', NULL),
(1538, 77, 28, 1, 1, 1, 1, 1, '2023-04-12 13:20:44', NULL),
(1539, 77, 29, 1, 1, 1, 1, 1, '2023-04-12 13:20:44', NULL),
(1540, 77, 30, 1, 1, 1, 1, 1, '2023-04-12 13:20:44', NULL),
(1541, 78, 9, 1, 1, 1, 1, 1, '2023-04-12 13:20:44', NULL),
(1542, 78, 10, 1, 1, 1, 1, 1, '2023-04-12 13:20:44', NULL),
(1543, 78, 11, 1, 1, 1, 1, 1, '2023-04-12 13:20:44', NULL),
(1544, 78, 12, 1, 1, 1, 1, 1, '2023-04-12 13:20:44', NULL),
(1545, 78, 13, 1, 1, 1, 1, 1, '2023-04-12 13:20:44', NULL),
(1546, 78, 14, 1, 1, 1, 1, 1, '2023-04-12 13:20:44', NULL),
(1547, 78, 15, 1, 1, 1, 1, 1, '2023-04-12 13:20:44', NULL),
(1548, 78, 16, 1, 1, 1, 1, 1, '2023-04-12 13:20:44', NULL),
(1549, 78, 17, 1, 1, 1, 1, 1, '2023-04-12 13:20:44', NULL),
(1550, 78, 18, 1, 1, 1, 1, 1, '2023-04-12 13:20:44', NULL),
(1551, 78, 19, 1, 1, 1, 1, 1, '2023-04-12 13:20:44', NULL),
(1552, 78, 21, 1, 1, 1, 1, 1, '2023-04-12 13:20:44', NULL),
(1553, 78, 22, 1, 1, 1, 1, 1, '2023-04-12 13:20:44', NULL),
(1554, 78, 23, 1, 1, 1, 1, 1, '2023-04-12 13:20:44', NULL),
(1555, 78, 24, 1, 1, 1, 1, 1, '2023-04-12 13:20:44', NULL),
(1556, 78, 25, 1, 1, 1, 1, 1, '2023-04-12 13:20:44', NULL),
(1557, 78, 27, 1, 1, 1, 1, 1, '2023-04-12 13:20:44', NULL),
(1558, 78, 28, 1, 1, 1, 1, 1, '2023-04-12 13:20:44', NULL),
(1559, 78, 29, 1, 1, 1, 1, 1, '2023-04-12 13:20:44', NULL),
(1560, 78, 30, 1, 1, 1, 1, 1, '2023-04-12 13:20:44', NULL),
(1561, 79, 9, 1, 1, 1, 1, 1, '2023-04-12 13:20:44', NULL),
(1562, 79, 10, 1, 1, 1, 1, 1, '2023-04-12 13:20:44', NULL),
(1563, 79, 11, 1, 1, 1, 1, 1, '2023-04-12 13:20:44', NULL),
(1564, 79, 12, 1, 1, 1, 1, 1, '2023-04-12 13:20:45', NULL),
(1565, 79, 13, 1, 1, 1, 1, 1, '2023-04-12 13:20:45', NULL),
(1566, 79, 14, 1, 1, 1, 1, 1, '2023-04-12 13:20:45', NULL),
(1567, 79, 15, 1, 1, 1, 1, 1, '2023-04-12 13:20:45', NULL),
(1568, 79, 16, 1, 1, 1, 1, 1, '2023-04-12 13:20:45', NULL),
(1569, 79, 17, 1, 1, 1, 1, 1, '2023-04-12 13:20:45', NULL),
(1570, 79, 18, 1, 1, 1, 1, 1, '2023-04-12 13:20:45', NULL),
(1571, 79, 19, 1, 1, 1, 1, 1, '2023-04-12 13:20:45', NULL),
(1572, 79, 21, 1, 1, 1, 1, 1, '2023-04-12 13:20:45', NULL),
(1573, 79, 22, 1, 1, 1, 1, 1, '2023-04-12 13:20:45', NULL),
(1574, 79, 23, 1, 1, 1, 1, 1, '2023-04-12 13:20:45', NULL),
(1575, 79, 24, 1, 1, 1, 1, 1, '2023-04-12 13:20:45', NULL),
(1576, 79, 25, 1, 1, 1, 1, 1, '2023-04-12 13:20:45', NULL),
(1577, 79, 27, 1, 1, 1, 1, 1, '2023-04-12 13:20:45', NULL),
(1578, 79, 28, 1, 1, 1, 1, 1, '2023-04-12 13:20:45', NULL),
(1579, 79, 29, 1, 1, 1, 1, 1, '2023-04-12 13:20:45', NULL),
(1580, 79, 30, 1, 1, 1, 1, 1, '2023-04-12 13:20:45', NULL),
(1581, 80, 9, 1, 1, 1, 1, 1, '2023-04-12 13:20:45', NULL),
(1582, 80, 10, 1, 1, 1, 1, 1, '2023-04-12 13:20:45', NULL),
(1583, 80, 11, 1, 1, 1, 1, 1, '2023-04-12 13:20:45', NULL),
(1584, 80, 12, 1, 1, 1, 1, 1, '2023-04-12 13:20:45', NULL),
(1585, 80, 13, 1, 1, 1, 1, 1, '2023-04-12 13:20:45', NULL),
(1586, 80, 14, 1, 1, 1, 1, 1, '2023-04-12 13:20:45', NULL),
(1587, 80, 15, 1, 1, 1, 1, 1, '2023-04-12 13:20:45', NULL),
(1588, 80, 16, 1, 1, 1, 1, 1, '2023-04-12 13:20:45', NULL),
(1589, 80, 17, 1, 1, 1, 1, 1, '2023-04-12 13:20:45', NULL),
(1590, 80, 18, 1, 1, 1, 1, 1, '2023-04-12 13:20:45', NULL),
(1591, 80, 19, 1, 1, 1, 1, 1, '2023-04-12 13:20:45', NULL),
(1592, 80, 21, 1, 1, 1, 1, 1, '2023-04-12 13:20:45', NULL),
(1593, 80, 22, 1, 1, 1, 1, 1, '2023-04-12 13:20:45', NULL),
(1594, 80, 23, 1, 1, 1, 1, 1, '2023-04-12 13:20:45', NULL),
(1595, 80, 24, 1, 1, 1, 1, 1, '2023-04-12 13:20:45', NULL),
(1596, 80, 25, 1, 1, 1, 1, 1, '2023-04-12 13:20:45', NULL),
(1597, 80, 27, 1, 1, 1, 1, 1, '2023-04-12 13:20:45', NULL),
(1598, 80, 28, 1, 1, 1, 1, 1, '2023-04-12 13:20:45', NULL),
(1599, 80, 29, 1, 1, 1, 1, 1, '2023-04-12 13:20:45', NULL),
(1600, 80, 30, 1, 1, 1, 1, 1, '2023-04-12 13:20:45', NULL),
(1601, 81, 9, 1, 1, 1, 1, 1, '2023-04-12 13:20:45', NULL),
(1602, 81, 10, 1, 1, 1, 1, 1, '2023-04-12 13:20:45', NULL),
(1603, 81, 11, 1, 1, 1, 1, 1, '2023-04-12 13:20:45', NULL),
(1604, 81, 12, 1, 1, 1, 1, 1, '2023-04-12 13:20:45', NULL),
(1605, 81, 13, 1, 1, 1, 1, 1, '2023-04-12 13:20:45', NULL),
(1606, 81, 14, 1, 1, 1, 1, 1, '2023-04-12 13:20:45', NULL),
(1607, 81, 15, 1, 1, 1, 1, 1, '2023-04-12 13:20:45', NULL),
(1608, 81, 16, 1, 1, 1, 1, 1, '2023-04-12 13:20:45', NULL),
(1609, 81, 17, 1, 1, 1, 1, 1, '2023-04-12 13:20:45', NULL),
(1610, 81, 18, 1, 1, 1, 1, 1, '2023-04-12 13:20:45', NULL),
(1611, 81, 19, 1, 1, 1, 1, 1, '2023-04-12 13:20:45', NULL),
(1612, 81, 21, 1, 1, 1, 1, 1, '2023-04-12 13:20:45', NULL),
(1613, 81, 22, 1, 1, 1, 1, 1, '2023-04-12 13:20:45', NULL),
(1614, 81, 23, 1, 1, 1, 1, 1, '2023-04-12 13:20:45', NULL),
(1615, 81, 24, 1, 1, 1, 1, 1, '2023-04-12 13:20:45', NULL),
(1616, 81, 25, 1, 1, 1, 1, 1, '2023-04-12 13:20:45', NULL),
(1617, 81, 27, 1, 1, 1, 1, 1, '2023-04-12 13:20:45', NULL),
(1618, 81, 28, 1, 1, 1, 1, 1, '2023-04-12 13:20:45', NULL),
(1619, 81, 29, 1, 1, 1, 1, 1, '2023-04-12 13:20:45', NULL),
(1620, 81, 30, 1, 1, 1, 1, 1, '2023-04-12 13:20:45', NULL),
(1621, 82, 9, 1, 1, 1, 1, 1, '2023-04-12 13:20:45', NULL),
(1622, 82, 10, 1, 1, 1, 1, 1, '2023-04-12 13:20:45', NULL),
(1623, 82, 11, 1, 1, 1, 1, 1, '2023-04-12 13:20:45', NULL),
(1624, 82, 12, 1, 1, 1, 1, 1, '2023-04-12 13:20:45', NULL),
(1625, 82, 13, 1, 1, 1, 1, 1, '2023-04-12 13:20:45', NULL),
(1626, 82, 14, 1, 1, 1, 1, 1, '2023-04-12 13:20:45', NULL),
(1627, 82, 15, 1, 1, 1, 1, 1, '2023-04-12 13:20:45', NULL),
(1628, 82, 16, 1, 1, 1, 1, 1, '2023-04-12 13:20:45', NULL),
(1629, 82, 17, 1, 1, 1, 1, 1, '2023-04-12 13:20:45', NULL),
(1630, 82, 18, 1, 1, 1, 1, 1, '2023-04-12 13:20:45', NULL),
(1631, 82, 19, 1, 1, 1, 1, 1, '2023-04-12 13:20:45', NULL),
(1632, 82, 21, 1, 1, 1, 1, 1, '2023-04-12 13:20:45', NULL),
(1633, 82, 22, 1, 1, 1, 1, 1, '2023-04-12 13:20:45', NULL),
(1634, 82, 23, 1, 1, 1, 1, 1, '2023-04-12 13:20:45', NULL),
(1635, 82, 24, 1, 1, 1, 1, 1, '2023-04-12 13:20:45', NULL),
(1636, 82, 25, 1, 1, 1, 1, 1, '2023-04-12 13:20:45', NULL),
(1637, 82, 27, 1, 1, 1, 1, 1, '2023-04-12 13:20:45', NULL),
(1638, 82, 28, 1, 1, 1, 1, 1, '2023-04-12 13:20:45', NULL),
(1639, 82, 29, 1, 1, 1, 1, 1, '2023-04-12 13:20:45', NULL),
(1640, 82, 30, 1, 1, 1, 1, 1, '2023-04-12 13:20:45', NULL),
(1641, 83, 9, 1, 1, 1, 1, 1, '2023-04-12 13:20:45', NULL),
(1642, 83, 10, 1, 1, 1, 1, 1, '2023-04-12 13:20:45', NULL),
(1643, 83, 11, 1, 1, 1, 1, 1, '2023-04-12 13:20:45', NULL),
(1644, 83, 12, 1, 1, 1, 1, 1, '2023-04-12 13:20:45', NULL),
(1645, 83, 13, 1, 1, 1, 1, 1, '2023-04-12 13:20:45', NULL),
(1646, 83, 14, 1, 1, 1, 1, 1, '2023-04-12 13:20:45', NULL),
(1647, 83, 15, 1, 1, 1, 1, 1, '2023-04-12 13:20:45', NULL),
(1648, 83, 16, 1, 1, 1, 1, 1, '2023-04-12 13:20:45', NULL),
(1649, 83, 17, 1, 1, 1, 1, 1, '2023-04-12 13:20:45', NULL),
(1650, 83, 18, 1, 1, 1, 1, 1, '2023-04-12 13:20:45', NULL),
(1651, 83, 19, 1, 1, 1, 1, 1, '2023-04-12 13:20:45', NULL),
(1652, 83, 21, 1, 1, 1, 1, 1, '2023-04-12 13:20:45', NULL),
(1653, 83, 22, 1, 1, 1, 1, 1, '2023-04-12 13:20:45', NULL),
(1654, 83, 23, 1, 1, 1, 1, 1, '2023-04-12 13:20:45', NULL),
(1655, 83, 24, 1, 1, 1, 1, 1, '2023-04-12 13:20:45', NULL),
(1656, 83, 25, 1, 1, 1, 1, 1, '2023-04-12 13:20:45', NULL),
(1657, 83, 27, 1, 1, 1, 1, 1, '2023-04-12 13:20:45', NULL),
(1658, 83, 28, 1, 1, 1, 1, 1, '2023-04-12 13:20:45', NULL),
(1659, 83, 29, 1, 1, 1, 1, 1, '2023-04-12 13:20:45', NULL),
(1660, 83, 30, 1, 1, 1, 1, 1, '2023-04-12 13:20:45', NULL),
(1661, 84, 9, 1, 1, 1, 1, 1, '2023-04-12 13:20:45', NULL),
(1662, 84, 10, 1, 1, 1, 1, 1, '2023-04-12 13:20:45', NULL),
(1663, 84, 11, 1, 1, 1, 1, 1, '2023-04-12 13:20:45', NULL),
(1664, 84, 12, 1, 1, 1, 1, 1, '2023-04-12 13:20:45', NULL),
(1665, 84, 13, 1, 1, 1, 1, 1, '2023-04-12 13:20:45', NULL),
(1666, 84, 14, 1, 1, 1, 1, 1, '2023-04-12 13:20:45', NULL),
(1667, 84, 15, 1, 1, 1, 1, 1, '2023-04-12 13:20:45', NULL),
(1668, 84, 16, 1, 1, 1, 1, 1, '2023-04-12 13:20:45', NULL),
(1669, 84, 17, 1, 1, 1, 1, 1, '2023-04-12 13:20:45', NULL),
(1670, 84, 18, 1, 1, 1, 1, 1, '2023-04-12 13:20:45', NULL),
(1671, 84, 19, 1, 1, 1, 1, 1, '2023-04-12 13:20:45', NULL),
(1672, 84, 21, 1, 1, 1, 1, 1, '2023-04-12 13:20:45', NULL),
(1673, 84, 22, 1, 1, 1, 1, 1, '2023-04-12 13:20:45', NULL),
(1674, 84, 23, 1, 1, 1, 1, 1, '2023-04-12 13:20:45', NULL),
(1675, 84, 24, 1, 1, 1, 1, 1, '2023-04-12 13:20:45', NULL),
(1676, 84, 25, 1, 1, 1, 1, 1, '2023-04-12 13:20:45', NULL),
(1677, 84, 27, 1, 1, 1, 1, 1, '2023-04-12 13:20:45', NULL),
(1678, 84, 28, 1, 1, 1, 1, 1, '2023-04-12 13:20:45', NULL),
(1679, 84, 29, 1, 1, 1, 1, 1, '2023-04-12 13:20:45', NULL),
(1680, 84, 30, 1, 1, 1, 1, 1, '2023-04-12 13:20:45', NULL),
(1681, 85, 9, 1, 1, 1, 1, 1, '2023-04-12 13:20:45', NULL),
(1682, 85, 10, 1, 1, 1, 1, 1, '2023-04-12 13:20:45', NULL),
(1683, 85, 11, 1, 1, 1, 1, 1, '2023-04-12 13:20:45', NULL),
(1684, 85, 12, 1, 1, 1, 1, 1, '2023-04-12 13:20:45', NULL),
(1685, 85, 13, 1, 1, 1, 1, 1, '2023-04-12 13:20:45', NULL),
(1686, 85, 14, 1, 1, 1, 1, 1, '2023-04-12 13:20:45', NULL),
(1687, 85, 15, 1, 1, 1, 1, 1, '2023-04-12 13:20:45', NULL),
(1688, 85, 16, 1, 1, 1, 1, 1, '2023-04-12 13:20:45', NULL),
(1689, 85, 17, 1, 1, 1, 1, 1, '2023-04-12 13:20:45', NULL),
(1690, 85, 18, 1, 1, 1, 1, 1, '2023-04-12 13:20:45', NULL),
(1691, 85, 19, 1, 1, 1, 1, 1, '2023-04-12 13:20:45', NULL),
(1692, 85, 21, 1, 1, 1, 1, 1, '2023-04-12 13:20:45', NULL),
(1693, 85, 22, 1, 1, 1, 1, 1, '2023-04-12 13:20:45', NULL),
(1694, 85, 23, 1, 1, 1, 1, 1, '2023-04-12 13:20:45', NULL),
(1695, 85, 24, 1, 1, 1, 1, 1, '2023-04-12 13:20:45', NULL),
(1696, 85, 25, 1, 1, 1, 1, 1, '2023-04-12 13:20:45', NULL),
(1697, 85, 27, 1, 1, 1, 1, 1, '2023-04-12 13:20:45', NULL),
(1698, 85, 28, 1, 1, 1, 1, 1, '2023-04-12 13:20:45', NULL),
(1699, 85, 29, 1, 1, 1, 1, 1, '2023-04-12 13:20:45', NULL),
(1700, 85, 30, 1, 1, 1, 1, 1, '2023-04-12 13:20:45', NULL),
(1701, 86, 9, 1, 1, 1, 1, 1, '2023-04-12 13:20:45', NULL),
(1702, 86, 10, 1, 1, 1, 1, 1, '2023-04-12 13:20:45', NULL),
(1703, 86, 11, 1, 1, 1, 1, 1, '2023-04-12 13:20:45', NULL),
(1704, 86, 12, 1, 1, 1, 1, 1, '2023-04-12 13:20:45', NULL),
(1705, 86, 13, 1, 1, 1, 1, 1, '2023-04-12 13:20:45', NULL),
(1706, 86, 14, 1, 1, 1, 1, 1, '2023-04-12 13:20:45', NULL),
(1707, 86, 15, 1, 1, 1, 1, 1, '2023-04-12 13:20:45', NULL),
(1708, 86, 16, 1, 1, 1, 1, 1, '2023-04-12 13:20:45', NULL),
(1709, 86, 17, 1, 1, 1, 1, 1, '2023-04-12 13:20:45', NULL),
(1710, 86, 18, 1, 1, 1, 1, 1, '2023-04-12 13:20:45', NULL),
(1711, 86, 19, 1, 1, 1, 1, 1, '2023-04-12 13:20:45', NULL),
(1712, 86, 21, 1, 1, 1, 1, 1, '2023-04-12 13:20:45', NULL),
(1713, 86, 22, 1, 1, 1, 1, 1, '2023-04-12 13:20:45', NULL),
(1714, 86, 23, 1, 1, 1, 1, 1, '2023-04-12 13:20:45', NULL),
(1715, 86, 24, 1, 1, 1, 1, 1, '2023-04-12 13:20:45', NULL),
(1716, 86, 25, 1, 1, 1, 1, 1, '2023-04-12 13:20:45', NULL),
(1717, 86, 27, 1, 1, 1, 1, 1, '2023-04-12 13:20:45', NULL),
(1718, 86, 28, 1, 1, 1, 1, 1, '2023-04-12 13:20:45', NULL),
(1719, 86, 29, 1, 1, 1, 1, 1, '2023-04-12 13:20:45', NULL),
(1720, 86, 30, 1, 1, 1, 1, 1, '2023-04-12 13:20:45', NULL),
(1721, 87, 9, 1, 1, 1, 1, 1, '2023-04-12 13:20:45', NULL),
(1722, 87, 10, 1, 1, 1, 1, 1, '2023-04-12 13:20:45', NULL),
(1723, 87, 11, 1, 1, 1, 1, 1, '2023-04-12 13:20:45', NULL),
(1724, 87, 12, 1, 1, 1, 1, 1, '2023-04-12 13:20:45', NULL),
(1725, 87, 13, 1, 1, 1, 1, 1, '2023-04-12 13:20:45', NULL),
(1726, 87, 14, 1, 1, 1, 1, 1, '2023-04-12 13:20:45', NULL),
(1727, 87, 15, 1, 1, 1, 1, 1, '2023-04-12 13:20:45', NULL),
(1728, 87, 16, 1, 1, 1, 1, 1, '2023-04-12 13:20:45', NULL),
(1729, 87, 17, 1, 1, 1, 1, 1, '2023-04-12 13:20:45', NULL),
(1730, 87, 18, 1, 1, 1, 1, 1, '2023-04-12 13:20:45', NULL),
(1731, 87, 19, 1, 1, 1, 1, 1, '2023-04-12 13:20:45', NULL),
(1732, 87, 21, 1, 1, 1, 1, 1, '2023-04-12 13:20:45', NULL),
(1733, 87, 22, 1, 1, 1, 1, 1, '2023-04-12 13:20:45', NULL),
(1734, 87, 23, 1, 1, 1, 1, 1, '2023-04-12 13:20:45', NULL),
(1735, 87, 24, 1, 1, 1, 1, 1, '2023-04-12 13:20:45', NULL),
(1736, 87, 25, 1, 1, 1, 1, 1, '2023-04-12 13:20:45', NULL),
(1737, 87, 27, 1, 1, 1, 1, 1, '2023-04-12 13:20:45', NULL),
(1738, 87, 28, 1, 1, 1, 1, 1, '2023-04-12 13:20:45', NULL),
(1739, 87, 29, 1, 1, 1, 1, 1, '2023-04-12 13:20:45', NULL),
(1740, 87, 30, 1, 1, 1, 1, 1, '2023-04-12 13:20:45', NULL),
(1741, 88, 9, 1, 1, 1, 1, 1, '2023-04-12 13:20:45', NULL),
(1742, 88, 10, 1, 1, 1, 1, 1, '2023-04-12 13:20:45', NULL);
INSERT INTO `permiso_cargos` (`id`, `cargo_id`, `menu_id`, `listar`, `buscar`, `guardar`, `actualizar`, `borrar`, `created_at`, `updated_at`) VALUES
(1743, 88, 11, 1, 1, 1, 1, 1, '2023-04-12 13:20:45', NULL),
(1744, 88, 12, 1, 1, 1, 1, 1, '2023-04-12 13:20:45', NULL),
(1745, 88, 13, 1, 1, 1, 1, 1, '2023-04-12 13:20:45', NULL),
(1746, 88, 14, 1, 1, 1, 1, 1, '2023-04-12 13:20:45', NULL),
(1747, 88, 15, 1, 1, 1, 1, 1, '2023-04-12 13:20:45', NULL),
(1748, 88, 16, 1, 1, 1, 1, 1, '2023-04-12 13:20:45', NULL),
(1749, 88, 17, 1, 1, 1, 1, 1, '2023-04-12 13:20:45', NULL),
(1750, 88, 18, 1, 1, 1, 1, 1, '2023-04-12 13:20:45', NULL),
(1751, 88, 19, 1, 1, 1, 1, 1, '2023-04-12 13:20:45', NULL),
(1752, 88, 21, 1, 1, 1, 1, 1, '2023-04-12 13:20:46', NULL),
(1753, 88, 22, 1, 1, 1, 1, 1, '2023-04-12 13:20:46', NULL),
(1754, 88, 23, 1, 1, 1, 1, 1, '2023-04-12 13:20:46', NULL),
(1755, 88, 24, 1, 1, 1, 1, 1, '2023-04-12 13:20:46', NULL),
(1756, 88, 25, 1, 1, 1, 1, 1, '2023-04-12 13:20:46', NULL),
(1757, 88, 27, 1, 1, 1, 1, 1, '2023-04-12 13:20:46', NULL),
(1758, 88, 28, 1, 1, 1, 1, 1, '2023-04-12 13:20:46', NULL),
(1759, 88, 29, 1, 1, 1, 1, 1, '2023-04-12 13:20:46', NULL),
(1760, 88, 30, 1, 1, 1, 1, 1, '2023-04-12 13:20:46', NULL),
(1761, 89, 9, 1, 1, 1, 1, 1, '2023-04-12 13:20:46', NULL),
(1762, 89, 10, 1, 1, 1, 1, 1, '2023-04-12 13:20:46', NULL),
(1763, 89, 11, 1, 1, 1, 1, 1, '2023-04-12 13:20:46', NULL),
(1764, 89, 12, 1, 1, 1, 1, 1, '2023-04-12 13:20:46', NULL),
(1765, 89, 13, 1, 1, 1, 1, 1, '2023-04-12 13:20:46', NULL),
(1766, 89, 14, 1, 1, 1, 1, 1, '2023-04-12 13:20:46', NULL),
(1767, 89, 15, 1, 1, 1, 1, 1, '2023-04-12 13:20:46', NULL),
(1768, 89, 16, 1, 1, 1, 1, 1, '2023-04-12 13:20:46', NULL),
(1769, 89, 17, 1, 1, 1, 1, 1, '2023-04-12 13:20:46', NULL),
(1770, 89, 18, 1, 1, 1, 1, 1, '2023-04-12 13:20:46', NULL),
(1771, 89, 19, 1, 1, 1, 1, 1, '2023-04-12 13:20:46', NULL),
(1772, 89, 21, 1, 1, 1, 1, 1, '2023-04-12 13:20:46', NULL),
(1773, 89, 22, 1, 1, 1, 1, 1, '2023-04-12 13:20:46', NULL),
(1774, 89, 23, 1, 1, 1, 1, 1, '2023-04-12 13:20:46', NULL),
(1775, 89, 24, 1, 1, 1, 1, 1, '2023-04-12 13:20:46', NULL),
(1776, 89, 25, 1, 1, 1, 1, 1, '2023-04-12 13:20:46', NULL),
(1777, 89, 27, 1, 1, 1, 1, 1, '2023-04-12 13:20:46', NULL),
(1778, 89, 28, 1, 1, 1, 1, 1, '2023-04-12 13:20:46', NULL),
(1779, 89, 29, 1, 1, 1, 1, 1, '2023-04-12 13:20:46', NULL),
(1780, 89, 30, 1, 1, 1, 1, 1, '2023-04-12 13:20:46', NULL),
(1781, 90, 9, 1, 1, 1, 1, 1, '2023-04-12 13:20:46', NULL),
(1782, 90, 10, 1, 1, 1, 1, 1, '2023-04-12 13:20:46', NULL),
(1783, 90, 11, 1, 1, 1, 1, 1, '2023-04-12 13:20:46', NULL),
(1784, 90, 12, 1, 1, 1, 1, 1, '2023-04-12 13:20:46', NULL),
(1785, 90, 13, 1, 1, 1, 1, 1, '2023-04-12 13:20:46', NULL),
(1786, 90, 14, 1, 1, 1, 1, 1, '2023-04-12 13:20:46', NULL),
(1787, 90, 15, 1, 1, 1, 1, 1, '2023-04-12 13:20:46', NULL),
(1788, 90, 16, 1, 1, 1, 1, 1, '2023-04-12 13:20:46', NULL),
(1789, 90, 17, 1, 1, 1, 1, 1, '2023-04-12 13:20:46', NULL),
(1790, 90, 18, 1, 1, 1, 1, 1, '2023-04-12 13:20:46', NULL),
(1791, 90, 19, 1, 1, 1, 1, 1, '2023-04-12 13:20:46', NULL),
(1792, 90, 21, 1, 1, 1, 1, 1, '2023-04-12 13:20:46', NULL),
(1793, 90, 22, 1, 1, 1, 1, 1, '2023-04-12 13:20:46', NULL),
(1794, 90, 23, 1, 1, 1, 1, 1, '2023-04-12 13:20:46', NULL),
(1795, 90, 24, 1, 1, 1, 1, 1, '2023-04-12 13:20:46', NULL),
(1796, 90, 25, 1, 1, 1, 1, 1, '2023-04-12 13:20:46', NULL),
(1797, 90, 27, 1, 1, 1, 1, 1, '2023-04-12 13:20:46', NULL),
(1798, 90, 28, 1, 1, 1, 1, 1, '2023-04-12 13:20:46', NULL),
(1799, 90, 29, 1, 1, 1, 1, 1, '2023-04-12 13:20:46', NULL),
(1800, 90, 30, 1, 1, 1, 1, 1, '2023-04-12 13:20:46', NULL),
(1801, 91, 9, 1, 1, 1, 1, 1, '2023-04-12 13:20:46', NULL),
(1802, 91, 10, 1, 1, 1, 1, 1, '2023-04-12 13:20:46', NULL),
(1803, 91, 11, 1, 1, 1, 1, 1, '2023-04-12 13:20:46', NULL),
(1804, 91, 12, 1, 1, 1, 1, 1, '2023-04-12 13:20:46', NULL),
(1805, 91, 13, 1, 1, 1, 1, 1, '2023-04-12 13:20:46', NULL),
(1806, 91, 14, 1, 1, 1, 1, 1, '2023-04-12 13:20:46', NULL),
(1807, 91, 15, 1, 1, 1, 1, 1, '2023-04-12 13:20:46', NULL),
(1808, 91, 16, 1, 1, 1, 1, 1, '2023-04-12 13:20:46', NULL),
(1809, 91, 17, 1, 1, 1, 1, 1, '2023-04-12 13:20:46', NULL),
(1810, 91, 18, 1, 1, 1, 1, 1, '2023-04-12 13:20:46', NULL),
(1811, 91, 19, 1, 1, 1, 1, 1, '2023-04-12 13:20:46', NULL),
(1812, 91, 21, 1, 1, 1, 1, 1, '2023-04-12 13:20:46', NULL),
(1813, 91, 22, 1, 1, 1, 1, 1, '2023-04-12 13:20:46', NULL),
(1814, 91, 23, 1, 1, 1, 1, 1, '2023-04-12 13:20:46', NULL),
(1815, 91, 24, 1, 1, 1, 1, 1, '2023-04-12 13:20:46', NULL),
(1816, 91, 25, 1, 1, 1, 1, 1, '2023-04-12 13:20:46', NULL),
(1817, 91, 27, 1, 1, 1, 1, 1, '2023-04-12 13:20:46', NULL),
(1818, 91, 28, 1, 1, 1, 1, 1, '2023-04-12 13:20:46', NULL),
(1819, 91, 29, 1, 1, 1, 1, 1, '2023-04-12 13:20:46', NULL),
(1820, 91, 30, 1, 1, 1, 1, 1, '2023-04-12 13:20:46', NULL),
(1821, 92, 9, 1, 1, 1, 1, 1, '2023-04-12 13:20:46', NULL),
(1822, 92, 10, 1, 1, 1, 1, 1, '2023-04-12 13:20:46', NULL),
(1823, 92, 11, 1, 1, 1, 1, 1, '2023-04-12 13:20:46', NULL),
(1824, 92, 12, 1, 1, 1, 1, 1, '2023-04-12 13:20:46', NULL),
(1825, 92, 13, 1, 1, 1, 1, 1, '2023-04-12 13:20:46', NULL),
(1826, 92, 14, 1, 1, 1, 1, 1, '2023-04-12 13:20:46', NULL),
(1827, 92, 15, 1, 1, 1, 1, 1, '2023-04-12 13:20:46', NULL),
(1828, 92, 16, 1, 1, 1, 1, 1, '2023-04-12 13:20:46', NULL),
(1829, 92, 17, 1, 1, 1, 1, 1, '2023-04-12 13:20:46', NULL),
(1830, 92, 18, 1, 1, 1, 1, 1, '2023-04-12 13:20:46', NULL),
(1831, 92, 19, 1, 1, 1, 1, 1, '2023-04-12 13:20:46', NULL),
(1832, 92, 21, 1, 1, 1, 1, 1, '2023-04-12 13:20:46', NULL),
(1833, 92, 22, 1, 1, 1, 1, 1, '2023-04-12 13:20:46', NULL),
(1834, 92, 23, 1, 1, 1, 1, 1, '2023-04-12 13:20:46', NULL),
(1835, 92, 24, 1, 1, 1, 1, 1, '2023-04-12 13:20:46', NULL),
(1836, 92, 25, 1, 1, 1, 1, 1, '2023-04-12 13:20:46', NULL),
(1837, 92, 27, 1, 1, 1, 1, 1, '2023-04-12 13:20:46', NULL),
(1838, 92, 28, 1, 1, 1, 1, 1, '2023-04-12 13:20:46', NULL),
(1839, 92, 29, 1, 1, 1, 1, 1, '2023-04-12 13:20:46', NULL),
(1840, 92, 30, 1, 1, 1, 1, 1, '2023-04-12 13:20:46', NULL),
(1841, 93, 9, 1, 1, 1, 1, 1, '2023-04-12 13:20:46', NULL),
(1842, 93, 10, 1, 1, 1, 1, 1, '2023-04-12 13:20:46', NULL),
(1843, 93, 11, 1, 1, 1, 1, 1, '2023-04-12 13:20:46', NULL),
(1844, 93, 12, 1, 1, 1, 1, 1, '2023-04-12 13:20:46', NULL),
(1845, 93, 13, 1, 1, 1, 1, 1, '2023-04-12 13:20:46', NULL),
(1846, 93, 14, 1, 1, 1, 1, 1, '2023-04-12 13:20:46', NULL),
(1847, 93, 15, 1, 1, 1, 1, 1, '2023-04-12 13:20:46', NULL),
(1848, 93, 16, 1, 1, 1, 1, 1, '2023-04-12 13:20:46', NULL),
(1849, 93, 17, 1, 1, 1, 1, 1, '2023-04-12 13:20:46', NULL),
(1850, 93, 18, 1, 1, 1, 1, 1, '2023-04-12 13:20:46', NULL),
(1851, 93, 19, 1, 1, 1, 1, 1, '2023-04-12 13:20:46', NULL),
(1852, 93, 21, 1, 1, 1, 1, 1, '2023-04-12 13:20:46', NULL),
(1853, 93, 22, 1, 1, 1, 1, 1, '2023-04-12 13:20:46', NULL),
(1854, 93, 23, 1, 1, 1, 1, 1, '2023-04-12 13:20:46', NULL),
(1855, 93, 24, 1, 1, 1, 1, 1, '2023-04-12 13:20:46', NULL),
(1856, 93, 25, 1, 1, 1, 1, 1, '2023-04-12 13:20:46', NULL),
(1857, 93, 27, 1, 1, 1, 1, 1, '2023-04-12 13:20:46', NULL),
(1858, 93, 28, 1, 1, 1, 1, 1, '2023-04-12 13:20:46', NULL),
(1859, 93, 29, 1, 1, 1, 1, 1, '2023-04-12 13:20:46', NULL),
(1860, 93, 30, 1, 1, 1, 1, 1, '2023-04-12 13:20:46', NULL),
(1861, 94, 9, 1, 1, 1, 1, 1, '2023-04-12 13:20:46', NULL),
(1862, 94, 10, 1, 1, 1, 1, 1, '2023-04-12 13:20:46', NULL),
(1863, 94, 11, 1, 1, 1, 1, 1, '2023-04-12 13:20:46', NULL),
(1864, 94, 12, 1, 1, 1, 1, 1, '2023-04-12 13:20:46', NULL),
(1865, 94, 13, 1, 1, 1, 1, 1, '2023-04-12 13:20:46', NULL),
(1866, 94, 14, 1, 1, 1, 1, 1, '2023-04-12 13:20:46', NULL),
(1867, 94, 15, 1, 1, 1, 1, 1, '2023-04-12 13:20:46', NULL),
(1868, 94, 16, 1, 1, 1, 1, 1, '2023-04-12 13:20:46', NULL),
(1869, 94, 17, 1, 1, 1, 1, 1, '2023-04-12 13:20:46', NULL),
(1870, 94, 18, 1, 1, 1, 1, 1, '2023-04-12 13:20:46', NULL),
(1871, 94, 19, 1, 1, 1, 1, 1, '2023-04-12 13:20:46', NULL),
(1872, 94, 21, 1, 1, 1, 1, 1, '2023-04-12 13:20:46', NULL),
(1873, 94, 22, 1, 1, 1, 1, 1, '2023-04-12 13:20:46', NULL),
(1874, 94, 23, 1, 1, 1, 1, 1, '2023-04-12 13:20:46', NULL),
(1875, 94, 24, 1, 1, 1, 1, 1, '2023-04-12 13:20:46', NULL),
(1876, 94, 25, 1, 1, 1, 1, 1, '2023-04-12 13:20:46', NULL),
(1877, 94, 27, 1, 1, 1, 1, 1, '2023-04-12 13:20:46', NULL),
(1878, 94, 28, 1, 1, 1, 1, 1, '2023-04-12 13:20:46', NULL),
(1879, 94, 29, 1, 1, 1, 1, 1, '2023-04-12 13:20:46', NULL),
(1880, 94, 30, 1, 1, 1, 1, 1, '2023-04-12 13:20:46', NULL),
(1881, 95, 9, 1, 1, 1, 1, 1, '2023-04-12 13:20:46', NULL),
(1882, 95, 10, 1, 1, 1, 1, 1, '2023-04-12 13:20:46', NULL),
(1883, 95, 11, 1, 1, 1, 1, 1, '2023-04-12 13:20:46', NULL),
(1884, 95, 12, 1, 1, 1, 1, 1, '2023-04-12 13:20:46', NULL),
(1885, 95, 13, 1, 1, 1, 1, 1, '2023-04-12 13:20:46', NULL),
(1886, 95, 14, 1, 1, 1, 1, 1, '2023-04-12 13:20:46', NULL),
(1887, 95, 15, 1, 1, 1, 1, 1, '2023-04-12 13:20:46', NULL),
(1888, 95, 16, 1, 1, 1, 1, 1, '2023-04-12 13:20:46', NULL),
(1889, 95, 17, 1, 1, 1, 1, 1, '2023-04-12 13:20:46', NULL),
(1890, 95, 18, 1, 1, 1, 1, 1, '2023-04-12 13:20:46', NULL),
(1891, 95, 19, 1, 1, 1, 1, 1, '2023-04-12 13:20:46', NULL),
(1892, 95, 21, 1, 1, 1, 1, 1, '2023-04-12 13:20:46', NULL),
(1893, 95, 22, 1, 1, 1, 1, 1, '2023-04-12 13:20:46', NULL),
(1894, 95, 23, 1, 1, 1, 1, 1, '2023-04-12 13:20:46', NULL),
(1895, 95, 24, 1, 1, 1, 1, 1, '2023-04-12 13:20:46', NULL),
(1896, 95, 25, 1, 1, 1, 1, 1, '2023-04-12 13:20:46', NULL),
(1897, 95, 27, 1, 1, 1, 1, 1, '2023-04-12 13:20:46', NULL),
(1898, 95, 28, 1, 1, 1, 1, 1, '2023-04-12 13:20:46', NULL),
(1899, 95, 29, 1, 1, 1, 1, 1, '2023-04-12 13:20:46', NULL),
(1900, 95, 30, 1, 1, 1, 1, 1, '2023-04-12 13:20:46', NULL),
(1901, 96, 9, 1, 1, 1, 1, 1, '2023-04-12 13:20:46', NULL),
(1902, 96, 10, 1, 1, 1, 1, 1, '2023-04-12 13:20:46', NULL),
(1903, 96, 11, 1, 1, 1, 1, 1, '2023-04-12 13:20:46', NULL),
(1904, 96, 12, 1, 1, 1, 1, 1, '2023-04-12 13:20:46', NULL),
(1905, 96, 13, 1, 1, 1, 1, 1, '2023-04-12 13:20:46', NULL),
(1906, 96, 14, 1, 1, 1, 1, 1, '2023-04-12 13:20:46', NULL),
(1907, 96, 15, 1, 1, 1, 1, 1, '2023-04-12 13:20:46', NULL),
(1908, 96, 16, 1, 1, 1, 1, 1, '2023-04-12 13:20:46', NULL),
(1909, 96, 17, 1, 1, 1, 1, 1, '2023-04-12 13:20:46', NULL),
(1910, 96, 18, 1, 1, 1, 1, 1, '2023-04-12 13:20:46', NULL),
(1911, 96, 19, 1, 1, 1, 1, 1, '2023-04-12 13:20:46', NULL),
(1912, 96, 21, 1, 1, 1, 1, 1, '2023-04-12 13:20:46', NULL),
(1913, 96, 22, 1, 1, 1, 1, 1, '2023-04-12 13:20:46', NULL),
(1914, 96, 23, 1, 1, 1, 1, 1, '2023-04-12 13:20:46', NULL),
(1915, 96, 24, 1, 1, 1, 1, 1, '2023-04-12 13:20:46', NULL),
(1916, 96, 25, 1, 1, 1, 1, 1, '2023-04-12 13:20:46', NULL),
(1917, 96, 27, 1, 1, 1, 1, 1, '2023-04-12 13:20:46', NULL),
(1918, 96, 28, 1, 1, 1, 1, 1, '2023-04-12 13:20:46', NULL),
(1919, 96, 29, 1, 1, 1, 1, 1, '2023-04-12 13:20:46', NULL),
(1920, 96, 30, 1, 1, 1, 1, 1, '2023-04-12 13:20:46', NULL),
(1921, 97, 9, 1, 1, 1, 1, 1, '2023-04-12 13:20:46', NULL),
(1922, 97, 10, 1, 1, 1, 1, 1, '2023-04-12 13:20:46', NULL),
(1923, 97, 11, 1, 1, 1, 1, 1, '2023-04-12 13:20:46', NULL),
(1924, 97, 12, 1, 1, 1, 1, 1, '2023-04-12 13:20:46', NULL),
(1925, 97, 13, 1, 1, 1, 1, 1, '2023-04-12 13:20:46', NULL),
(1926, 97, 14, 1, 1, 1, 1, 1, '2023-04-12 13:20:46', NULL),
(1927, 97, 15, 1, 1, 1, 1, 1, '2023-04-12 13:20:46', NULL),
(1928, 97, 16, 1, 1, 1, 1, 1, '2023-04-12 13:20:46', NULL),
(1929, 97, 17, 1, 1, 1, 1, 1, '2023-04-12 13:20:46', NULL),
(1930, 97, 18, 1, 1, 1, 1, 1, '2023-04-12 13:20:46', NULL),
(1931, 97, 19, 1, 1, 1, 1, 1, '2023-04-12 13:20:46', NULL),
(1932, 97, 21, 1, 1, 1, 1, 1, '2023-04-12 13:20:46', NULL),
(1933, 97, 22, 1, 1, 1, 1, 1, '2023-04-12 13:20:46', NULL),
(1934, 97, 23, 1, 1, 1, 1, 1, '2023-04-12 13:20:46', NULL),
(1935, 97, 24, 1, 1, 1, 1, 1, '2023-04-12 13:20:46', NULL),
(1936, 97, 25, 1, 1, 1, 1, 1, '2023-04-12 13:20:46', NULL),
(1937, 97, 27, 1, 1, 1, 1, 1, '2023-04-12 13:20:47', NULL),
(1938, 97, 28, 1, 1, 1, 1, 1, '2023-04-12 13:20:47', NULL),
(1939, 97, 29, 1, 1, 1, 1, 1, '2023-04-12 13:20:47', NULL),
(1940, 97, 30, 1, 1, 1, 1, 1, '2023-04-12 13:20:47', NULL),
(1941, 98, 9, 1, 1, 1, 1, 1, '2023-04-12 13:20:47', NULL),
(1942, 98, 10, 1, 1, 1, 1, 1, '2023-04-12 13:20:47', NULL),
(1943, 98, 11, 1, 1, 1, 1, 1, '2023-04-12 13:20:47', NULL),
(1944, 98, 12, 1, 1, 1, 1, 1, '2023-04-12 13:20:47', NULL),
(1945, 98, 13, 1, 1, 1, 1, 1, '2023-04-12 13:20:47', NULL),
(1946, 98, 14, 1, 1, 1, 1, 1, '2023-04-12 13:20:47', NULL),
(1947, 98, 15, 1, 1, 1, 1, 1, '2023-04-12 13:20:47', NULL),
(1948, 98, 16, 1, 1, 1, 1, 1, '2023-04-12 13:20:47', NULL),
(1949, 98, 17, 1, 1, 1, 1, 1, '2023-04-12 13:20:47', NULL),
(1950, 98, 18, 1, 1, 1, 1, 1, '2023-04-12 13:20:47', NULL),
(1951, 98, 19, 1, 1, 1, 1, 1, '2023-04-12 13:20:47', NULL),
(1952, 98, 21, 1, 1, 1, 1, 1, '2023-04-12 13:20:47', NULL),
(1953, 98, 22, 1, 1, 1, 1, 1, '2023-04-12 13:20:47', NULL),
(1954, 98, 23, 1, 1, 1, 1, 1, '2023-04-12 13:20:47', NULL),
(1955, 98, 24, 1, 1, 1, 1, 1, '2023-04-12 13:20:47', NULL),
(1956, 98, 25, 1, 1, 1, 1, 1, '2023-04-12 13:20:47', NULL),
(1957, 98, 27, 1, 1, 1, 1, 1, '2023-04-12 13:20:47', NULL),
(1958, 98, 28, 1, 1, 1, 1, 1, '2023-04-12 13:20:47', NULL),
(1959, 98, 29, 1, 1, 1, 1, 1, '2023-04-12 13:20:47', NULL),
(1960, 98, 30, 1, 1, 1, 1, 1, '2023-04-12 13:20:47', NULL),
(1961, 99, 9, 1, 1, 1, 1, 1, '2023-04-12 13:20:47', NULL),
(1962, 99, 10, 1, 1, 1, 1, 1, '2023-04-12 13:20:47', NULL),
(1963, 99, 11, 1, 1, 1, 1, 1, '2023-04-12 13:20:47', NULL),
(1964, 99, 12, 1, 1, 1, 1, 1, '2023-04-12 13:20:47', NULL),
(1965, 99, 13, 1, 1, 1, 1, 1, '2023-04-12 13:20:47', NULL),
(1966, 99, 14, 1, 1, 1, 1, 1, '2023-04-12 13:20:47', NULL),
(1967, 99, 15, 1, 1, 1, 1, 1, '2023-04-12 13:20:47', NULL),
(1968, 99, 16, 1, 1, 1, 1, 1, '2023-04-12 13:20:47', NULL),
(1969, 99, 17, 1, 1, 1, 1, 1, '2023-04-12 13:20:47', NULL),
(1970, 99, 18, 1, 1, 1, 1, 1, '2023-04-12 13:20:47', NULL),
(1971, 99, 19, 1, 1, 1, 1, 1, '2023-04-12 13:20:47', NULL),
(1972, 99, 21, 1, 1, 1, 1, 1, '2023-04-12 13:20:47', NULL),
(1973, 99, 22, 1, 1, 1, 1, 1, '2023-04-12 13:20:47', NULL),
(1974, 99, 23, 1, 1, 1, 1, 1, '2023-04-12 13:20:47', NULL),
(1975, 99, 24, 1, 1, 1, 1, 1, '2023-04-12 13:20:47', NULL),
(1976, 99, 25, 1, 1, 1, 1, 1, '2023-04-12 13:20:47', NULL),
(1977, 99, 27, 1, 1, 1, 1, 1, '2023-04-12 13:20:47', NULL),
(1978, 99, 28, 1, 1, 1, 1, 1, '2023-04-12 13:20:47', NULL),
(1979, 99, 29, 1, 1, 1, 1, 1, '2023-04-12 13:20:47', NULL),
(1980, 99, 30, 1, 1, 1, 1, 1, '2023-04-12 13:20:47', NULL),
(1981, 100, 9, 1, 1, 1, 1, 1, '2023-04-12 13:20:47', NULL),
(1982, 100, 10, 1, 1, 1, 1, 1, '2023-04-12 13:20:47', NULL),
(1983, 100, 11, 1, 1, 1, 1, 1, '2023-04-12 13:20:47', NULL),
(1984, 100, 12, 1, 1, 1, 1, 1, '2023-04-12 13:20:47', NULL),
(1985, 100, 13, 1, 1, 1, 1, 1, '2023-04-12 13:20:47', NULL),
(1986, 100, 14, 1, 1, 1, 1, 1, '2023-04-12 13:20:47', NULL),
(1987, 100, 15, 1, 1, 1, 1, 1, '2023-04-12 13:20:47', NULL),
(1988, 100, 16, 1, 1, 1, 1, 1, '2023-04-12 13:20:47', NULL),
(1989, 100, 17, 1, 1, 1, 1, 1, '2023-04-12 13:20:47', NULL),
(1990, 100, 18, 1, 1, 1, 1, 1, '2023-04-12 13:20:47', NULL),
(1991, 100, 19, 1, 1, 1, 1, 1, '2023-04-12 13:20:47', NULL),
(1992, 100, 21, 1, 1, 1, 1, 1, '2023-04-12 13:20:47', NULL),
(1993, 100, 22, 1, 1, 1, 1, 1, '2023-04-12 13:20:47', NULL),
(1994, 100, 23, 1, 1, 1, 1, 1, '2023-04-12 13:20:47', NULL),
(1995, 100, 24, 1, 1, 1, 1, 1, '2023-04-12 13:20:47', NULL),
(1996, 100, 25, 1, 1, 1, 1, 1, '2023-04-12 13:20:47', NULL),
(1997, 100, 27, 1, 1, 1, 1, 1, '2023-04-12 13:20:47', NULL),
(1998, 100, 28, 1, 1, 1, 1, 1, '2023-04-12 13:20:47', NULL),
(1999, 100, 29, 1, 1, 1, 1, 1, '2023-04-12 13:20:47', NULL),
(2000, 100, 30, 1, 1, 1, 1, 1, '2023-04-12 13:20:47', NULL),
(2001, 101, 9, 1, 1, 1, 1, 1, '2023-04-12 13:20:47', NULL),
(2002, 101, 10, 1, 1, 1, 1, 1, '2023-04-12 13:20:47', NULL),
(2003, 101, 11, 1, 1, 1, 1, 1, '2023-04-12 13:20:47', NULL),
(2004, 101, 12, 1, 1, 1, 1, 1, '2023-04-12 13:20:47', NULL),
(2005, 101, 13, 1, 1, 1, 1, 1, '2023-04-12 13:20:47', NULL),
(2006, 101, 14, 1, 1, 1, 1, 1, '2023-04-12 13:20:47', NULL),
(2007, 101, 15, 1, 1, 1, 1, 1, '2023-04-12 13:20:47', NULL),
(2008, 101, 16, 1, 1, 1, 1, 1, '2023-04-12 13:20:47', NULL),
(2009, 101, 17, 1, 1, 1, 1, 1, '2023-04-12 13:20:47', NULL),
(2010, 101, 18, 1, 1, 1, 1, 1, '2023-04-12 13:20:47', NULL),
(2011, 101, 19, 1, 1, 1, 1, 1, '2023-04-12 13:20:47', NULL),
(2012, 101, 21, 1, 1, 1, 1, 1, '2023-04-12 13:20:47', NULL),
(2013, 101, 22, 1, 1, 1, 1, 1, '2023-04-12 13:20:47', NULL),
(2014, 101, 23, 1, 1, 1, 1, 1, '2023-04-12 13:20:47', NULL),
(2015, 101, 24, 1, 1, 1, 1, 1, '2023-04-12 13:20:47', NULL),
(2016, 101, 25, 1, 1, 1, 1, 1, '2023-04-12 13:20:47', NULL),
(2017, 101, 27, 1, 1, 1, 1, 1, '2023-04-12 13:20:47', NULL),
(2018, 101, 28, 1, 1, 1, 1, 1, '2023-04-12 13:20:47', NULL),
(2019, 101, 29, 1, 1, 1, 1, 1, '2023-04-12 13:20:47', NULL),
(2020, 101, 30, 1, 1, 1, 1, 1, '2023-04-12 13:20:47', NULL),
(2021, 102, 9, 1, 1, 1, 1, 1, '2023-04-12 13:20:47', NULL),
(2022, 102, 10, 1, 1, 1, 1, 1, '2023-04-12 13:20:47', NULL),
(2023, 102, 11, 1, 1, 1, 1, 1, '2023-04-12 13:20:47', NULL),
(2024, 102, 12, 1, 1, 1, 1, 1, '2023-04-12 13:20:47', NULL),
(2025, 102, 13, 1, 1, 1, 1, 1, '2023-04-12 13:20:47', NULL),
(2026, 102, 14, 1, 1, 1, 1, 1, '2023-04-12 13:20:47', NULL),
(2027, 102, 15, 1, 1, 1, 1, 1, '2023-04-12 13:20:47', NULL),
(2028, 102, 16, 1, 1, 1, 1, 1, '2023-04-12 13:20:47', NULL),
(2029, 102, 17, 1, 1, 1, 1, 1, '2023-04-12 13:20:47', NULL),
(2030, 102, 18, 1, 1, 1, 1, 1, '2023-04-12 13:20:47', NULL),
(2031, 102, 19, 1, 1, 1, 1, 1, '2023-04-12 13:20:47', NULL),
(2032, 102, 21, 1, 1, 1, 1, 1, '2023-04-12 13:20:47', NULL),
(2033, 102, 22, 1, 1, 1, 1, 1, '2023-04-12 13:20:47', NULL),
(2034, 102, 23, 1, 1, 1, 1, 1, '2023-04-12 13:20:47', NULL),
(2035, 102, 24, 1, 1, 1, 1, 1, '2023-04-12 13:20:47', NULL),
(2036, 102, 25, 1, 1, 1, 1, 1, '2023-04-12 13:20:47', NULL),
(2037, 102, 27, 1, 1, 1, 1, 1, '2023-04-12 13:20:47', NULL),
(2038, 102, 28, 1, 1, 1, 1, 1, '2023-04-12 13:20:47', NULL),
(2039, 102, 29, 1, 1, 1, 1, 1, '2023-04-12 13:20:47', NULL),
(2040, 102, 30, 1, 1, 1, 1, 1, '2023-04-12 13:20:47', NULL),
(2041, 103, 9, 1, 1, 1, 1, 1, '2023-04-12 13:20:47', NULL),
(2042, 103, 10, 1, 1, 1, 1, 1, '2023-04-12 13:20:47', NULL),
(2043, 103, 11, 1, 1, 1, 1, 1, '2023-04-12 13:20:47', NULL),
(2044, 103, 12, 1, 1, 1, 1, 1, '2023-04-12 13:20:47', NULL),
(2045, 103, 13, 1, 1, 1, 1, 1, '2023-04-12 13:20:47', NULL),
(2046, 103, 14, 1, 1, 1, 1, 1, '2023-04-12 13:20:47', NULL),
(2047, 103, 15, 1, 1, 1, 1, 1, '2023-04-12 13:20:47', NULL),
(2048, 103, 16, 1, 1, 1, 1, 1, '2023-04-12 13:20:47', NULL),
(2049, 103, 17, 1, 1, 1, 1, 1, '2023-04-12 13:20:47', NULL),
(2050, 103, 18, 1, 1, 1, 1, 1, '2023-04-12 13:20:47', NULL),
(2051, 103, 19, 1, 1, 1, 1, 1, '2023-04-12 13:20:47', NULL),
(2052, 103, 21, 1, 1, 1, 1, 1, '2023-04-12 13:20:47', NULL),
(2053, 103, 22, 1, 1, 1, 1, 1, '2023-04-12 13:20:47', NULL),
(2054, 103, 23, 1, 1, 1, 1, 1, '2023-04-12 13:20:47', NULL),
(2055, 103, 24, 1, 1, 1, 1, 1, '2023-04-12 13:20:47', NULL),
(2056, 103, 25, 1, 1, 1, 1, 1, '2023-04-12 13:20:47', NULL),
(2057, 103, 27, 1, 1, 1, 1, 1, '2023-04-12 13:20:47', NULL),
(2058, 103, 28, 1, 1, 1, 1, 1, '2023-04-12 13:20:47', NULL),
(2059, 103, 29, 1, 1, 1, 1, 1, '2023-04-12 13:20:47', NULL),
(2060, 103, 30, 1, 1, 1, 1, 1, '2023-04-12 13:20:47', NULL),
(2061, 104, 9, 1, 1, 1, 1, 1, '2023-04-12 13:20:47', NULL),
(2062, 104, 10, 1, 1, 1, 1, 1, '2023-04-12 13:20:47', NULL),
(2063, 104, 11, 1, 1, 1, 1, 1, '2023-04-12 13:20:47', NULL),
(2064, 104, 12, 1, 1, 1, 1, 1, '2023-04-12 13:20:47', NULL),
(2065, 104, 13, 1, 1, 1, 1, 1, '2023-04-12 13:20:47', NULL),
(2066, 104, 14, 1, 1, 1, 1, 1, '2023-04-12 13:20:47', NULL),
(2067, 104, 15, 1, 1, 1, 1, 1, '2023-04-12 13:20:47', NULL),
(2068, 104, 16, 1, 1, 1, 1, 1, '2023-04-12 13:20:47', NULL),
(2069, 104, 17, 1, 1, 1, 1, 1, '2023-04-12 13:20:47', NULL),
(2070, 104, 18, 1, 1, 1, 1, 1, '2023-04-12 13:20:47', NULL),
(2071, 104, 19, 1, 1, 1, 1, 1, '2023-04-12 13:20:47', NULL),
(2072, 104, 21, 1, 1, 1, 1, 1, '2023-04-12 13:20:47', NULL),
(2073, 104, 22, 1, 1, 1, 1, 1, '2023-04-12 13:20:47', NULL),
(2074, 104, 23, 1, 1, 1, 1, 1, '2023-04-12 13:20:47', NULL),
(2075, 104, 24, 1, 1, 1, 1, 1, '2023-04-12 13:20:47', NULL),
(2076, 104, 25, 1, 1, 1, 1, 1, '2023-04-12 13:20:47', NULL),
(2077, 104, 27, 1, 1, 1, 1, 1, '2023-04-12 13:20:47', NULL),
(2078, 104, 28, 1, 1, 1, 1, 1, '2023-04-12 13:20:47', NULL),
(2079, 104, 29, 1, 1, 1, 1, 1, '2023-04-12 13:20:47', NULL),
(2080, 104, 30, 1, 1, 1, 1, 1, '2023-04-12 13:20:47', NULL),
(2081, 105, 9, 1, 1, 1, 1, 1, '2023-04-12 13:20:47', NULL),
(2082, 105, 10, 1, 1, 1, 1, 1, '2023-04-12 13:20:47', NULL),
(2083, 105, 11, 1, 1, 1, 1, 1, '2023-04-12 13:20:47', NULL),
(2084, 105, 12, 1, 1, 1, 1, 1, '2023-04-12 13:20:47', NULL),
(2085, 105, 13, 1, 1, 1, 1, 1, '2023-04-12 13:20:47', NULL),
(2086, 105, 14, 1, 1, 1, 1, 1, '2023-04-12 13:20:47', NULL),
(2087, 105, 15, 1, 1, 1, 1, 1, '2023-04-12 13:20:47', NULL),
(2088, 105, 16, 1, 1, 1, 1, 1, '2023-04-12 13:20:47', NULL),
(2089, 105, 17, 1, 1, 1, 1, 1, '2023-04-12 13:20:47', NULL),
(2090, 105, 18, 1, 1, 1, 1, 1, '2023-04-12 13:20:47', NULL),
(2091, 105, 19, 1, 1, 1, 1, 1, '2023-04-12 13:20:47', NULL),
(2092, 105, 21, 1, 1, 1, 1, 1, '2023-04-12 13:20:47', NULL),
(2093, 105, 22, 1, 1, 1, 1, 1, '2023-04-12 13:20:47', NULL),
(2094, 105, 23, 1, 1, 1, 1, 1, '2023-04-12 13:20:47', NULL),
(2095, 105, 24, 1, 1, 1, 1, 1, '2023-04-12 13:20:47', NULL),
(2096, 105, 25, 1, 1, 1, 1, 1, '2023-04-12 13:20:47', NULL),
(2097, 105, 27, 1, 1, 1, 1, 1, '2023-04-12 13:20:47', NULL),
(2098, 105, 28, 1, 1, 1, 1, 1, '2023-04-12 13:20:47', NULL),
(2099, 105, 29, 1, 1, 1, 1, 1, '2023-04-12 13:20:47', NULL),
(2100, 105, 30, 1, 1, 1, 1, 1, '2023-04-12 13:20:47', NULL),
(2101, 106, 9, 1, 1, 1, 1, 1, '2023-04-12 13:20:47', NULL),
(2102, 106, 10, 1, 1, 1, 1, 1, '2023-04-12 13:20:47', NULL),
(2103, 106, 11, 1, 1, 1, 1, 1, '2023-04-12 13:20:47', NULL),
(2104, 106, 12, 1, 1, 1, 1, 1, '2023-04-12 13:20:47', NULL),
(2105, 106, 13, 1, 1, 1, 1, 1, '2023-04-12 13:20:47', NULL),
(2106, 106, 14, 1, 1, 1, 1, 1, '2023-04-12 13:20:47', NULL),
(2107, 106, 15, 1, 1, 1, 1, 1, '2023-04-12 13:20:47', NULL),
(2108, 106, 16, 1, 1, 1, 1, 1, '2023-04-12 13:20:47', NULL),
(2109, 106, 17, 1, 1, 1, 1, 1, '2023-04-12 13:20:47', NULL),
(2110, 106, 18, 1, 1, 1, 1, 1, '2023-04-12 13:20:47', NULL),
(2111, 106, 19, 1, 1, 1, 1, 1, '2023-04-12 13:20:47', NULL),
(2112, 106, 21, 1, 1, 1, 1, 1, '2023-04-12 13:20:47', NULL),
(2113, 106, 22, 1, 1, 1, 1, 1, '2023-04-12 13:20:47', NULL),
(2114, 106, 23, 1, 1, 1, 1, 1, '2023-04-12 13:20:47', NULL),
(2115, 106, 24, 1, 1, 1, 1, 1, '2023-04-12 13:20:47', NULL),
(2116, 106, 25, 1, 1, 1, 1, 1, '2023-04-12 13:20:47', NULL),
(2117, 106, 27, 1, 1, 1, 1, 1, '2023-04-12 13:20:47', NULL),
(2118, 106, 28, 1, 1, 1, 1, 1, '2023-04-12 13:20:47', NULL),
(2119, 106, 29, 1, 1, 1, 1, 1, '2023-04-12 13:20:47', NULL),
(2120, 106, 30, 1, 1, 1, 1, 1, '2023-04-12 13:20:47', NULL),
(2121, 107, 9, 1, 1, 1, 1, 1, '2023-04-12 13:20:47', NULL),
(2122, 107, 10, 1, 1, 1, 1, 1, '2023-04-12 13:20:47', NULL),
(2123, 107, 11, 1, 1, 1, 1, 1, '2023-04-12 13:20:47', NULL),
(2124, 107, 12, 1, 1, 1, 1, 1, '2023-04-12 13:20:47', NULL),
(2125, 107, 13, 1, 1, 1, 1, 1, '2023-04-12 13:20:47', NULL),
(2126, 107, 14, 1, 1, 1, 1, 1, '2023-04-12 13:20:47', NULL),
(2127, 107, 15, 1, 1, 1, 1, 1, '2023-04-12 13:20:47', NULL),
(2128, 107, 16, 1, 1, 1, 1, 1, '2023-04-12 13:20:47', NULL),
(2129, 107, 17, 1, 1, 1, 1, 1, '2023-04-12 13:20:47', NULL),
(2130, 107, 18, 1, 1, 1, 1, 1, '2023-04-12 13:20:47', NULL),
(2131, 107, 19, 1, 1, 1, 1, 1, '2023-04-12 13:20:47', NULL),
(2132, 107, 21, 1, 1, 1, 1, 1, '2023-04-12 13:20:47', NULL),
(2133, 107, 22, 1, 1, 1, 1, 1, '2023-04-12 13:20:47', NULL),
(2134, 107, 23, 1, 1, 1, 1, 1, '2023-04-12 13:20:47', NULL),
(2135, 107, 24, 1, 1, 1, 1, 1, '2023-04-12 13:20:47', NULL),
(2136, 107, 25, 1, 1, 1, 1, 1, '2023-04-12 13:20:48', NULL),
(2137, 107, 27, 1, 1, 1, 1, 1, '2023-04-12 13:20:48', NULL),
(2138, 107, 28, 1, 1, 1, 1, 1, '2023-04-12 13:20:48', NULL),
(2139, 107, 29, 1, 1, 1, 1, 1, '2023-04-12 13:20:48', NULL),
(2140, 107, 30, 1, 1, 1, 1, 1, '2023-04-12 13:20:48', NULL),
(2141, 108, 9, 1, 1, 1, 1, 1, '2023-04-12 13:20:48', NULL),
(2142, 108, 10, 1, 1, 1, 1, 1, '2023-04-12 13:20:48', NULL),
(2143, 108, 11, 1, 1, 1, 1, 1, '2023-04-12 13:20:48', NULL),
(2144, 108, 12, 1, 1, 1, 1, 1, '2023-04-12 13:20:48', NULL),
(2145, 108, 13, 1, 1, 1, 1, 1, '2023-04-12 13:20:48', NULL),
(2146, 108, 14, 1, 1, 1, 1, 1, '2023-04-12 13:20:48', NULL),
(2147, 108, 15, 1, 1, 1, 1, 1, '2023-04-12 13:20:48', NULL),
(2148, 108, 16, 1, 1, 1, 1, 1, '2023-04-12 13:20:48', NULL),
(2149, 108, 17, 1, 1, 1, 1, 1, '2023-04-12 13:20:48', NULL),
(2150, 108, 18, 1, 1, 1, 1, 1, '2023-04-12 13:20:48', NULL),
(2151, 108, 19, 1, 1, 1, 1, 1, '2023-04-12 13:20:48', NULL),
(2152, 108, 21, 1, 1, 1, 1, 1, '2023-04-12 13:20:48', NULL),
(2153, 108, 22, 1, 1, 1, 1, 1, '2023-04-12 13:20:48', NULL),
(2154, 108, 23, 1, 1, 1, 1, 1, '2023-04-12 13:20:48', NULL),
(2155, 108, 24, 1, 1, 1, 1, 1, '2023-04-12 13:20:48', NULL),
(2156, 108, 25, 1, 1, 1, 1, 1, '2023-04-12 13:20:48', NULL),
(2157, 108, 27, 1, 1, 1, 1, 1, '2023-04-12 13:20:48', NULL),
(2158, 108, 28, 1, 1, 1, 1, 1, '2023-04-12 13:20:48', NULL),
(2159, 108, 29, 1, 1, 1, 1, 1, '2023-04-12 13:20:48', NULL),
(2160, 108, 30, 1, 1, 1, 1, 1, '2023-04-12 13:20:48', NULL),
(2161, 109, 9, 1, 1, 1, 1, 1, '2023-04-12 13:20:48', NULL),
(2162, 109, 10, 1, 1, 1, 1, 1, '2023-04-12 13:20:48', NULL),
(2163, 109, 11, 1, 1, 1, 1, 1, '2023-04-12 13:20:48', NULL),
(2164, 109, 12, 1, 1, 1, 1, 1, '2023-04-12 13:20:48', NULL),
(2165, 109, 13, 1, 1, 1, 1, 1, '2023-04-12 13:20:48', NULL),
(2166, 109, 14, 1, 1, 1, 1, 1, '2023-04-12 13:20:48', NULL),
(2167, 109, 15, 1, 1, 1, 1, 1, '2023-04-12 13:20:48', NULL),
(2168, 109, 16, 1, 1, 1, 1, 1, '2023-04-12 13:20:48', NULL),
(2169, 109, 17, 1, 1, 1, 1, 1, '2023-04-12 13:20:48', NULL),
(2170, 109, 18, 1, 1, 1, 1, 1, '2023-04-12 13:20:48', NULL),
(2171, 109, 19, 1, 1, 1, 1, 1, '2023-04-12 13:20:48', NULL),
(2172, 109, 21, 1, 1, 1, 1, 1, '2023-04-12 13:20:48', NULL),
(2173, 109, 22, 1, 1, 1, 1, 1, '2023-04-12 13:20:48', NULL),
(2174, 109, 23, 1, 1, 1, 1, 1, '2023-04-12 13:20:48', NULL),
(2175, 109, 24, 1, 1, 1, 1, 1, '2023-04-12 13:20:48', NULL),
(2176, 109, 25, 1, 1, 1, 1, 1, '2023-04-12 13:20:48', NULL),
(2177, 109, 27, 1, 1, 1, 1, 1, '2023-04-12 13:20:48', NULL),
(2178, 109, 28, 1, 1, 1, 1, 1, '2023-04-12 13:20:48', NULL),
(2179, 109, 29, 1, 1, 1, 1, 1, '2023-04-12 13:20:48', NULL),
(2180, 109, 30, 1, 1, 1, 1, 1, '2023-04-12 13:20:48', NULL),
(2181, 110, 9, 1, 1, 1, 1, 1, '2023-04-12 13:20:48', NULL),
(2182, 110, 10, 1, 1, 1, 1, 1, '2023-04-12 13:20:48', NULL),
(2183, 110, 11, 1, 1, 1, 1, 1, '2023-04-12 13:20:48', NULL),
(2184, 110, 12, 1, 1, 1, 1, 1, '2023-04-12 13:20:48', NULL),
(2185, 110, 13, 1, 1, 1, 1, 1, '2023-04-12 13:20:48', NULL),
(2186, 110, 14, 1, 1, 1, 1, 1, '2023-04-12 13:20:48', NULL),
(2187, 110, 15, 1, 1, 1, 1, 1, '2023-04-12 13:20:48', NULL),
(2188, 110, 16, 1, 1, 1, 1, 1, '2023-04-12 13:20:48', NULL),
(2189, 110, 17, 1, 1, 1, 1, 1, '2023-04-12 13:20:48', NULL),
(2190, 110, 18, 1, 1, 1, 1, 1, '2023-04-12 13:20:48', NULL),
(2191, 110, 19, 1, 1, 1, 1, 1, '2023-04-12 13:20:48', NULL),
(2192, 110, 21, 1, 1, 1, 1, 1, '2023-04-12 13:20:48', NULL),
(2193, 110, 22, 1, 1, 1, 1, 1, '2023-04-12 13:20:48', NULL),
(2194, 110, 23, 1, 1, 1, 1, 1, '2023-04-12 13:20:48', NULL),
(2195, 110, 24, 1, 1, 1, 1, 1, '2023-04-12 13:20:48', NULL),
(2196, 110, 25, 1, 1, 1, 1, 1, '2023-04-12 13:20:48', NULL),
(2197, 110, 27, 1, 1, 1, 1, 1, '2023-04-12 13:20:48', NULL),
(2198, 110, 28, 1, 1, 1, 1, 1, '2023-04-12 13:20:48', NULL),
(2199, 110, 29, 1, 1, 1, 1, 1, '2023-04-12 13:20:48', NULL),
(2200, 110, 30, 1, 1, 1, 1, 1, '2023-04-12 13:20:48', NULL),
(2201, 111, 9, 1, 1, 1, 1, 1, '2023-04-12 13:20:48', NULL),
(2202, 111, 10, 1, 1, 1, 1, 1, '2023-04-12 13:20:48', NULL),
(2203, 111, 11, 1, 1, 1, 1, 1, '2023-04-12 13:20:48', NULL),
(2204, 111, 12, 1, 1, 1, 1, 1, '2023-04-12 13:20:48', NULL),
(2205, 111, 13, 1, 1, 1, 1, 1, '2023-04-12 13:20:48', NULL),
(2206, 111, 14, 1, 1, 1, 1, 1, '2023-04-12 13:20:48', NULL),
(2207, 111, 15, 1, 1, 1, 1, 1, '2023-04-12 13:20:48', NULL),
(2208, 111, 16, 1, 1, 1, 1, 1, '2023-04-12 13:20:48', NULL),
(2209, 111, 17, 1, 1, 1, 1, 1, '2023-04-12 13:20:48', NULL),
(2210, 111, 18, 1, 1, 1, 1, 1, '2023-04-12 13:20:48', NULL),
(2211, 111, 19, 1, 1, 1, 1, 1, '2023-04-12 13:20:48', NULL),
(2212, 111, 21, 1, 1, 1, 1, 1, '2023-04-12 13:20:48', NULL),
(2213, 111, 22, 1, 1, 1, 1, 1, '2023-04-12 13:20:48', NULL),
(2214, 111, 23, 1, 1, 1, 1, 1, '2023-04-12 13:20:48', NULL),
(2215, 111, 24, 1, 1, 1, 1, 1, '2023-04-12 13:20:48', NULL),
(2216, 111, 25, 1, 1, 1, 1, 1, '2023-04-12 13:20:48', NULL),
(2217, 111, 27, 1, 1, 1, 1, 1, '2023-04-12 13:20:48', NULL),
(2218, 111, 28, 1, 1, 1, 1, 1, '2023-04-12 13:20:48', NULL),
(2219, 111, 29, 1, 1, 1, 1, 1, '2023-04-12 13:20:48', NULL),
(2220, 111, 30, 1, 1, 1, 1, 1, '2023-04-12 13:20:48', NULL),
(2221, 112, 9, 1, 1, 1, 1, 1, '2023-04-12 13:20:48', NULL),
(2222, 112, 10, 1, 1, 1, 1, 1, '2023-04-12 13:20:48', NULL),
(2223, 112, 11, 1, 1, 1, 1, 1, '2023-04-12 13:20:48', NULL),
(2224, 112, 12, 1, 1, 1, 1, 1, '2023-04-12 13:20:48', NULL),
(2225, 112, 13, 1, 1, 1, 1, 1, '2023-04-12 13:20:48', NULL),
(2226, 112, 14, 1, 1, 1, 1, 1, '2023-04-12 13:20:48', NULL),
(2227, 112, 15, 1, 1, 1, 1, 1, '2023-04-12 13:20:48', NULL),
(2228, 112, 16, 1, 1, 1, 1, 1, '2023-04-12 13:20:48', NULL),
(2229, 112, 17, 1, 1, 1, 1, 1, '2023-04-12 13:20:48', NULL),
(2230, 112, 18, 1, 1, 1, 1, 1, '2023-04-12 13:20:48', NULL),
(2231, 112, 19, 1, 1, 1, 1, 1, '2023-04-12 13:20:48', NULL),
(2232, 112, 21, 1, 1, 1, 1, 1, '2023-04-12 13:20:48', NULL),
(2233, 112, 22, 1, 1, 1, 1, 1, '2023-04-12 13:20:48', NULL),
(2234, 112, 23, 1, 1, 1, 1, 1, '2023-04-12 13:20:48', NULL),
(2235, 112, 24, 1, 1, 1, 1, 1, '2023-04-12 13:20:48', NULL),
(2236, 112, 25, 1, 1, 1, 1, 1, '2023-04-12 13:20:48', NULL),
(2237, 112, 27, 1, 1, 1, 1, 1, '2023-04-12 13:20:48', NULL),
(2238, 112, 28, 1, 1, 1, 1, 1, '2023-04-12 13:20:48', NULL),
(2239, 112, 29, 1, 1, 1, 1, 1, '2023-04-12 13:20:48', NULL),
(2240, 112, 30, 1, 1, 1, 1, 1, '2023-04-12 13:20:48', NULL),
(2241, 113, 9, 1, 1, 1, 1, 1, '2023-04-12 13:20:48', NULL),
(2242, 113, 10, 1, 1, 1, 1, 1, '2023-04-12 13:20:48', NULL),
(2243, 113, 11, 1, 1, 1, 1, 1, '2023-04-12 13:20:48', NULL),
(2244, 113, 12, 1, 1, 1, 1, 1, '2023-04-12 13:20:48', NULL),
(2245, 113, 13, 1, 1, 1, 1, 1, '2023-04-12 13:20:48', NULL),
(2246, 113, 14, 1, 1, 1, 1, 1, '2023-04-12 13:20:48', NULL),
(2247, 113, 15, 1, 1, 1, 1, 1, '2023-04-12 13:20:48', NULL),
(2248, 113, 16, 1, 1, 1, 1, 1, '2023-04-12 13:20:48', NULL),
(2249, 113, 17, 1, 1, 1, 1, 1, '2023-04-12 13:20:48', NULL),
(2250, 113, 18, 1, 1, 1, 1, 1, '2023-04-12 13:20:48', NULL),
(2251, 113, 19, 1, 1, 1, 1, 1, '2023-04-12 13:20:48', NULL),
(2252, 113, 21, 1, 1, 1, 1, 1, '2023-04-12 13:20:48', NULL),
(2253, 113, 22, 1, 1, 1, 1, 1, '2023-04-12 13:20:48', NULL),
(2254, 113, 23, 1, 1, 1, 1, 1, '2023-04-12 13:20:48', NULL),
(2255, 113, 24, 1, 1, 1, 1, 1, '2023-04-12 13:20:48', NULL),
(2256, 113, 25, 1, 1, 1, 1, 1, '2023-04-12 13:20:48', NULL),
(2257, 113, 27, 1, 1, 1, 1, 1, '2023-04-12 13:20:48', NULL),
(2258, 113, 28, 1, 1, 1, 1, 1, '2023-04-12 13:20:48', NULL),
(2259, 113, 29, 1, 1, 1, 1, 1, '2023-04-12 13:20:48', NULL),
(2260, 113, 30, 1, 1, 1, 1, 1, '2023-04-12 13:20:48', NULL),
(2261, 114, 9, 1, 1, 1, 1, 1, '2023-04-12 13:20:48', NULL),
(2262, 114, 10, 1, 1, 1, 1, 1, '2023-04-12 13:20:48', NULL),
(2263, 114, 11, 1, 1, 1, 1, 1, '2023-04-12 13:20:48', NULL),
(2264, 114, 12, 1, 1, 1, 1, 1, '2023-04-12 13:20:48', NULL),
(2265, 114, 13, 1, 1, 1, 1, 1, '2023-04-12 13:20:48', NULL),
(2266, 114, 14, 1, 1, 1, 1, 1, '2023-04-12 13:20:48', NULL),
(2267, 114, 15, 1, 1, 1, 1, 1, '2023-04-12 13:20:48', NULL),
(2268, 114, 16, 1, 1, 1, 1, 1, '2023-04-12 13:20:48', NULL),
(2269, 114, 17, 1, 1, 1, 1, 1, '2023-04-12 13:20:48', NULL),
(2270, 114, 18, 1, 1, 1, 1, 1, '2023-04-12 13:20:48', NULL),
(2271, 114, 19, 1, 1, 1, 1, 1, '2023-04-12 13:20:48', NULL),
(2272, 114, 21, 1, 1, 1, 1, 1, '2023-04-12 13:20:48', NULL),
(2273, 114, 22, 1, 1, 1, 1, 1, '2023-04-12 13:20:48', NULL),
(2274, 114, 23, 1, 1, 1, 1, 1, '2023-04-12 13:20:48', NULL),
(2275, 114, 24, 1, 1, 1, 1, 1, '2023-04-12 13:20:48', NULL),
(2276, 114, 25, 1, 1, 1, 1, 1, '2023-04-12 13:20:48', NULL),
(2277, 114, 27, 1, 1, 1, 1, 1, '2023-04-12 13:20:48', NULL),
(2278, 114, 28, 1, 1, 1, 1, 1, '2023-04-12 13:20:48', NULL),
(2279, 114, 29, 1, 1, 1, 1, 1, '2023-04-12 13:20:48', NULL),
(2280, 114, 30, 1, 1, 1, 1, 1, '2023-04-12 13:20:48', NULL),
(2281, 115, 9, 1, 1, 1, 1, 1, '2023-04-12 13:20:48', NULL),
(2282, 115, 10, 1, 1, 1, 1, 1, '2023-04-12 13:20:48', NULL),
(2283, 115, 11, 1, 1, 1, 1, 1, '2023-04-12 13:20:48', NULL),
(2284, 115, 12, 1, 1, 1, 1, 1, '2023-04-12 13:20:48', NULL),
(2285, 115, 13, 1, 1, 1, 1, 1, '2023-04-12 13:20:48', NULL),
(2286, 115, 14, 1, 1, 1, 1, 1, '2023-04-12 13:20:48', NULL),
(2287, 115, 15, 1, 1, 1, 1, 1, '2023-04-12 13:20:48', NULL),
(2288, 115, 16, 1, 1, 1, 1, 1, '2023-04-12 13:20:48', NULL),
(2289, 115, 17, 1, 1, 1, 1, 1, '2023-04-12 13:20:48', NULL),
(2290, 115, 18, 1, 1, 1, 1, 1, '2023-04-12 13:20:48', NULL),
(2291, 115, 19, 1, 1, 1, 1, 1, '2023-04-12 13:20:48', NULL),
(2292, 115, 21, 1, 1, 1, 1, 1, '2023-04-12 13:20:48', NULL),
(2293, 115, 22, 1, 1, 1, 1, 1, '2023-04-12 13:20:48', NULL),
(2294, 115, 23, 1, 1, 1, 1, 1, '2023-04-12 13:20:48', NULL),
(2295, 115, 24, 1, 1, 1, 1, 1, '2023-04-12 13:20:48', NULL),
(2296, 115, 25, 1, 1, 1, 1, 1, '2023-04-12 13:20:48', NULL),
(2297, 115, 27, 1, 1, 1, 1, 1, '2023-04-12 13:20:48', NULL),
(2298, 115, 28, 1, 1, 1, 1, 1, '2023-04-12 13:20:48', NULL),
(2299, 115, 29, 1, 1, 1, 1, 1, '2023-04-12 13:20:48', NULL),
(2300, 115, 30, 1, 1, 1, 1, 1, '2023-04-12 13:20:48', NULL),
(2301, 116, 9, 1, 1, 1, 1, 1, '2023-04-12 13:20:48', NULL),
(2302, 116, 10, 1, 1, 1, 1, 1, '2023-04-12 13:20:48', NULL),
(2303, 116, 11, 1, 1, 1, 1, 1, '2023-04-12 13:20:48', NULL),
(2304, 116, 12, 1, 1, 1, 1, 1, '2023-04-12 13:20:48', NULL),
(2305, 116, 13, 1, 1, 1, 1, 1, '2023-04-12 13:20:48', NULL),
(2306, 116, 14, 1, 1, 1, 1, 1, '2023-04-12 13:20:48', NULL),
(2307, 116, 15, 1, 1, 1, 1, 1, '2023-04-12 13:20:48', NULL),
(2308, 116, 16, 1, 1, 1, 1, 1, '2023-04-12 13:20:48', NULL),
(2309, 116, 17, 1, 1, 1, 1, 1, '2023-04-12 13:20:49', NULL),
(2310, 116, 18, 1, 1, 1, 1, 1, '2023-04-12 13:20:49', NULL),
(2311, 116, 19, 1, 1, 1, 1, 1, '2023-04-12 13:20:49', NULL),
(2312, 116, 21, 1, 1, 1, 1, 1, '2023-04-12 13:20:49', NULL),
(2313, 116, 22, 1, 1, 1, 1, 1, '2023-04-12 13:20:49', NULL),
(2314, 116, 23, 1, 1, 1, 1, 1, '2023-04-12 13:20:49', NULL),
(2315, 116, 24, 1, 1, 1, 1, 1, '2023-04-12 13:20:49', NULL),
(2316, 116, 25, 1, 1, 1, 1, 1, '2023-04-12 13:20:49', NULL),
(2317, 116, 27, 1, 1, 1, 1, 1, '2023-04-12 13:20:49', NULL),
(2318, 116, 28, 1, 1, 1, 1, 1, '2023-04-12 13:20:49', NULL),
(2319, 116, 29, 1, 1, 1, 1, 1, '2023-04-12 13:20:49', NULL),
(2320, 116, 30, 1, 1, 1, 1, 1, '2023-04-12 13:20:49', NULL),
(2321, 117, 9, 1, 1, 1, 1, 1, '2023-04-12 13:20:49', NULL),
(2322, 117, 10, 1, 1, 1, 1, 1, '2023-04-12 13:20:49', NULL),
(2323, 117, 11, 1, 1, 1, 1, 1, '2023-04-12 13:20:49', NULL),
(2324, 117, 12, 1, 1, 1, 1, 1, '2023-04-12 13:20:49', NULL),
(2325, 117, 13, 1, 1, 1, 1, 1, '2023-04-12 13:20:49', NULL),
(2326, 117, 14, 1, 1, 1, 1, 1, '2023-04-12 13:20:49', NULL),
(2327, 117, 15, 1, 1, 1, 1, 1, '2023-04-12 13:20:49', NULL),
(2328, 117, 16, 1, 1, 1, 1, 1, '2023-04-12 13:20:49', NULL),
(2329, 117, 17, 1, 1, 1, 1, 1, '2023-04-12 13:20:49', NULL),
(2330, 117, 18, 1, 1, 1, 1, 1, '2023-04-12 13:20:49', NULL),
(2331, 117, 19, 1, 1, 1, 1, 1, '2023-04-12 13:20:49', NULL),
(2332, 117, 21, 1, 1, 1, 1, 1, '2023-04-12 13:20:49', NULL),
(2333, 117, 22, 1, 1, 1, 1, 1, '2023-04-12 13:20:49', NULL),
(2334, 117, 23, 1, 1, 1, 1, 1, '2023-04-12 13:20:49', NULL),
(2335, 117, 24, 1, 1, 1, 1, 1, '2023-04-12 13:20:49', NULL),
(2336, 117, 25, 1, 1, 1, 1, 1, '2023-04-12 13:20:49', NULL),
(2337, 117, 27, 1, 1, 1, 1, 1, '2023-04-12 13:20:49', NULL),
(2338, 117, 28, 1, 1, 1, 1, 1, '2023-04-12 13:20:49', NULL),
(2339, 117, 29, 1, 1, 1, 1, 1, '2023-04-12 13:20:49', NULL),
(2340, 117, 30, 1, 1, 1, 1, 1, '2023-04-12 13:20:49', NULL),
(2341, 118, 9, 1, 1, 1, 1, 1, '2023-04-12 13:20:49', NULL),
(2342, 118, 10, 1, 1, 1, 1, 1, '2023-04-12 13:20:49', NULL),
(2343, 118, 11, 1, 1, 1, 1, 1, '2023-04-12 13:20:49', NULL),
(2344, 118, 12, 1, 1, 1, 1, 1, '2023-04-12 13:20:49', NULL),
(2345, 118, 13, 1, 1, 1, 1, 1, '2023-04-12 13:20:49', NULL),
(2346, 118, 14, 1, 1, 1, 1, 1, '2023-04-12 13:20:49', NULL),
(2347, 118, 15, 1, 1, 1, 1, 1, '2023-04-12 13:20:49', NULL),
(2348, 118, 16, 1, 1, 1, 1, 1, '2023-04-12 13:20:49', NULL),
(2349, 118, 17, 1, 1, 1, 1, 1, '2023-04-12 13:20:49', NULL),
(2350, 118, 18, 1, 1, 1, 1, 1, '2023-04-12 13:20:49', NULL),
(2351, 118, 19, 1, 1, 1, 1, 1, '2023-04-12 13:20:49', NULL),
(2352, 118, 21, 1, 1, 1, 1, 1, '2023-04-12 13:20:49', NULL),
(2353, 118, 22, 1, 1, 1, 1, 1, '2023-04-12 13:20:49', NULL),
(2354, 118, 23, 1, 1, 1, 1, 1, '2023-04-12 13:20:49', NULL),
(2355, 118, 24, 1, 1, 1, 1, 1, '2023-04-12 13:20:49', NULL),
(2356, 118, 25, 1, 1, 1, 1, 1, '2023-04-12 13:20:49', NULL),
(2357, 118, 27, 1, 1, 1, 1, 1, '2023-04-12 13:20:49', NULL),
(2358, 118, 28, 1, 1, 1, 1, 1, '2023-04-12 13:20:49', NULL),
(2359, 118, 29, 1, 1, 1, 1, 1, '2023-04-12 13:20:49', NULL),
(2360, 118, 30, 1, 1, 1, 1, 1, '2023-04-12 13:20:49', NULL),
(2361, 119, 9, 1, 1, 1, 1, 1, '2023-04-12 13:20:49', NULL),
(2362, 119, 10, 1, 1, 1, 1, 1, '2023-04-12 13:20:49', NULL),
(2363, 119, 11, 1, 1, 1, 1, 1, '2023-04-12 13:20:49', NULL),
(2364, 119, 12, 1, 1, 1, 1, 1, '2023-04-12 13:20:49', NULL),
(2365, 119, 13, 1, 1, 1, 1, 1, '2023-04-12 13:20:49', NULL),
(2366, 119, 14, 1, 1, 1, 1, 1, '2023-04-12 13:20:49', NULL),
(2367, 119, 15, 1, 1, 1, 1, 1, '2023-04-12 13:20:49', NULL),
(2368, 119, 16, 1, 1, 1, 1, 1, '2023-04-12 13:20:49', NULL),
(2369, 119, 17, 1, 1, 1, 1, 1, '2023-04-12 13:20:49', NULL),
(2370, 119, 18, 1, 1, 1, 1, 1, '2023-04-12 13:20:49', NULL),
(2371, 119, 19, 1, 1, 1, 1, 1, '2023-04-12 13:20:49', NULL),
(2372, 119, 21, 1, 1, 1, 1, 1, '2023-04-12 13:20:49', NULL),
(2373, 119, 22, 1, 1, 1, 1, 1, '2023-04-12 13:20:49', NULL),
(2374, 119, 23, 1, 1, 1, 1, 1, '2023-04-12 13:20:49', NULL),
(2375, 119, 24, 1, 1, 1, 1, 1, '2023-04-12 13:20:49', NULL),
(2376, 119, 25, 1, 1, 1, 1, 1, '2023-04-12 13:20:49', NULL),
(2377, 119, 27, 1, 1, 1, 1, 1, '2023-04-12 13:20:49', NULL),
(2378, 119, 28, 1, 1, 1, 1, 1, '2023-04-12 13:20:49', NULL),
(2379, 119, 29, 1, 1, 1, 1, 1, '2023-04-12 13:20:49', NULL),
(2380, 119, 30, 1, 1, 1, 1, 1, '2023-04-12 13:20:49', NULL),
(2381, 120, 9, 1, 1, 1, 1, 1, '2023-04-12 13:20:49', NULL),
(2382, 120, 10, 1, 1, 1, 1, 1, '2023-04-12 13:20:49', NULL),
(2383, 120, 11, 1, 1, 1, 1, 1, '2023-04-12 13:20:49', NULL),
(2384, 120, 12, 1, 1, 1, 1, 1, '2023-04-12 13:20:49', NULL),
(2385, 120, 13, 1, 1, 1, 1, 1, '2023-04-12 13:20:49', NULL),
(2386, 120, 14, 1, 1, 1, 1, 1, '2023-04-12 13:20:49', NULL),
(2387, 120, 15, 1, 1, 1, 1, 1, '2023-04-12 13:20:49', NULL),
(2388, 120, 16, 1, 1, 1, 1, 1, '2023-04-12 13:20:49', NULL),
(2389, 120, 17, 1, 1, 1, 1, 1, '2023-04-12 13:20:49', NULL),
(2390, 120, 18, 1, 1, 1, 1, 1, '2023-04-12 13:20:49', NULL),
(2391, 120, 19, 1, 1, 1, 1, 1, '2023-04-12 13:20:49', NULL),
(2392, 120, 21, 1, 1, 1, 1, 1, '2023-04-12 13:20:49', NULL),
(2393, 120, 22, 1, 1, 1, 1, 1, '2023-04-12 13:20:49', NULL),
(2394, 120, 23, 1, 1, 1, 1, 1, '2023-04-12 13:20:49', NULL),
(2395, 120, 24, 1, 1, 1, 1, 1, '2023-04-12 13:20:49', NULL),
(2396, 120, 25, 1, 1, 1, 1, 1, '2023-04-12 13:20:49', NULL),
(2397, 120, 27, 1, 1, 1, 1, 1, '2023-04-12 13:20:49', NULL),
(2398, 120, 28, 1, 1, 1, 1, 1, '2023-04-12 13:20:49', NULL),
(2399, 120, 29, 1, 1, 1, 1, 1, '2023-04-12 13:20:49', NULL),
(2400, 120, 30, 1, 1, 1, 1, 1, '2023-04-12 13:20:49', NULL),
(2401, 121, 9, 1, 1, 1, 1, 1, '2023-04-12 13:20:49', NULL),
(2402, 121, 10, 1, 1, 1, 1, 1, '2023-04-12 13:20:49', NULL),
(2403, 121, 11, 1, 1, 1, 1, 1, '2023-04-12 13:20:49', NULL),
(2404, 121, 12, 1, 1, 1, 1, 1, '2023-04-12 13:20:49', NULL),
(2405, 121, 13, 1, 1, 1, 1, 1, '2023-04-12 13:20:49', NULL),
(2406, 121, 14, 1, 1, 1, 1, 1, '2023-04-12 13:20:49', NULL),
(2407, 121, 15, 1, 1, 1, 1, 1, '2023-04-12 13:20:49', NULL),
(2408, 121, 16, 1, 1, 1, 1, 1, '2023-04-12 13:20:49', NULL),
(2409, 121, 17, 1, 1, 1, 1, 1, '2023-04-12 13:20:49', NULL),
(2410, 121, 18, 1, 1, 1, 1, 1, '2023-04-12 13:20:49', NULL),
(2411, 121, 19, 1, 1, 1, 1, 1, '2023-04-12 13:20:49', NULL),
(2412, 121, 21, 1, 1, 1, 1, 1, '2023-04-12 13:20:49', NULL),
(2413, 121, 22, 1, 1, 1, 1, 1, '2023-04-12 13:20:49', NULL),
(2414, 121, 23, 1, 1, 1, 1, 1, '2023-04-12 13:20:49', NULL),
(2415, 121, 24, 1, 1, 1, 1, 1, '2023-04-12 13:20:49', NULL),
(2416, 121, 25, 1, 1, 1, 1, 1, '2023-04-12 13:20:49', NULL),
(2417, 121, 27, 1, 1, 1, 1, 1, '2023-04-12 13:20:49', NULL),
(2418, 121, 28, 1, 1, 1, 1, 1, '2023-04-12 13:20:49', NULL),
(2419, 121, 29, 1, 1, 1, 1, 1, '2023-04-12 13:20:49', NULL),
(2420, 121, 30, 1, 1, 1, 1, 1, '2023-04-12 13:20:49', NULL),
(2421, 122, 9, 1, 1, 1, 1, 1, '2023-04-12 13:20:49', NULL),
(2422, 122, 10, 1, 1, 1, 1, 1, '2023-04-12 13:20:49', NULL),
(2423, 122, 11, 1, 1, 1, 1, 1, '2023-04-12 13:20:49', NULL),
(2424, 122, 12, 1, 1, 1, 1, 1, '2023-04-12 13:20:49', NULL),
(2425, 122, 13, 1, 1, 1, 1, 1, '2023-04-12 13:20:49', NULL),
(2426, 122, 14, 1, 1, 1, 1, 1, '2023-04-12 13:20:49', NULL),
(2427, 122, 15, 1, 1, 1, 1, 1, '2023-04-12 13:20:49', NULL),
(2428, 122, 16, 1, 1, 1, 1, 1, '2023-04-12 13:20:49', NULL),
(2429, 122, 17, 1, 1, 1, 1, 1, '2023-04-12 13:20:49', NULL),
(2430, 122, 18, 1, 1, 1, 1, 1, '2023-04-12 13:20:49', NULL),
(2431, 122, 19, 1, 1, 1, 1, 1, '2023-04-12 13:20:49', NULL),
(2432, 122, 21, 1, 1, 1, 1, 1, '2023-04-12 13:20:49', NULL),
(2433, 122, 22, 1, 1, 1, 1, 1, '2023-04-12 13:20:49', NULL),
(2434, 122, 23, 1, 1, 1, 1, 1, '2023-04-12 13:20:49', NULL),
(2435, 122, 24, 1, 1, 1, 1, 1, '2023-04-12 13:20:49', NULL),
(2436, 122, 25, 1, 1, 1, 1, 1, '2023-04-12 13:20:49', NULL),
(2437, 122, 27, 1, 1, 1, 1, 1, '2023-04-12 13:20:49', NULL),
(2438, 122, 28, 1, 1, 1, 1, 1, '2023-04-12 13:20:49', NULL),
(2439, 122, 29, 1, 1, 1, 1, 1, '2023-04-12 13:20:49', NULL),
(2440, 122, 30, 1, 1, 1, 1, 1, '2023-04-12 13:20:49', NULL),
(2441, 123, 9, 1, 1, 1, 1, 1, '2023-04-12 13:20:49', NULL),
(2442, 123, 10, 1, 1, 1, 1, 1, '2023-04-12 13:20:49', NULL),
(2443, 123, 11, 1, 1, 1, 1, 1, '2023-04-12 13:20:49', NULL),
(2444, 123, 12, 1, 1, 1, 1, 1, '2023-04-12 13:20:49', NULL),
(2445, 123, 13, 1, 1, 1, 1, 1, '2023-04-12 13:20:49', NULL),
(2446, 123, 14, 1, 1, 1, 1, 1, '2023-04-12 13:20:49', NULL),
(2447, 123, 15, 1, 1, 1, 1, 1, '2023-04-12 13:20:49', NULL),
(2448, 123, 16, 1, 1, 1, 1, 1, '2023-04-12 13:20:49', NULL),
(2449, 123, 17, 1, 1, 1, 1, 1, '2023-04-12 13:20:49', NULL),
(2450, 123, 18, 1, 1, 1, 1, 1, '2023-04-12 13:20:49', NULL),
(2451, 123, 19, 1, 1, 1, 1, 1, '2023-04-12 13:20:49', NULL),
(2452, 123, 21, 1, 1, 1, 1, 1, '2023-04-12 13:20:49', NULL),
(2453, 123, 22, 1, 1, 1, 1, 1, '2023-04-12 13:20:49', NULL),
(2454, 123, 23, 1, 1, 1, 1, 1, '2023-04-12 13:20:49', NULL),
(2455, 123, 24, 1, 1, 1, 1, 1, '2023-04-12 13:20:49', NULL),
(2456, 123, 25, 1, 1, 1, 1, 1, '2023-04-12 13:20:49', NULL),
(2457, 123, 27, 1, 1, 1, 1, 1, '2023-04-12 13:20:49', NULL),
(2458, 123, 28, 1, 1, 1, 1, 1, '2023-04-12 13:20:49', NULL),
(2459, 123, 29, 1, 1, 1, 1, 1, '2023-04-12 13:20:49', NULL),
(2460, 123, 30, 1, 1, 1, 1, 1, '2023-04-12 13:20:49', NULL),
(2461, 124, 9, 1, 1, 1, 1, 1, '2023-04-12 13:20:49', NULL),
(2462, 124, 10, 1, 1, 1, 1, 1, '2023-04-12 13:20:49', NULL),
(2463, 124, 11, 1, 1, 1, 1, 1, '2023-04-12 13:20:49', NULL),
(2464, 124, 12, 1, 1, 1, 1, 1, '2023-04-12 13:20:49', NULL),
(2465, 124, 13, 1, 1, 1, 1, 1, '2023-04-12 13:20:49', NULL),
(2466, 124, 14, 1, 1, 1, 1, 1, '2023-04-12 13:20:49', NULL),
(2467, 124, 15, 1, 1, 1, 1, 1, '2023-04-12 13:20:49', NULL),
(2468, 124, 16, 1, 1, 1, 1, 1, '2023-04-12 13:20:49', NULL),
(2469, 124, 17, 1, 1, 1, 1, 1, '2023-04-12 13:20:49', NULL),
(2470, 124, 18, 1, 1, 1, 1, 1, '2023-04-12 13:20:49', NULL),
(2471, 124, 19, 1, 1, 1, 1, 1, '2023-04-12 13:20:49', NULL),
(2472, 124, 21, 1, 1, 1, 1, 1, '2023-04-12 13:20:49', NULL),
(2473, 124, 22, 1, 1, 1, 1, 1, '2023-04-12 13:20:49', NULL),
(2474, 124, 23, 1, 1, 1, 1, 1, '2023-04-12 13:20:49', NULL),
(2475, 124, 24, 1, 1, 1, 1, 1, '2023-04-12 13:20:49', NULL),
(2476, 124, 25, 1, 1, 1, 1, 1, '2023-04-12 13:20:49', NULL),
(2477, 124, 27, 1, 1, 1, 1, 1, '2023-04-12 13:20:49', NULL),
(2478, 124, 28, 1, 1, 1, 1, 1, '2023-04-12 13:20:49', NULL),
(2479, 124, 29, 1, 1, 1, 1, 1, '2023-04-12 13:20:49', NULL),
(2480, 124, 30, 1, 1, 1, 1, 1, '2023-04-12 13:20:49', NULL),
(2481, 125, 9, 1, 1, 1, 1, 1, '2023-04-12 13:20:49', NULL),
(2482, 125, 10, 1, 1, 1, 1, 1, '2023-04-12 13:20:49', NULL),
(2483, 125, 11, 1, 1, 1, 1, 1, '2023-04-12 13:20:49', NULL),
(2484, 125, 12, 1, 1, 1, 1, 1, '2023-04-12 13:20:49', NULL),
(2485, 125, 13, 1, 1, 1, 1, 1, '2023-04-12 13:20:49', NULL),
(2486, 125, 14, 1, 1, 1, 1, 1, '2023-04-12 13:20:49', NULL),
(2487, 125, 15, 1, 1, 1, 1, 1, '2023-04-12 13:20:49', NULL),
(2488, 125, 16, 1, 1, 1, 1, 1, '2023-04-12 13:20:49', NULL),
(2489, 125, 17, 1, 1, 1, 1, 1, '2023-04-12 13:20:49', NULL),
(2490, 125, 18, 1, 1, 1, 1, 1, '2023-04-12 13:20:49', NULL),
(2491, 125, 19, 1, 1, 1, 1, 1, '2023-04-12 13:20:49', NULL),
(2492, 125, 21, 1, 1, 1, 1, 1, '2023-04-12 13:20:49', NULL),
(2493, 125, 22, 1, 1, 1, 1, 1, '2023-04-12 13:20:49', NULL),
(2494, 125, 23, 1, 1, 1, 1, 1, '2023-04-12 13:20:49', NULL),
(2495, 125, 24, 1, 1, 1, 1, 1, '2023-04-12 13:20:49', NULL),
(2496, 125, 25, 1, 1, 1, 1, 1, '2023-04-12 13:20:49', NULL),
(2497, 125, 27, 1, 1, 1, 1, 1, '2023-04-12 13:20:49', NULL),
(2498, 125, 28, 1, 1, 1, 1, 1, '2023-04-12 13:20:49', NULL),
(2499, 125, 29, 1, 1, 1, 1, 1, '2023-04-12 13:20:49', NULL),
(2500, 125, 30, 1, 1, 1, 1, 1, '2023-04-12 13:20:49', NULL),
(2501, 126, 9, 1, 1, 1, 1, 1, '2023-04-12 13:20:49', NULL),
(2502, 126, 10, 1, 1, 1, 1, 1, '2023-04-12 13:20:49', NULL),
(2503, 126, 11, 1, 1, 1, 1, 1, '2023-04-12 13:20:49', NULL),
(2504, 126, 12, 1, 1, 1, 1, 1, '2023-04-12 13:20:49', NULL),
(2505, 126, 13, 1, 1, 1, 1, 1, '2023-04-12 13:20:49', NULL),
(2506, 126, 14, 1, 1, 1, 1, 1, '2023-04-12 13:20:49', NULL),
(2507, 126, 15, 1, 1, 1, 1, 1, '2023-04-12 13:20:49', NULL),
(2508, 126, 16, 1, 1, 1, 1, 1, '2023-04-12 13:20:49', NULL),
(2509, 126, 17, 1, 1, 1, 1, 1, '2023-04-12 13:20:49', NULL),
(2510, 126, 18, 1, 1, 1, 1, 1, '2023-04-12 13:20:49', NULL),
(2511, 126, 19, 1, 1, 1, 1, 1, '2023-04-12 13:20:49', NULL),
(2512, 126, 21, 1, 1, 1, 1, 1, '2023-04-12 13:20:49', NULL),
(2513, 126, 22, 1, 1, 1, 1, 1, '2023-04-12 13:20:49', NULL),
(2514, 126, 23, 1, 1, 1, 1, 1, '2023-04-12 13:20:49', NULL),
(2515, 126, 24, 1, 1, 1, 1, 1, '2023-04-12 13:20:49', NULL),
(2516, 126, 25, 1, 1, 1, 1, 1, '2023-04-12 13:20:49', NULL),
(2517, 126, 27, 1, 1, 1, 1, 1, '2023-04-12 13:20:49', NULL),
(2518, 126, 28, 1, 1, 1, 1, 1, '2023-04-12 13:20:49', NULL),
(2519, 126, 29, 1, 1, 1, 1, 1, '2023-04-12 13:20:49', NULL),
(2520, 126, 30, 1, 1, 1, 1, 1, '2023-04-12 13:20:49', NULL),
(2521, 127, 9, 1, 1, 1, 1, 1, '2023-04-12 13:20:49', NULL),
(2522, 127, 10, 1, 1, 1, 1, 1, '2023-04-12 13:20:49', NULL),
(2523, 127, 11, 1, 1, 1, 1, 1, '2023-04-12 13:20:49', NULL),
(2524, 127, 12, 1, 1, 1, 1, 1, '2023-04-12 13:20:49', NULL),
(2525, 127, 13, 1, 1, 1, 1, 1, '2023-04-12 13:20:49', NULL),
(2526, 127, 14, 1, 1, 1, 1, 1, '2023-04-12 13:20:49', NULL),
(2527, 127, 15, 1, 1, 1, 1, 1, '2023-04-12 13:20:49', NULL),
(2528, 127, 16, 1, 1, 1, 1, 1, '2023-04-12 13:20:49', NULL),
(2529, 127, 17, 1, 1, 1, 1, 1, '2023-04-12 13:20:49', NULL),
(2530, 127, 18, 1, 1, 1, 1, 1, '2023-04-12 13:20:49', NULL),
(2531, 127, 19, 1, 1, 1, 1, 1, '2023-04-12 13:20:49', NULL),
(2532, 127, 21, 1, 1, 1, 1, 1, '2023-04-12 13:20:49', NULL),
(2533, 127, 22, 1, 1, 1, 1, 1, '2023-04-12 13:20:49', NULL),
(2534, 127, 23, 1, 1, 1, 1, 1, '2023-04-12 13:20:49', NULL),
(2535, 127, 24, 1, 1, 1, 1, 1, '2023-04-12 13:20:49', NULL),
(2536, 127, 25, 1, 1, 1, 1, 1, '2023-04-12 13:20:49', NULL),
(2537, 127, 27, 1, 1, 1, 1, 1, '2023-04-12 13:20:49', NULL),
(2538, 127, 28, 1, 1, 1, 1, 1, '2023-04-12 13:20:49', NULL),
(2539, 127, 29, 1, 1, 1, 1, 1, '2023-04-12 13:20:49', NULL),
(2540, 127, 30, 1, 1, 1, 1, 1, '2023-04-12 13:20:49', NULL),
(2541, 128, 9, 1, 1, 1, 1, 1, '2023-04-12 13:20:49', NULL),
(2542, 128, 10, 1, 1, 1, 1, 1, '2023-04-12 13:20:49', NULL),
(2543, 128, 11, 1, 1, 1, 1, 1, '2023-04-12 13:20:49', NULL),
(2544, 128, 12, 1, 1, 1, 1, 1, '2023-04-12 13:20:49', NULL),
(2545, 128, 13, 1, 1, 1, 1, 1, '2023-04-12 13:20:49', NULL),
(2546, 128, 14, 1, 1, 1, 1, 1, '2023-04-12 13:20:49', NULL),
(2547, 128, 15, 1, 1, 1, 1, 1, '2023-04-12 13:20:49', NULL),
(2548, 128, 16, 1, 1, 1, 1, 1, '2023-04-12 13:20:49', NULL),
(2549, 128, 17, 1, 1, 1, 1, 1, '2023-04-12 13:20:49', NULL),
(2550, 128, 18, 1, 1, 1, 1, 1, '2023-04-12 13:20:49', NULL),
(2551, 128, 19, 1, 1, 1, 1, 1, '2023-04-12 13:20:49', NULL),
(2552, 128, 21, 1, 1, 1, 1, 1, '2023-04-12 13:20:49', NULL),
(2553, 128, 22, 1, 1, 1, 1, 1, '2023-04-12 13:20:49', NULL),
(2554, 128, 23, 1, 1, 1, 1, 1, '2023-04-12 13:20:49', NULL),
(2555, 128, 24, 1, 1, 1, 1, 1, '2023-04-12 13:20:49', NULL),
(2556, 128, 25, 1, 1, 1, 1, 1, '2023-04-12 13:20:49', NULL),
(2557, 128, 27, 1, 1, 1, 1, 1, '2023-04-12 13:20:49', NULL),
(2558, 128, 28, 1, 1, 1, 1, 1, '2023-04-12 13:20:49', NULL),
(2559, 128, 29, 1, 1, 1, 1, 1, '2023-04-12 13:20:49', NULL),
(2560, 128, 30, 1, 1, 1, 1, 1, '2023-04-12 13:20:50', NULL),
(2561, 129, 9, 1, 1, 1, 1, 1, '2023-04-12 13:20:50', NULL),
(2562, 129, 10, 1, 1, 1, 1, 1, '2023-04-12 13:20:50', NULL),
(2563, 129, 11, 1, 1, 1, 1, 1, '2023-04-12 13:20:50', NULL),
(2564, 129, 12, 1, 1, 1, 1, 1, '2023-04-12 13:20:50', NULL),
(2565, 129, 13, 1, 1, 1, 1, 1, '2023-04-12 13:20:50', NULL),
(2566, 129, 14, 1, 1, 1, 1, 1, '2023-04-12 13:20:50', NULL),
(2567, 129, 15, 1, 1, 1, 1, 1, '2023-04-12 13:20:50', NULL),
(2568, 129, 16, 1, 1, 1, 1, 1, '2023-04-12 13:20:50', NULL),
(2569, 129, 17, 1, 1, 1, 1, 1, '2023-04-12 13:20:50', NULL),
(2570, 129, 18, 1, 1, 1, 1, 1, '2023-04-12 13:20:50', NULL),
(2571, 129, 19, 1, 1, 1, 1, 1, '2023-04-12 13:20:50', NULL),
(2572, 129, 21, 1, 1, 1, 1, 1, '2023-04-12 13:20:50', NULL),
(2573, 129, 22, 1, 1, 1, 1, 1, '2023-04-12 13:20:50', NULL),
(2574, 129, 23, 1, 1, 1, 1, 1, '2023-04-12 13:20:50', NULL),
(2575, 129, 24, 1, 1, 1, 1, 1, '2023-04-12 13:20:50', NULL),
(2576, 129, 25, 1, 1, 1, 1, 1, '2023-04-12 13:20:50', NULL),
(2577, 129, 27, 1, 1, 1, 1, 1, '2023-04-12 13:20:50', NULL),
(2578, 129, 28, 1, 1, 1, 1, 1, '2023-04-12 13:20:50', NULL),
(2579, 129, 29, 1, 1, 1, 1, 1, '2023-04-12 13:20:50', NULL),
(2580, 129, 30, 1, 1, 1, 1, 1, '2023-04-12 13:20:50', NULL),
(2581, 130, 9, 1, 1, 1, 1, 1, '2023-04-12 13:20:50', NULL),
(2582, 130, 10, 1, 1, 1, 1, 1, '2023-04-12 13:20:50', NULL),
(2583, 130, 11, 1, 1, 1, 1, 1, '2023-04-12 13:20:50', NULL),
(2584, 130, 12, 1, 1, 1, 1, 1, '2023-04-12 13:20:50', NULL),
(2585, 130, 13, 1, 1, 1, 1, 1, '2023-04-12 13:20:50', NULL),
(2586, 130, 14, 1, 1, 1, 1, 1, '2023-04-12 13:20:50', NULL),
(2587, 130, 15, 1, 1, 1, 1, 1, '2023-04-12 13:20:50', NULL),
(2588, 130, 16, 1, 1, 1, 1, 1, '2023-04-12 13:20:50', NULL),
(2589, 130, 17, 1, 1, 1, 1, 1, '2023-04-12 13:20:50', NULL),
(2590, 130, 18, 1, 1, 1, 1, 1, '2023-04-12 13:20:50', NULL),
(2591, 130, 19, 1, 1, 1, 1, 1, '2023-04-12 13:20:50', NULL);
INSERT INTO `permiso_cargos` (`id`, `cargo_id`, `menu_id`, `listar`, `buscar`, `guardar`, `actualizar`, `borrar`, `created_at`, `updated_at`) VALUES
(2592, 130, 21, 1, 1, 1, 1, 1, '2023-04-12 13:20:50', NULL),
(2593, 130, 22, 1, 1, 1, 1, 1, '2023-04-12 13:20:50', NULL),
(2594, 130, 23, 1, 1, 1, 1, 1, '2023-04-12 13:20:50', NULL),
(2595, 130, 24, 1, 1, 1, 1, 1, '2023-04-12 13:20:50', NULL),
(2596, 130, 25, 1, 1, 1, 1, 1, '2023-04-12 13:20:50', NULL),
(2597, 130, 27, 1, 1, 1, 1, 1, '2023-04-12 13:20:50', NULL),
(2598, 130, 28, 1, 1, 1, 1, 1, '2023-04-12 13:20:50', NULL),
(2599, 130, 29, 1, 1, 1, 1, 1, '2023-04-12 13:20:50', NULL),
(2600, 130, 30, 1, 1, 1, 1, 1, '2023-04-12 13:20:50', NULL),
(2601, 131, 9, 1, 1, 1, 1, 1, '2023-04-12 13:20:50', NULL),
(2602, 131, 10, 1, 1, 1, 1, 1, '2023-04-12 13:20:50', NULL),
(2603, 131, 11, 1, 1, 1, 1, 1, '2023-04-12 13:20:50', NULL),
(2604, 131, 12, 1, 1, 1, 1, 1, '2023-04-12 13:20:50', NULL),
(2605, 131, 13, 1, 1, 1, 1, 1, '2023-04-12 13:20:50', NULL),
(2606, 131, 14, 1, 1, 1, 1, 1, '2023-04-12 13:20:50', NULL),
(2607, 131, 15, 1, 1, 1, 1, 1, '2023-04-12 13:20:50', NULL),
(2608, 131, 16, 1, 1, 1, 1, 1, '2023-04-12 13:20:50', NULL),
(2609, 131, 17, 1, 1, 1, 1, 1, '2023-04-12 13:20:50', NULL),
(2610, 131, 18, 1, 1, 1, 1, 1, '2023-04-12 13:20:50', NULL),
(2611, 131, 19, 1, 1, 1, 1, 1, '2023-04-12 13:20:50', NULL),
(2612, 131, 21, 1, 1, 1, 1, 1, '2023-04-12 13:20:50', NULL),
(2613, 131, 22, 1, 1, 1, 1, 1, '2023-04-12 13:20:50', NULL),
(2614, 131, 23, 1, 1, 1, 1, 1, '2023-04-12 13:20:50', NULL),
(2615, 131, 24, 1, 1, 1, 1, 1, '2023-04-12 13:20:50', NULL),
(2616, 131, 25, 1, 1, 1, 1, 1, '2023-04-12 13:20:50', NULL),
(2617, 131, 27, 1, 1, 1, 1, 1, '2023-04-12 13:20:50', NULL),
(2618, 131, 28, 1, 1, 1, 1, 1, '2023-04-12 13:20:50', NULL),
(2619, 131, 29, 1, 1, 1, 1, 1, '2023-04-12 13:20:50', NULL),
(2620, 131, 30, 1, 1, 1, 1, 1, '2023-04-12 13:20:50', NULL),
(2621, 132, 9, 1, 1, 1, 1, 1, '2023-04-12 13:20:50', NULL),
(2622, 132, 10, 1, 1, 1, 1, 1, '2023-04-12 13:20:50', NULL),
(2623, 132, 11, 1, 1, 1, 1, 1, '2023-04-12 13:20:50', NULL),
(2624, 132, 12, 1, 1, 1, 1, 1, '2023-04-12 13:20:50', NULL),
(2625, 132, 13, 1, 1, 1, 1, 1, '2023-04-12 13:20:50', NULL),
(2626, 132, 14, 1, 1, 1, 1, 1, '2023-04-12 13:20:50', NULL),
(2627, 132, 15, 1, 1, 1, 1, 1, '2023-04-12 13:20:50', NULL),
(2628, 132, 16, 1, 1, 1, 1, 1, '2023-04-12 13:20:50', NULL),
(2629, 132, 17, 1, 1, 1, 1, 1, '2023-04-12 13:20:50', NULL),
(2630, 132, 18, 1, 1, 1, 1, 1, '2023-04-12 13:20:50', NULL),
(2631, 132, 19, 1, 1, 1, 1, 1, '2023-04-12 13:20:50', NULL),
(2632, 132, 21, 1, 1, 1, 1, 1, '2023-04-12 13:20:50', NULL),
(2633, 132, 22, 1, 1, 1, 1, 1, '2023-04-12 13:20:50', NULL),
(2634, 132, 23, 1, 1, 1, 1, 1, '2023-04-12 13:20:50', NULL),
(2635, 132, 24, 1, 1, 1, 1, 1, '2023-04-12 13:20:50', NULL),
(2636, 132, 25, 1, 1, 1, 1, 1, '2023-04-12 13:20:50', NULL),
(2637, 132, 27, 1, 1, 1, 1, 1, '2023-04-12 13:20:50', NULL),
(2638, 132, 28, 1, 1, 1, 1, 1, '2023-04-12 13:20:50', NULL),
(2639, 132, 29, 1, 1, 1, 1, 1, '2023-04-12 13:20:50', NULL),
(2640, 132, 30, 1, 1, 1, 1, 1, '2023-04-12 13:20:50', NULL),
(2641, 133, 9, 1, 1, 1, 1, 1, '2023-04-12 13:20:50', NULL),
(2642, 133, 10, 1, 1, 1, 1, 1, '2023-04-12 13:20:50', NULL),
(2643, 133, 11, 1, 1, 1, 1, 1, '2023-04-12 13:20:50', NULL),
(2644, 133, 12, 1, 1, 1, 1, 1, '2023-04-12 13:20:50', NULL),
(2645, 133, 13, 1, 1, 1, 1, 1, '2023-04-12 13:20:50', NULL),
(2646, 133, 14, 1, 1, 1, 1, 1, '2023-04-12 13:20:50', NULL),
(2647, 133, 15, 1, 1, 1, 1, 1, '2023-04-12 13:20:50', NULL),
(2648, 133, 16, 1, 1, 1, 1, 1, '2023-04-12 13:20:50', NULL),
(2649, 133, 17, 1, 1, 1, 1, 1, '2023-04-12 13:20:50', NULL),
(2650, 133, 18, 1, 1, 1, 1, 1, '2023-04-12 13:20:50', NULL),
(2651, 133, 19, 1, 1, 1, 1, 1, '2023-04-12 13:20:50', NULL),
(2652, 133, 21, 1, 1, 1, 1, 1, '2023-04-12 13:20:50', NULL),
(2653, 133, 22, 1, 1, 1, 1, 1, '2023-04-12 13:20:50', NULL),
(2654, 133, 23, 1, 1, 1, 1, 1, '2023-04-12 13:20:50', NULL),
(2655, 133, 24, 1, 1, 1, 1, 1, '2023-04-12 13:20:50', NULL),
(2656, 133, 25, 1, 1, 1, 1, 1, '2023-04-12 13:20:50', NULL),
(2657, 133, 27, 1, 1, 1, 1, 1, '2023-04-12 13:20:50', NULL),
(2658, 133, 28, 1, 1, 1, 1, 1, '2023-04-12 13:20:50', NULL),
(2659, 133, 29, 1, 1, 1, 1, 1, '2023-04-12 13:20:50', NULL),
(2660, 133, 30, 1, 1, 1, 1, 1, '2023-04-12 13:20:50', NULL),
(2661, 134, 9, 1, 1, 1, 1, 1, '2023-04-12 13:20:50', NULL),
(2662, 134, 10, 1, 1, 1, 1, 1, '2023-04-12 13:20:50', NULL),
(2663, 134, 11, 1, 1, 1, 1, 1, '2023-04-12 13:20:50', NULL),
(2664, 134, 12, 1, 1, 1, 1, 1, '2023-04-12 13:20:50', NULL),
(2665, 134, 13, 1, 1, 1, 1, 1, '2023-04-12 13:20:50', NULL),
(2666, 134, 14, 1, 1, 1, 1, 1, '2023-04-12 13:20:50', NULL),
(2667, 134, 15, 1, 1, 1, 1, 1, '2023-04-12 13:20:50', NULL),
(2668, 134, 16, 1, 1, 1, 1, 1, '2023-04-12 13:20:50', NULL),
(2669, 134, 17, 1, 1, 1, 1, 1, '2023-04-12 13:20:50', NULL),
(2670, 134, 18, 1, 1, 1, 1, 1, '2023-04-12 13:20:50', NULL),
(2671, 134, 19, 1, 1, 1, 1, 1, '2023-04-12 13:20:50', NULL),
(2672, 134, 21, 1, 1, 1, 1, 1, '2023-04-12 13:20:50', NULL),
(2673, 134, 22, 1, 1, 1, 1, 1, '2023-04-12 13:20:50', NULL),
(2674, 134, 23, 1, 1, 1, 1, 1, '2023-04-12 13:20:50', NULL),
(2675, 134, 24, 1, 1, 1, 1, 1, '2023-04-12 13:20:50', NULL),
(2676, 134, 25, 1, 1, 1, 1, 1, '2023-04-12 13:20:50', NULL),
(2677, 134, 27, 1, 1, 1, 1, 1, '2023-04-12 13:20:50', NULL),
(2678, 134, 28, 1, 1, 1, 1, 1, '2023-04-12 13:20:50', NULL),
(2679, 134, 29, 1, 1, 1, 1, 1, '2023-04-12 13:20:50', NULL),
(2680, 134, 30, 1, 1, 1, 1, 1, '2023-04-12 13:20:50', NULL),
(2681, 135, 9, 1, 1, 1, 1, 1, '2023-04-12 13:20:50', NULL),
(2682, 135, 10, 1, 1, 1, 1, 1, '2023-04-12 13:20:50', NULL),
(2683, 135, 11, 1, 1, 1, 1, 1, '2023-04-12 13:20:50', NULL),
(2684, 135, 12, 1, 1, 1, 1, 1, '2023-04-12 13:20:50', NULL),
(2685, 135, 13, 1, 1, 1, 1, 1, '2023-04-12 13:20:50', NULL),
(2686, 135, 14, 1, 1, 1, 1, 1, '2023-04-12 13:20:50', NULL),
(2687, 135, 15, 1, 1, 1, 1, 1, '2023-04-12 13:20:50', NULL),
(2688, 135, 16, 1, 1, 1, 1, 1, '2023-04-12 13:20:50', NULL),
(2689, 135, 17, 1, 1, 1, 1, 1, '2023-04-12 13:20:50', NULL),
(2690, 135, 18, 1, 1, 1, 1, 1, '2023-04-12 13:20:50', NULL),
(2691, 135, 19, 1, 1, 1, 1, 1, '2023-04-12 13:20:50', NULL),
(2692, 135, 21, 1, 1, 1, 1, 1, '2023-04-12 13:20:50', NULL),
(2693, 135, 22, 1, 1, 1, 1, 1, '2023-04-12 13:20:50', NULL),
(2694, 135, 23, 1, 1, 1, 1, 1, '2023-04-12 13:20:50', NULL),
(2695, 135, 24, 1, 1, 1, 1, 1, '2023-04-12 13:20:50', NULL),
(2696, 135, 25, 1, 1, 1, 1, 1, '2023-04-12 13:20:50', NULL),
(2697, 135, 27, 1, 1, 1, 1, 1, '2023-04-12 13:20:50', NULL),
(2698, 135, 28, 1, 1, 1, 1, 1, '2023-04-12 13:20:50', NULL),
(2699, 135, 29, 1, 1, 1, 1, 1, '2023-04-12 13:20:50', NULL),
(2700, 135, 30, 1, 1, 1, 1, 1, '2023-04-12 13:20:50', NULL),
(2701, 136, 9, 1, 1, 1, 1, 1, '2023-04-12 13:20:50', NULL),
(2702, 136, 10, 1, 1, 1, 1, 1, '2023-04-12 13:20:50', NULL),
(2703, 136, 11, 1, 1, 1, 1, 1, '2023-04-12 13:20:50', NULL),
(2704, 136, 12, 1, 1, 1, 1, 1, '2023-04-12 13:20:50', NULL),
(2705, 136, 13, 1, 1, 1, 1, 1, '2023-04-12 13:20:50', NULL),
(2706, 136, 14, 1, 1, 1, 1, 1, '2023-04-12 13:20:50', NULL),
(2707, 136, 15, 1, 1, 1, 1, 1, '2023-04-12 13:20:50', NULL),
(2708, 136, 16, 1, 1, 1, 1, 1, '2023-04-12 13:20:50', NULL),
(2709, 136, 17, 1, 1, 1, 1, 1, '2023-04-12 13:20:50', NULL),
(2710, 136, 18, 1, 1, 1, 1, 1, '2023-04-12 13:20:50', NULL),
(2711, 136, 19, 1, 1, 1, 1, 1, '2023-04-12 13:20:50', NULL),
(2712, 136, 21, 1, 1, 1, 1, 1, '2023-04-12 13:20:50', NULL),
(2713, 136, 22, 1, 1, 1, 1, 1, '2023-04-12 13:20:50', NULL),
(2714, 136, 23, 1, 1, 1, 1, 1, '2023-04-12 13:20:50', NULL),
(2715, 136, 24, 1, 1, 1, 1, 1, '2023-04-12 13:20:50', NULL),
(2716, 136, 25, 1, 1, 1, 1, 1, '2023-04-12 13:20:50', NULL),
(2717, 136, 27, 1, 1, 1, 1, 1, '2023-04-12 13:20:50', NULL),
(2718, 136, 28, 1, 1, 1, 1, 1, '2023-04-12 13:20:50', NULL),
(2719, 136, 29, 1, 1, 1, 1, 1, '2023-04-12 13:20:50', NULL),
(2720, 136, 30, 1, 1, 1, 1, 1, '2023-04-12 13:20:50', NULL),
(2721, 137, 9, 1, 1, 1, 1, 1, '2023-04-12 13:20:50', NULL),
(2722, 137, 10, 1, 1, 1, 1, 1, '2023-04-12 13:20:50', NULL),
(2723, 137, 11, 1, 1, 1, 1, 1, '2023-04-12 13:20:50', NULL),
(2724, 137, 12, 1, 1, 1, 1, 1, '2023-04-12 13:20:50', NULL),
(2725, 137, 13, 1, 1, 1, 1, 1, '2023-04-12 13:20:50', NULL),
(2726, 137, 14, 1, 1, 1, 1, 1, '2023-04-12 13:20:50', NULL),
(2727, 137, 15, 1, 1, 1, 1, 1, '2023-04-12 13:20:50', NULL),
(2728, 137, 16, 1, 1, 1, 1, 1, '2023-04-12 13:20:50', NULL),
(2729, 137, 17, 1, 1, 1, 1, 1, '2023-04-12 13:20:50', NULL),
(2730, 137, 18, 1, 1, 1, 1, 1, '2023-04-12 13:20:50', NULL),
(2731, 137, 19, 1, 1, 1, 1, 1, '2023-04-12 13:20:50', NULL),
(2732, 137, 21, 1, 1, 1, 1, 1, '2023-04-12 13:20:50', NULL),
(2733, 137, 22, 1, 1, 1, 1, 1, '2023-04-12 13:20:50', NULL),
(2734, 137, 23, 1, 1, 1, 1, 1, '2023-04-12 13:20:50', NULL),
(2735, 137, 24, 1, 1, 1, 1, 1, '2023-04-12 13:20:50', NULL),
(2736, 137, 25, 1, 1, 1, 1, 1, '2023-04-12 13:20:50', NULL),
(2737, 137, 27, 1, 1, 1, 1, 1, '2023-04-12 13:20:50', NULL),
(2738, 137, 28, 1, 1, 1, 1, 1, '2023-04-12 13:20:50', NULL),
(2739, 137, 29, 1, 1, 1, 1, 1, '2023-04-12 13:20:50', NULL),
(2740, 137, 30, 1, 1, 1, 1, 1, '2023-04-12 13:20:50', NULL),
(2741, 138, 9, 1, 1, 1, 1, 1, '2023-04-12 13:20:50', NULL),
(2742, 138, 10, 1, 1, 1, 1, 1, '2023-04-12 13:20:50', NULL),
(2743, 138, 11, 1, 1, 1, 1, 1, '2023-04-12 13:20:50', NULL),
(2744, 138, 12, 1, 1, 1, 1, 1, '2023-04-12 13:20:50', NULL),
(2745, 138, 13, 1, 1, 1, 1, 1, '2023-04-12 13:20:50', NULL),
(2746, 138, 14, 1, 1, 1, 1, 1, '2023-04-12 13:20:50', NULL),
(2747, 138, 15, 1, 1, 1, 1, 1, '2023-04-12 13:20:50', NULL),
(2748, 138, 16, 1, 1, 1, 1, 1, '2023-04-12 13:20:50', NULL),
(2749, 138, 17, 1, 1, 1, 1, 1, '2023-04-12 13:20:50', NULL),
(2750, 138, 18, 1, 1, 1, 1, 1, '2023-04-12 13:20:50', NULL),
(2751, 138, 19, 1, 1, 1, 1, 1, '2023-04-12 13:20:50', NULL),
(2752, 138, 21, 1, 1, 1, 1, 1, '2023-04-12 13:20:50', NULL),
(2753, 138, 22, 1, 1, 1, 1, 1, '2023-04-12 13:20:50', NULL),
(2754, 138, 23, 1, 1, 1, 1, 1, '2023-04-12 13:20:50', NULL),
(2755, 138, 24, 1, 1, 1, 1, 1, '2023-04-12 13:20:50', NULL),
(2756, 138, 25, 1, 1, 1, 1, 1, '2023-04-12 13:20:50', NULL),
(2757, 138, 27, 1, 1, 1, 1, 1, '2023-04-12 13:20:50', NULL),
(2758, 138, 28, 1, 1, 1, 1, 1, '2023-04-12 13:20:50', NULL),
(2759, 138, 29, 1, 1, 1, 1, 1, '2023-04-12 13:20:50', NULL),
(2760, 138, 30, 1, 1, 1, 1, 1, '2023-04-12 13:20:50', NULL),
(2761, 139, 9, 1, 1, 1, 1, 1, '2023-04-12 13:20:50', NULL),
(2762, 139, 10, 1, 1, 1, 1, 1, '2023-04-12 13:20:50', NULL),
(2763, 139, 11, 1, 1, 1, 1, 1, '2023-04-12 13:20:50', NULL),
(2764, 139, 12, 1, 1, 1, 1, 1, '2023-04-12 13:20:50', NULL),
(2765, 139, 13, 1, 1, 1, 1, 1, '2023-04-12 13:20:50', NULL),
(2766, 139, 14, 1, 1, 1, 1, 1, '2023-04-12 13:20:50', NULL),
(2767, 139, 15, 1, 1, 1, 1, 1, '2023-04-12 13:20:50', NULL),
(2768, 139, 16, 1, 1, 1, 1, 1, '2023-04-12 13:20:50', NULL),
(2769, 139, 17, 1, 1, 1, 1, 1, '2023-04-12 13:20:50', NULL),
(2770, 139, 18, 1, 1, 1, 1, 1, '2023-04-12 13:20:50', NULL),
(2771, 139, 19, 1, 1, 1, 1, 1, '2023-04-12 13:20:50', NULL),
(2772, 139, 21, 1, 1, 1, 1, 1, '2023-04-12 13:20:50', NULL),
(2773, 139, 22, 1, 1, 1, 1, 1, '2023-04-12 13:20:50', NULL),
(2774, 139, 23, 1, 1, 1, 1, 1, '2023-04-12 13:20:50', NULL),
(2775, 139, 24, 1, 1, 1, 1, 1, '2023-04-12 13:20:50', NULL),
(2776, 139, 25, 1, 1, 1, 1, 1, '2023-04-12 13:20:50', NULL),
(2777, 139, 27, 1, 1, 1, 1, 1, '2023-04-12 13:20:50', NULL),
(2778, 139, 28, 1, 1, 1, 1, 1, '2023-04-12 13:20:50', NULL),
(2779, 139, 29, 1, 1, 1, 1, 1, '2023-04-12 13:20:50', NULL),
(2780, 139, 30, 1, 1, 1, 1, 1, '2023-04-12 13:20:50', NULL),
(2781, 140, 9, 1, 1, 1, 1, 1, '2023-04-12 13:20:50', NULL),
(2782, 140, 10, 1, 1, 1, 1, 1, '2023-04-12 13:20:50', NULL),
(2783, 140, 11, 1, 1, 1, 1, 1, '2023-04-12 13:20:50', NULL),
(2784, 140, 12, 1, 1, 1, 1, 1, '2023-04-12 13:20:50', NULL),
(2785, 140, 13, 1, 1, 1, 1, 1, '2023-04-12 13:20:50', NULL),
(2786, 140, 14, 1, 1, 1, 1, 1, '2023-04-12 13:20:50', NULL),
(2787, 140, 15, 1, 1, 1, 1, 1, '2023-04-12 13:20:50', NULL),
(2788, 140, 16, 1, 1, 1, 1, 1, '2023-04-12 13:20:50', NULL),
(2789, 140, 17, 1, 1, 1, 1, 1, '2023-04-12 13:20:50', NULL),
(2790, 140, 18, 1, 1, 1, 1, 1, '2023-04-12 13:20:50', NULL),
(2791, 140, 19, 1, 1, 1, 1, 1, '2023-04-12 13:20:50', NULL),
(2792, 140, 21, 1, 1, 1, 1, 1, '2023-04-12 13:20:50', NULL),
(2793, 140, 22, 1, 1, 1, 1, 1, '2023-04-12 13:20:50', NULL),
(2794, 140, 23, 1, 1, 1, 1, 1, '2023-04-12 13:20:50', NULL),
(2795, 140, 24, 1, 1, 1, 1, 1, '2023-04-12 13:20:50', NULL),
(2796, 140, 25, 1, 1, 1, 1, 1, '2023-04-12 13:20:50', NULL),
(2797, 140, 27, 1, 1, 1, 1, 1, '2023-04-12 13:20:50', NULL),
(2798, 140, 28, 1, 1, 1, 1, 1, '2023-04-12 13:20:50', NULL),
(2799, 140, 29, 1, 1, 1, 1, 1, '2023-04-12 13:20:50', NULL),
(2800, 140, 30, 1, 1, 1, 1, 1, '2023-04-12 13:20:50', NULL),
(2801, 141, 9, 1, 1, 1, 1, 1, '2023-04-12 13:20:50', NULL),
(2802, 141, 10, 1, 1, 1, 1, 1, '2023-04-12 13:20:50', NULL),
(2803, 141, 11, 1, 1, 1, 1, 1, '2023-04-12 13:20:50', NULL),
(2804, 141, 12, 1, 1, 1, 1, 1, '2023-04-12 13:20:50', NULL),
(2805, 141, 13, 1, 1, 1, 1, 1, '2023-04-12 13:20:50', NULL),
(2806, 141, 14, 1, 1, 1, 1, 1, '2023-04-12 13:20:50', NULL),
(2807, 141, 15, 1, 1, 1, 1, 1, '2023-04-12 13:20:50', NULL),
(2808, 141, 16, 1, 1, 1, 1, 1, '2023-04-12 13:20:50', NULL),
(2809, 141, 17, 1, 1, 1, 1, 1, '2023-04-12 13:20:50', NULL),
(2810, 141, 18, 1, 1, 1, 1, 1, '2023-04-12 13:20:50', NULL),
(2811, 141, 19, 1, 1, 1, 1, 1, '2023-04-12 13:20:50', NULL),
(2812, 141, 21, 1, 1, 1, 1, 1, '2023-04-12 13:20:50', NULL),
(2813, 141, 22, 1, 1, 1, 1, 1, '2023-04-12 13:20:50', NULL),
(2814, 141, 23, 1, 1, 1, 1, 1, '2023-04-12 13:20:50', NULL),
(2815, 141, 24, 1, 1, 1, 1, 1, '2023-04-12 13:20:50', NULL),
(2816, 141, 25, 1, 1, 1, 1, 1, '2023-04-12 13:20:50', NULL),
(2817, 141, 27, 1, 1, 1, 1, 1, '2023-04-12 13:20:50', NULL),
(2818, 141, 28, 1, 1, 1, 1, 1, '2023-04-12 13:20:50', NULL),
(2819, 141, 29, 1, 1, 1, 1, 1, '2023-04-12 13:20:50', NULL),
(2820, 141, 30, 1, 1, 1, 1, 1, '2023-04-12 13:20:50', NULL),
(2821, 142, 9, 1, 1, 1, 1, 1, '2023-04-12 13:20:50', NULL),
(2822, 142, 10, 1, 1, 1, 1, 1, '2023-04-12 13:20:50', NULL),
(2823, 142, 11, 1, 1, 1, 1, 1, '2023-04-12 13:20:50', NULL),
(2824, 142, 12, 1, 1, 1, 1, 1, '2023-04-12 13:20:50', NULL),
(2825, 142, 13, 1, 1, 1, 1, 1, '2023-04-12 13:20:50', NULL),
(2826, 142, 14, 1, 1, 1, 1, 1, '2023-04-12 13:20:50', NULL),
(2827, 142, 15, 1, 1, 1, 1, 1, '2023-04-12 13:20:50', NULL),
(2828, 142, 16, 1, 1, 1, 1, 1, '2023-04-12 13:20:50', NULL),
(2829, 142, 17, 1, 1, 1, 1, 1, '2023-04-12 13:20:50', NULL),
(2830, 142, 18, 1, 1, 1, 1, 1, '2023-04-12 13:20:50', NULL),
(2831, 142, 19, 1, 1, 1, 1, 1, '2023-04-12 13:20:50', NULL),
(2832, 142, 21, 1, 1, 1, 1, 1, '2023-04-12 13:20:50', NULL),
(2833, 142, 22, 1, 1, 1, 1, 1, '2023-04-12 13:20:50', NULL),
(2834, 142, 23, 1, 1, 1, 1, 1, '2023-04-12 13:20:50', NULL),
(2835, 142, 24, 1, 1, 1, 1, 1, '2023-04-12 13:20:50', NULL),
(2836, 142, 25, 1, 1, 1, 1, 1, '2023-04-12 13:20:50', NULL),
(2837, 142, 27, 1, 1, 1, 1, 1, '2023-04-12 13:20:50', NULL),
(2838, 142, 28, 1, 1, 1, 1, 1, '2023-04-12 13:20:50', NULL),
(2839, 142, 29, 1, 1, 1, 1, 1, '2023-04-12 13:20:50', NULL),
(2840, 142, 30, 1, 1, 1, 1, 1, '2023-04-12 13:20:50', NULL),
(2841, 143, 9, 1, 1, 1, 1, 1, '2023-04-12 13:20:50', NULL),
(2842, 143, 10, 1, 1, 1, 1, 1, '2023-04-12 13:20:50', NULL),
(2843, 143, 11, 1, 1, 1, 1, 1, '2023-04-12 13:20:50', NULL),
(2844, 143, 12, 1, 1, 1, 1, 1, '2023-04-12 13:20:51', NULL),
(2845, 143, 13, 1, 1, 1, 1, 1, '2023-04-12 13:20:51', NULL),
(2846, 143, 14, 1, 1, 1, 1, 1, '2023-04-12 13:20:51', NULL),
(2847, 143, 15, 1, 1, 1, 1, 1, '2023-04-12 13:20:51', NULL),
(2848, 143, 16, 1, 1, 1, 1, 1, '2023-04-12 13:20:51', NULL),
(2849, 143, 17, 1, 1, 1, 1, 1, '2023-04-12 13:20:51', NULL),
(2850, 143, 18, 1, 1, 1, 1, 1, '2023-04-12 13:20:51', NULL),
(2851, 143, 19, 1, 1, 1, 1, 1, '2023-04-12 13:20:51', NULL),
(2852, 143, 21, 1, 1, 1, 1, 1, '2023-04-12 13:20:51', NULL),
(2853, 143, 22, 1, 1, 1, 1, 1, '2023-04-12 13:20:51', NULL),
(2854, 143, 23, 1, 1, 1, 1, 1, '2023-04-12 13:20:51', NULL),
(2855, 143, 24, 1, 1, 1, 1, 1, '2023-04-12 13:20:51', NULL),
(2856, 143, 25, 1, 1, 1, 1, 1, '2023-04-12 13:20:51', NULL),
(2857, 143, 27, 1, 1, 1, 1, 1, '2023-04-12 13:20:51', NULL),
(2858, 143, 28, 1, 1, 1, 1, 1, '2023-04-12 13:20:51', NULL),
(2859, 143, 29, 1, 1, 1, 1, 1, '2023-04-12 13:20:51', NULL),
(2860, 143, 30, 1, 1, 1, 1, 1, '2023-04-12 13:20:51', NULL),
(2861, 144, 9, 1, 1, 1, 1, 1, '2023-04-12 13:20:51', NULL),
(2862, 144, 10, 1, 1, 1, 1, 1, '2023-04-12 13:20:51', NULL),
(2863, 144, 11, 1, 1, 1, 1, 1, '2023-04-12 13:20:51', NULL),
(2864, 144, 12, 1, 1, 1, 1, 1, '2023-04-12 13:20:51', NULL),
(2865, 144, 13, 1, 1, 1, 1, 1, '2023-04-12 13:20:51', NULL),
(2866, 144, 14, 1, 1, 1, 1, 1, '2023-04-12 13:20:51', NULL),
(2867, 144, 15, 1, 1, 1, 1, 1, '2023-04-12 13:20:51', NULL),
(2868, 144, 16, 1, 1, 1, 1, 1, '2023-04-12 13:20:51', NULL),
(2869, 144, 17, 1, 1, 1, 1, 1, '2023-04-12 13:20:51', NULL),
(2870, 144, 18, 1, 1, 1, 1, 1, '2023-04-12 13:20:51', NULL),
(2871, 144, 19, 1, 1, 1, 1, 1, '2023-04-12 13:20:51', NULL),
(2872, 144, 21, 1, 1, 1, 1, 1, '2023-04-12 13:20:51', NULL),
(2873, 144, 22, 1, 1, 1, 1, 1, '2023-04-12 13:20:51', NULL),
(2874, 144, 23, 1, 1, 1, 1, 1, '2023-04-12 13:20:51', NULL),
(2875, 144, 24, 1, 1, 1, 1, 1, '2023-04-12 13:20:51', NULL),
(2876, 144, 25, 1, 1, 1, 1, 1, '2023-04-12 13:20:51', NULL),
(2877, 144, 27, 1, 1, 1, 1, 1, '2023-04-12 13:20:51', NULL),
(2878, 144, 28, 1, 1, 1, 1, 1, '2023-04-12 13:20:51', NULL),
(2879, 144, 29, 1, 1, 1, 1, 1, '2023-04-12 13:20:51', NULL),
(2880, 144, 30, 1, 1, 1, 1, 1, '2023-04-12 13:20:51', NULL),
(2881, 145, 9, 1, 1, 1, 1, 1, '2023-04-12 13:20:51', NULL),
(2882, 145, 10, 1, 1, 1, 1, 1, '2023-04-12 13:20:51', NULL),
(2883, 145, 11, 1, 1, 1, 1, 1, '2023-04-12 13:20:51', NULL),
(2884, 145, 12, 1, 1, 1, 1, 1, '2023-04-12 13:20:51', NULL),
(2885, 145, 13, 1, 1, 1, 1, 1, '2023-04-12 13:20:51', NULL),
(2886, 145, 14, 1, 1, 1, 1, 1, '2023-04-12 13:20:51', NULL),
(2887, 145, 15, 1, 1, 1, 1, 1, '2023-04-12 13:20:51', NULL),
(2888, 145, 16, 1, 1, 1, 1, 1, '2023-04-12 13:20:51', NULL),
(2889, 145, 17, 1, 1, 1, 1, 1, '2023-04-12 13:20:51', NULL),
(2890, 145, 18, 1, 1, 1, 1, 1, '2023-04-12 13:20:51', NULL),
(2891, 145, 19, 1, 1, 1, 1, 1, '2023-04-12 13:20:51', NULL),
(2892, 145, 21, 1, 1, 1, 1, 1, '2023-04-12 13:20:51', NULL),
(2893, 145, 22, 1, 1, 1, 1, 1, '2023-04-12 13:20:51', NULL),
(2894, 145, 23, 1, 1, 1, 1, 1, '2023-04-12 13:20:51', NULL),
(2895, 145, 24, 1, 1, 1, 1, 1, '2023-04-12 13:20:51', NULL),
(2896, 145, 25, 1, 1, 1, 1, 1, '2023-04-12 13:20:51', NULL),
(2897, 145, 27, 1, 1, 1, 1, 1, '2023-04-12 13:20:51', NULL),
(2898, 145, 28, 1, 1, 1, 1, 1, '2023-04-12 13:20:51', NULL),
(2899, 145, 29, 1, 1, 1, 1, 1, '2023-04-12 13:20:51', NULL),
(2900, 145, 30, 1, 1, 1, 1, 1, '2023-04-12 13:20:51', NULL),
(2901, 146, 9, 1, 1, 1, 1, 1, '2023-04-12 13:20:51', NULL),
(2902, 146, 10, 1, 1, 1, 1, 1, '2023-04-12 13:20:51', NULL),
(2903, 146, 11, 1, 1, 1, 1, 1, '2023-04-12 13:20:51', NULL),
(2904, 146, 12, 1, 1, 1, 1, 1, '2023-04-12 13:20:51', NULL),
(2905, 146, 13, 1, 1, 1, 1, 1, '2023-04-12 13:20:51', NULL),
(2906, 146, 14, 1, 1, 1, 1, 1, '2023-04-12 13:20:51', NULL),
(2907, 146, 15, 1, 1, 1, 1, 1, '2023-04-12 13:20:51', NULL),
(2908, 146, 16, 1, 1, 1, 1, 1, '2023-04-12 13:20:51', NULL),
(2909, 146, 17, 1, 1, 1, 1, 1, '2023-04-12 13:20:51', NULL),
(2910, 146, 18, 1, 1, 1, 1, 1, '2023-04-12 13:20:51', NULL),
(2911, 146, 19, 1, 1, 1, 1, 1, '2023-04-12 13:20:51', NULL),
(2912, 146, 21, 1, 1, 1, 1, 1, '2023-04-12 13:20:51', NULL),
(2913, 146, 22, 1, 1, 1, 1, 1, '2023-04-12 13:20:51', NULL),
(2914, 146, 23, 1, 1, 1, 1, 1, '2023-04-12 13:20:51', NULL),
(2915, 146, 24, 1, 1, 1, 1, 1, '2023-04-12 13:20:51', NULL),
(2916, 146, 25, 1, 1, 1, 1, 1, '2023-04-12 13:20:51', NULL),
(2917, 146, 27, 1, 1, 1, 1, 1, '2023-04-12 13:20:51', NULL),
(2918, 146, 28, 1, 1, 1, 1, 1, '2023-04-12 13:20:51', NULL),
(2919, 146, 29, 1, 1, 1, 1, 1, '2023-04-12 13:20:51', NULL),
(2920, 146, 30, 1, 1, 1, 1, 1, '2023-04-12 13:20:51', NULL),
(2921, 147, 9, 1, 1, 1, 1, 1, '2023-04-12 13:20:51', NULL),
(2922, 147, 10, 1, 1, 1, 1, 1, '2023-04-12 13:20:51', NULL),
(2923, 147, 11, 1, 1, 1, 1, 1, '2023-04-12 13:20:51', NULL),
(2924, 147, 12, 1, 1, 1, 1, 1, '2023-04-12 13:20:51', NULL),
(2925, 147, 13, 1, 1, 1, 1, 1, '2023-04-12 13:20:51', NULL),
(2926, 147, 14, 1, 1, 1, 1, 1, '2023-04-12 13:20:51', NULL),
(2927, 147, 15, 1, 1, 1, 1, 1, '2023-04-12 13:20:51', NULL),
(2928, 147, 16, 1, 1, 1, 1, 1, '2023-04-12 13:20:51', NULL),
(2929, 147, 17, 1, 1, 1, 1, 1, '2023-04-12 13:20:51', NULL),
(2930, 147, 18, 1, 1, 1, 1, 1, '2023-04-12 13:20:51', NULL),
(2931, 147, 19, 1, 1, 1, 1, 1, '2023-04-12 13:20:51', NULL),
(2932, 147, 21, 1, 1, 1, 1, 1, '2023-04-12 13:20:51', NULL),
(2933, 147, 22, 1, 1, 1, 1, 1, '2023-04-12 13:20:51', NULL),
(2934, 147, 23, 1, 1, 1, 1, 1, '2023-04-12 13:20:51', NULL),
(2935, 147, 24, 1, 1, 1, 1, 1, '2023-04-12 13:20:51', NULL),
(2936, 147, 25, 1, 1, 1, 1, 1, '2023-04-12 13:20:51', NULL),
(2937, 147, 27, 1, 1, 1, 1, 1, '2023-04-12 13:20:51', NULL),
(2938, 147, 28, 1, 1, 1, 1, 1, '2023-04-12 13:20:51', NULL),
(2939, 147, 29, 1, 1, 1, 1, 1, '2023-04-12 13:20:51', NULL),
(2940, 147, 30, 1, 1, 1, 1, 1, '2023-04-12 13:20:51', NULL),
(2941, 148, 9, 1, 1, 1, 1, 1, '2023-04-12 13:20:51', NULL),
(2942, 148, 10, 1, 1, 1, 1, 1, '2023-04-12 13:20:51', NULL),
(2943, 148, 11, 1, 1, 1, 1, 1, '2023-04-12 13:20:51', NULL),
(2944, 148, 12, 1, 1, 1, 1, 1, '2023-04-12 13:20:51', NULL),
(2945, 148, 13, 1, 1, 1, 1, 1, '2023-04-12 13:20:51', NULL),
(2946, 148, 14, 1, 1, 1, 1, 1, '2023-04-12 13:20:51', NULL),
(2947, 148, 15, 1, 1, 1, 1, 1, '2023-04-12 13:20:51', NULL),
(2948, 148, 16, 1, 1, 1, 1, 1, '2023-04-12 13:20:51', NULL),
(2949, 148, 17, 1, 1, 1, 1, 1, '2023-04-12 13:20:51', NULL),
(2950, 148, 18, 1, 1, 1, 1, 1, '2023-04-12 13:20:51', NULL),
(2951, 148, 19, 1, 1, 1, 1, 1, '2023-04-12 13:20:51', NULL),
(2952, 148, 21, 1, 1, 1, 1, 1, '2023-04-12 13:20:51', NULL),
(2953, 148, 22, 1, 1, 1, 1, 1, '2023-04-12 13:20:51', NULL),
(2954, 148, 23, 1, 1, 1, 1, 1, '2023-04-12 13:20:51', NULL),
(2955, 148, 24, 1, 1, 1, 1, 1, '2023-04-12 13:20:51', NULL),
(2956, 148, 25, 1, 1, 1, 1, 1, '2023-04-12 13:20:51', NULL),
(2957, 148, 27, 1, 1, 1, 1, 1, '2023-04-12 13:20:51', NULL),
(2958, 148, 28, 1, 1, 1, 1, 1, '2023-04-12 13:20:51', NULL),
(2959, 148, 29, 1, 1, 1, 1, 1, '2023-04-12 13:20:51', NULL),
(2960, 148, 30, 1, 1, 1, 1, 1, '2023-04-12 13:20:51', NULL),
(2961, 149, 9, 1, 1, 1, 1, 1, '2023-04-12 13:20:51', NULL),
(2962, 149, 10, 1, 1, 1, 1, 1, '2023-04-12 13:20:51', NULL),
(2963, 149, 11, 1, 1, 1, 1, 1, '2023-04-12 13:20:51', NULL),
(2964, 149, 12, 1, 1, 1, 1, 1, '2023-04-12 13:20:51', NULL),
(2965, 149, 13, 1, 1, 1, 1, 1, '2023-04-12 13:20:51', NULL),
(2966, 149, 14, 1, 1, 1, 1, 1, '2023-04-12 13:20:51', NULL),
(2967, 149, 15, 1, 1, 1, 1, 1, '2023-04-12 13:20:51', NULL),
(2968, 149, 16, 1, 1, 1, 1, 1, '2023-04-12 13:20:51', NULL),
(2969, 149, 17, 1, 1, 1, 1, 1, '2023-04-12 13:20:51', NULL),
(2970, 149, 18, 1, 1, 1, 1, 1, '2023-04-12 13:20:51', NULL),
(2971, 149, 19, 1, 1, 1, 1, 1, '2023-04-12 13:20:51', NULL),
(2972, 149, 21, 1, 1, 1, 1, 1, '2023-04-12 13:20:51', NULL),
(2973, 149, 22, 1, 1, 1, 1, 1, '2023-04-12 13:20:51', NULL),
(2974, 149, 23, 1, 1, 1, 1, 1, '2023-04-12 13:20:51', NULL),
(2975, 149, 24, 1, 1, 1, 1, 1, '2023-04-12 13:20:51', NULL),
(2976, 149, 25, 1, 1, 1, 1, 1, '2023-04-12 13:20:51', NULL),
(2977, 149, 27, 1, 1, 1, 1, 1, '2023-04-12 13:20:51', NULL),
(2978, 149, 28, 1, 1, 1, 1, 1, '2023-04-12 13:20:51', NULL),
(2979, 149, 29, 1, 1, 1, 1, 1, '2023-04-12 13:20:51', NULL),
(2980, 149, 30, 1, 1, 1, 1, 1, '2023-04-12 13:20:51', NULL),
(2981, 150, 9, 1, 1, 1, 1, 1, '2023-04-12 13:20:51', NULL),
(2982, 150, 10, 1, 1, 1, 1, 1, '2023-04-12 13:20:51', NULL),
(2983, 150, 11, 1, 1, 1, 1, 1, '2023-04-12 13:20:51', NULL),
(2984, 150, 12, 1, 1, 1, 1, 1, '2023-04-12 13:20:51', NULL),
(2985, 150, 13, 1, 1, 1, 1, 1, '2023-04-12 13:20:51', NULL),
(2986, 150, 14, 1, 1, 1, 1, 1, '2023-04-12 13:20:51', NULL),
(2987, 150, 15, 1, 1, 1, 1, 1, '2023-04-12 13:20:51', NULL),
(2988, 150, 16, 1, 1, 1, 1, 1, '2023-04-12 13:20:51', NULL),
(2989, 150, 17, 1, 1, 1, 1, 1, '2023-04-12 13:20:51', NULL),
(2990, 150, 18, 1, 1, 1, 1, 1, '2023-04-12 13:20:51', NULL),
(2991, 150, 19, 1, 1, 1, 1, 1, '2023-04-12 13:20:51', NULL),
(2992, 150, 21, 1, 1, 1, 1, 1, '2023-04-12 13:20:51', NULL),
(2993, 150, 22, 1, 1, 1, 1, 1, '2023-04-12 13:20:51', NULL),
(2994, 150, 23, 1, 1, 1, 1, 1, '2023-04-12 13:20:51', NULL),
(2995, 150, 24, 1, 1, 1, 1, 1, '2023-04-12 13:20:51', NULL),
(2996, 150, 25, 1, 1, 1, 1, 1, '2023-04-12 13:20:51', NULL),
(2997, 150, 27, 1, 1, 1, 1, 1, '2023-04-12 13:20:51', NULL),
(2998, 150, 28, 1, 1, 1, 1, 1, '2023-04-12 13:20:51', NULL),
(2999, 150, 29, 1, 1, 1, 1, 1, '2023-04-12 13:20:51', NULL),
(3000, 150, 30, 1, 1, 1, 1, 1, '2023-04-12 13:20:51', NULL),
(3001, 151, 9, 1, 1, 1, 1, 1, '2023-04-12 13:20:51', NULL),
(3002, 151, 10, 1, 1, 1, 1, 1, '2023-04-12 13:20:51', NULL),
(3003, 151, 11, 1, 1, 1, 1, 1, '2023-04-12 13:20:51', NULL),
(3004, 151, 12, 1, 1, 1, 1, 1, '2023-04-12 13:20:51', NULL),
(3005, 151, 13, 1, 1, 1, 1, 1, '2023-04-12 13:20:51', NULL),
(3006, 151, 14, 1, 1, 1, 1, 1, '2023-04-12 13:20:51', NULL),
(3007, 151, 15, 1, 1, 1, 1, 1, '2023-04-12 13:20:51', NULL),
(3008, 151, 16, 1, 1, 1, 1, 1, '2023-04-12 13:20:51', NULL),
(3009, 151, 17, 1, 1, 1, 1, 1, '2023-04-12 13:20:51', NULL),
(3010, 151, 18, 1, 1, 1, 1, 1, '2023-04-12 13:20:51', NULL),
(3011, 151, 19, 1, 1, 1, 1, 1, '2023-04-12 13:20:51', NULL),
(3012, 151, 21, 1, 1, 1, 1, 1, '2023-04-12 13:20:51', NULL),
(3013, 151, 22, 1, 1, 1, 1, 1, '2023-04-12 13:20:51', NULL),
(3014, 151, 23, 1, 1, 1, 1, 1, '2023-04-12 13:20:51', NULL),
(3015, 151, 24, 1, 1, 1, 1, 1, '2023-04-12 13:20:51', NULL),
(3016, 151, 25, 1, 1, 1, 1, 1, '2023-04-12 13:20:51', NULL),
(3017, 151, 27, 1, 1, 1, 1, 1, '2023-04-12 13:20:51', NULL),
(3018, 151, 28, 1, 1, 1, 1, 1, '2023-04-12 13:20:51', NULL),
(3019, 151, 29, 1, 1, 1, 1, 1, '2023-04-12 13:20:51', NULL),
(3020, 151, 30, 1, 1, 1, 1, 1, '2023-04-12 13:20:51', NULL),
(3021, 152, 9, 1, 1, 1, 1, 1, '2023-04-12 13:20:51', NULL),
(3022, 152, 10, 1, 1, 1, 1, 1, '2023-04-12 13:20:51', NULL),
(3023, 152, 11, 1, 1, 1, 1, 1, '2023-04-12 13:20:51', NULL),
(3024, 152, 12, 1, 1, 1, 1, 1, '2023-04-12 13:20:51', NULL),
(3025, 152, 13, 1, 1, 1, 1, 1, '2023-04-12 13:20:51', NULL),
(3026, 152, 14, 1, 1, 1, 1, 1, '2023-04-12 13:20:51', NULL),
(3027, 152, 15, 1, 1, 1, 1, 1, '2023-04-12 13:20:51', NULL),
(3028, 152, 16, 1, 1, 1, 1, 1, '2023-04-12 13:20:51', NULL),
(3029, 152, 17, 1, 1, 1, 1, 1, '2023-04-12 13:20:51', NULL),
(3030, 152, 18, 1, 1, 1, 1, 1, '2023-04-12 13:20:51', NULL),
(3031, 152, 19, 1, 1, 1, 1, 1, '2023-04-12 13:20:51', NULL),
(3032, 152, 21, 1, 1, 1, 1, 1, '2023-04-12 13:20:51', NULL),
(3033, 152, 22, 1, 1, 1, 1, 1, '2023-04-12 13:20:51', NULL),
(3034, 152, 23, 1, 1, 1, 1, 1, '2023-04-12 13:20:51', NULL),
(3035, 152, 24, 1, 1, 1, 1, 1, '2023-04-12 13:20:51', NULL),
(3036, 152, 25, 1, 1, 1, 1, 1, '2023-04-12 13:20:51', NULL),
(3037, 152, 27, 1, 1, 1, 1, 1, '2023-04-12 13:20:51', NULL),
(3038, 152, 28, 1, 1, 1, 1, 1, '2023-04-12 13:20:51', NULL),
(3039, 152, 29, 1, 1, 1, 1, 1, '2023-04-12 13:20:51', NULL),
(3040, 152, 30, 1, 1, 1, 1, 1, '2023-04-12 13:20:51', NULL),
(3041, 153, 9, 1, 1, 1, 1, 1, '2023-04-12 13:20:51', NULL),
(3042, 153, 10, 1, 1, 1, 1, 1, '2023-04-12 13:20:51', NULL),
(3043, 153, 11, 1, 1, 1, 1, 1, '2023-04-12 13:20:51', NULL),
(3044, 153, 12, 1, 1, 1, 1, 1, '2023-04-12 13:20:51', NULL),
(3045, 153, 13, 1, 1, 1, 1, 1, '2023-04-12 13:20:51', NULL),
(3046, 153, 14, 1, 1, 1, 1, 1, '2023-04-12 13:20:51', NULL),
(3047, 153, 15, 1, 1, 1, 1, 1, '2023-04-12 13:20:51', NULL),
(3048, 153, 16, 1, 1, 1, 1, 1, '2023-04-12 13:20:51', NULL),
(3049, 153, 17, 1, 1, 1, 1, 1, '2023-04-12 13:20:51', NULL),
(3050, 153, 18, 1, 1, 1, 1, 1, '2023-04-12 13:20:51', NULL),
(3051, 153, 19, 1, 1, 1, 1, 1, '2023-04-12 13:20:51', NULL),
(3052, 153, 21, 1, 1, 1, 1, 1, '2023-04-12 13:20:51', NULL),
(3053, 153, 22, 1, 1, 1, 1, 1, '2023-04-12 13:20:51', NULL),
(3054, 153, 23, 1, 1, 1, 1, 1, '2023-04-12 13:20:51', NULL),
(3055, 153, 24, 1, 1, 1, 1, 1, '2023-04-12 13:20:51', NULL),
(3056, 153, 25, 1, 1, 1, 1, 1, '2023-04-12 13:20:51', NULL),
(3057, 153, 27, 1, 1, 1, 1, 1, '2023-04-12 13:20:51', NULL),
(3058, 153, 28, 1, 1, 1, 1, 1, '2023-04-12 13:20:51', NULL),
(3059, 153, 29, 1, 1, 1, 1, 1, '2023-04-12 13:20:51', NULL),
(3060, 153, 30, 1, 1, 1, 1, 1, '2023-04-12 13:20:51', NULL),
(3061, 154, 9, 1, 1, 1, 1, 1, '2023-04-12 13:20:51', NULL),
(3062, 154, 10, 1, 1, 1, 1, 1, '2023-04-12 13:20:51', NULL),
(3063, 154, 11, 1, 1, 1, 1, 1, '2023-04-12 13:20:51', NULL),
(3064, 154, 12, 1, 1, 1, 1, 1, '2023-04-12 13:20:51', NULL),
(3065, 154, 13, 1, 1, 1, 1, 1, '2023-04-12 13:20:51', NULL),
(3066, 154, 14, 1, 1, 1, 1, 1, '2023-04-12 13:20:51', NULL),
(3067, 154, 15, 1, 1, 1, 1, 1, '2023-04-12 13:20:51', NULL),
(3068, 154, 16, 1, 1, 1, 1, 1, '2023-04-12 13:20:51', NULL),
(3069, 154, 17, 1, 1, 1, 1, 1, '2023-04-12 13:20:51', NULL),
(3070, 154, 18, 1, 1, 1, 1, 1, '2023-04-12 13:20:51', NULL),
(3071, 154, 19, 1, 1, 1, 1, 1, '2023-04-12 13:20:51', NULL),
(3072, 154, 21, 1, 1, 1, 1, 1, '2023-04-12 13:20:51', NULL),
(3073, 154, 22, 1, 1, 1, 1, 1, '2023-04-12 13:20:51', NULL),
(3074, 154, 23, 1, 1, 1, 1, 1, '2023-04-12 13:20:51', NULL),
(3075, 154, 24, 1, 1, 1, 1, 1, '2023-04-12 13:20:51', NULL),
(3076, 154, 25, 1, 1, 1, 1, 1, '2023-04-12 13:20:51', NULL),
(3077, 154, 27, 1, 1, 1, 1, 1, '2023-04-12 13:20:51', NULL),
(3078, 154, 28, 1, 1, 1, 1, 1, '2023-04-12 13:20:51', NULL),
(3079, 154, 29, 1, 1, 1, 1, 1, '2023-04-12 13:20:51', NULL),
(3080, 154, 30, 1, 1, 1, 1, 1, '2023-04-12 13:20:51', NULL),
(3081, 155, 9, 1, 1, 1, 1, 1, '2023-04-12 13:20:51', NULL),
(3082, 155, 10, 1, 1, 1, 1, 1, '2023-04-12 13:20:51', NULL),
(3083, 155, 11, 1, 1, 1, 1, 1, '2023-04-12 13:20:51', NULL),
(3084, 155, 12, 1, 1, 1, 1, 1, '2023-04-12 13:20:51', NULL),
(3085, 155, 13, 1, 1, 1, 1, 1, '2023-04-12 13:20:51', NULL),
(3086, 155, 14, 1, 1, 1, 1, 1, '2023-04-12 13:20:51', NULL),
(3087, 155, 15, 1, 1, 1, 1, 1, '2023-04-12 13:20:51', NULL),
(3088, 155, 16, 1, 1, 1, 1, 1, '2023-04-12 13:20:51', NULL),
(3089, 155, 17, 1, 1, 1, 1, 1, '2023-04-12 13:20:51', NULL),
(3090, 155, 18, 1, 1, 1, 1, 1, '2023-04-12 13:20:51', NULL),
(3091, 155, 19, 1, 1, 1, 1, 1, '2023-04-12 13:20:51', NULL),
(3092, 155, 21, 1, 1, 1, 1, 1, '2023-04-12 13:20:51', NULL),
(3093, 155, 22, 1, 1, 1, 1, 1, '2023-04-12 13:20:51', NULL),
(3094, 155, 23, 1, 1, 1, 1, 1, '2023-04-12 13:20:51', NULL),
(3095, 155, 24, 1, 1, 1, 1, 1, '2023-04-12 13:20:51', NULL),
(3096, 155, 25, 1, 1, 1, 1, 1, '2023-04-12 13:20:51', NULL),
(3097, 155, 27, 1, 1, 1, 1, 1, '2023-04-12 13:20:51', NULL),
(3098, 155, 28, 1, 1, 1, 1, 1, '2023-04-12 13:20:51', NULL),
(3099, 155, 29, 1, 1, 1, 1, 1, '2023-04-12 13:20:51', NULL),
(3100, 155, 30, 1, 1, 1, 1, 1, '2023-04-12 13:20:51', NULL),
(3101, 156, 9, 1, 1, 1, 1, 1, '2023-04-12 13:20:51', NULL),
(3102, 156, 10, 1, 1, 1, 1, 1, '2023-04-12 13:20:51', NULL),
(3103, 156, 11, 1, 1, 1, 1, 1, '2023-04-12 13:20:51', NULL),
(3104, 156, 12, 1, 1, 1, 1, 1, '2023-04-12 13:20:51', NULL),
(3105, 156, 13, 1, 1, 1, 1, 1, '2023-04-12 13:20:51', NULL),
(3106, 156, 14, 1, 1, 1, 1, 1, '2023-04-12 13:20:51', NULL),
(3107, 156, 15, 1, 1, 1, 1, 1, '2023-04-12 13:20:51', NULL),
(3108, 156, 16, 1, 1, 1, 1, 1, '2023-04-12 13:20:51', NULL),
(3109, 156, 17, 1, 1, 1, 1, 1, '2023-04-12 13:20:51', NULL),
(3110, 156, 18, 1, 1, 1, 1, 1, '2023-04-12 13:20:51', NULL),
(3111, 156, 19, 1, 1, 1, 1, 1, '2023-04-12 13:20:51', NULL),
(3112, 156, 21, 1, 1, 1, 1, 1, '2023-04-12 13:20:51', NULL),
(3113, 156, 22, 1, 1, 1, 1, 1, '2023-04-12 13:20:51', NULL),
(3114, 156, 23, 1, 1, 1, 1, 1, '2023-04-12 13:20:51', NULL),
(3115, 156, 24, 1, 1, 1, 1, 1, '2023-04-12 13:20:51', NULL),
(3116, 156, 25, 1, 1, 1, 1, 1, '2023-04-12 13:20:51', NULL),
(3117, 156, 27, 1, 1, 1, 1, 1, '2023-04-12 13:20:51', NULL),
(3118, 156, 28, 1, 1, 1, 1, 1, '2023-04-12 13:20:51', NULL),
(3119, 156, 29, 1, 1, 1, 1, 1, '2023-04-12 13:20:51', NULL),
(3120, 156, 30, 1, 1, 1, 1, 1, '2023-04-12 13:20:51', NULL),
(3121, 157, 9, 1, 1, 1, 1, 1, '2023-04-12 13:20:51', NULL),
(3122, 157, 10, 1, 1, 1, 1, 1, '2023-04-12 13:20:51', NULL),
(3123, 157, 11, 1, 1, 1, 1, 1, '2023-04-12 13:20:51', NULL),
(3124, 157, 12, 1, 1, 1, 1, 1, '2023-04-12 13:20:51', NULL),
(3125, 157, 13, 1, 1, 1, 1, 1, '2023-04-12 13:20:51', NULL),
(3126, 157, 14, 1, 1, 1, 1, 1, '2023-04-12 13:20:51', NULL),
(3127, 157, 15, 1, 1, 1, 1, 1, '2023-04-12 13:20:51', NULL),
(3128, 157, 16, 1, 1, 1, 1, 1, '2023-04-12 13:20:51', NULL),
(3129, 157, 17, 1, 1, 1, 1, 1, '2023-04-12 13:20:51', NULL),
(3130, 157, 18, 1, 1, 1, 1, 1, '2023-04-12 13:20:51', NULL),
(3131, 157, 19, 1, 1, 1, 1, 1, '2023-04-12 13:20:51', NULL),
(3132, 157, 21, 1, 1, 1, 1, 1, '2023-04-12 13:20:51', NULL),
(3133, 157, 22, 1, 1, 1, 1, 1, '2023-04-12 13:20:51', NULL),
(3134, 157, 23, 1, 1, 1, 1, 1, '2023-04-12 13:20:51', NULL),
(3135, 157, 24, 1, 1, 1, 1, 1, '2023-04-12 13:20:51', NULL),
(3136, 157, 25, 1, 1, 1, 1, 1, '2023-04-12 13:20:51', NULL),
(3137, 157, 27, 1, 1, 1, 1, 1, '2023-04-12 13:20:51', NULL),
(3138, 157, 28, 1, 1, 1, 1, 1, '2023-04-12 13:20:51', NULL),
(3139, 157, 29, 1, 1, 1, 1, 1, '2023-04-12 13:20:51', NULL),
(3140, 157, 30, 1, 1, 1, 1, 1, '2023-04-12 13:20:51', NULL),
(3141, 158, 9, 1, 1, 1, 1, 1, '2023-04-12 13:20:51', NULL),
(3142, 158, 10, 1, 1, 1, 1, 1, '2023-04-12 13:20:51', NULL),
(3143, 158, 11, 1, 1, 1, 1, 1, '2023-04-12 13:20:51', NULL),
(3144, 158, 12, 1, 1, 1, 1, 1, '2023-04-12 13:20:51', NULL),
(3145, 158, 13, 1, 1, 1, 1, 1, '2023-04-12 13:20:51', NULL),
(3146, 158, 14, 1, 1, 1, 1, 1, '2023-04-12 13:20:51', NULL),
(3147, 158, 15, 1, 1, 1, 1, 1, '2023-04-12 13:20:51', NULL),
(3148, 158, 16, 1, 1, 1, 1, 1, '2023-04-12 13:20:51', NULL),
(3149, 158, 17, 1, 1, 1, 1, 1, '2023-04-12 13:20:51', NULL),
(3150, 158, 18, 1, 1, 1, 1, 1, '2023-04-12 13:20:51', NULL),
(3151, 158, 19, 1, 1, 1, 1, 1, '2023-04-12 13:20:51', NULL),
(3152, 158, 21, 1, 1, 1, 1, 1, '2023-04-12 13:20:51', NULL),
(3153, 158, 22, 1, 1, 1, 1, 1, '2023-04-12 13:20:51', NULL),
(3154, 158, 23, 1, 1, 1, 1, 1, '2023-04-12 13:20:51', NULL),
(3155, 158, 24, 1, 1, 1, 1, 1, '2023-04-12 13:20:51', NULL),
(3156, 158, 25, 1, 1, 1, 1, 1, '2023-04-12 13:20:51', NULL),
(3157, 158, 27, 1, 1, 1, 1, 1, '2023-04-12 13:20:51', NULL),
(3158, 158, 28, 1, 1, 1, 1, 1, '2023-04-12 13:20:51', NULL),
(3159, 158, 29, 1, 1, 1, 1, 1, '2023-04-12 13:20:51', NULL),
(3160, 158, 30, 1, 1, 1, 1, 1, '2023-04-12 13:20:51', NULL),
(3161, 159, 9, 1, 1, 1, 1, 1, '2023-04-12 13:20:51', NULL),
(3162, 159, 10, 1, 1, 1, 1, 1, '2023-04-12 13:20:51', NULL),
(3163, 159, 11, 1, 1, 1, 1, 1, '2023-04-12 13:20:51', NULL),
(3164, 159, 12, 1, 1, 1, 1, 1, '2023-04-12 13:20:51', NULL),
(3165, 159, 13, 1, 1, 1, 1, 1, '2023-04-12 13:20:51', NULL),
(3166, 159, 14, 1, 1, 1, 1, 1, '2023-04-12 13:20:51', NULL),
(3167, 159, 15, 1, 1, 1, 1, 1, '2023-04-12 13:20:51', NULL),
(3168, 159, 16, 1, 1, 1, 1, 1, '2023-04-12 13:20:51', NULL),
(3169, 159, 17, 1, 1, 1, 1, 1, '2023-04-12 13:20:51', NULL),
(3170, 159, 18, 1, 1, 1, 1, 1, '2023-04-12 13:20:51', NULL),
(3171, 159, 19, 1, 1, 1, 1, 1, '2023-04-12 13:20:51', NULL),
(3172, 159, 21, 1, 1, 1, 1, 1, '2023-04-12 13:20:51', NULL),
(3173, 159, 22, 1, 1, 1, 1, 1, '2023-04-12 13:20:51', NULL),
(3174, 159, 23, 1, 1, 1, 1, 1, '2023-04-12 13:20:51', NULL),
(3175, 159, 24, 1, 1, 1, 1, 1, '2023-04-12 13:20:51', NULL),
(3176, 159, 25, 1, 1, 1, 1, 1, '2023-04-12 13:20:51', NULL),
(3177, 159, 27, 1, 1, 1, 1, 1, '2023-04-12 13:20:51', NULL),
(3178, 159, 28, 1, 1, 1, 1, 1, '2023-04-12 13:20:51', NULL),
(3179, 159, 29, 1, 1, 1, 1, 1, '2023-04-12 13:20:51', NULL),
(3180, 159, 30, 1, 1, 1, 1, 1, '2023-04-12 13:20:51', NULL),
(3181, 160, 9, 1, 1, 1, 1, 1, '2023-04-12 13:20:51', NULL),
(3182, 160, 10, 1, 1, 1, 1, 1, '2023-04-12 13:20:51', NULL),
(3183, 160, 11, 1, 1, 1, 1, 1, '2023-04-12 13:20:51', NULL),
(3184, 160, 12, 1, 1, 1, 1, 1, '2023-04-12 13:20:51', NULL),
(3185, 160, 13, 1, 1, 1, 1, 1, '2023-04-12 13:20:51', NULL),
(3186, 160, 14, 1, 1, 1, 1, 1, '2023-04-12 13:20:51', NULL),
(3187, 160, 15, 1, 1, 1, 1, 1, '2023-04-12 13:20:51', NULL),
(3188, 160, 16, 1, 1, 1, 1, 1, '2023-04-12 13:20:51', NULL),
(3189, 160, 17, 1, 1, 1, 1, 1, '2023-04-12 13:20:51', NULL),
(3190, 160, 18, 1, 1, 1, 1, 1, '2023-04-12 13:20:51', NULL),
(3191, 160, 19, 1, 1, 1, 1, 1, '2023-04-12 13:20:51', NULL),
(3192, 160, 21, 1, 1, 1, 1, 1, '2023-04-12 13:20:51', NULL),
(3193, 160, 22, 1, 1, 1, 1, 1, '2023-04-12 13:20:51', NULL),
(3194, 160, 23, 1, 1, 1, 1, 1, '2023-04-12 13:20:51', NULL),
(3195, 160, 24, 1, 1, 1, 1, 1, '2023-04-12 13:20:51', NULL),
(3196, 160, 25, 1, 1, 1, 1, 1, '2023-04-12 13:20:51', NULL),
(3197, 160, 27, 1, 1, 1, 1, 1, '2023-04-12 13:20:51', NULL),
(3198, 160, 28, 1, 1, 1, 1, 1, '2023-04-12 13:20:51', NULL),
(3199, 160, 29, 1, 1, 1, 1, 1, '2023-04-12 13:20:51', NULL),
(3200, 160, 30, 1, 1, 1, 1, 1, '2023-04-12 13:20:51', NULL),
(3201, 161, 9, 1, 1, 1, 1, 1, '2023-04-12 13:20:51', NULL),
(3202, 161, 10, 1, 1, 1, 1, 1, '2023-04-12 13:20:51', NULL),
(3203, 161, 11, 1, 1, 1, 1, 1, '2023-04-12 13:20:51', NULL),
(3204, 161, 12, 1, 1, 1, 1, 1, '2023-04-12 13:20:51', NULL),
(3205, 161, 13, 1, 1, 1, 1, 1, '2023-04-12 13:20:51', NULL),
(3206, 161, 14, 1, 1, 1, 1, 1, '2023-04-12 13:20:51', NULL),
(3207, 161, 15, 1, 1, 1, 1, 1, '2023-04-12 13:20:51', NULL),
(3208, 161, 16, 1, 1, 1, 1, 1, '2023-04-12 13:20:51', NULL),
(3209, 161, 17, 1, 1, 1, 1, 1, '2023-04-12 13:20:51', NULL),
(3210, 161, 18, 1, 1, 1, 1, 1, '2023-04-12 13:20:51', NULL),
(3211, 161, 19, 1, 1, 1, 1, 1, '2023-04-12 13:20:51', NULL),
(3212, 161, 21, 1, 1, 1, 1, 1, '2023-04-12 13:20:51', NULL),
(3213, 161, 22, 1, 1, 1, 1, 1, '2023-04-12 13:20:51', NULL),
(3214, 161, 23, 1, 1, 1, 1, 1, '2023-04-12 13:20:51', NULL),
(3215, 161, 24, 1, 1, 1, 1, 1, '2023-04-12 13:20:51', NULL),
(3216, 161, 25, 1, 1, 1, 1, 1, '2023-04-12 13:20:51', NULL),
(3217, 161, 27, 1, 1, 1, 1, 1, '2023-04-12 13:20:51', NULL),
(3218, 161, 28, 1, 1, 1, 1, 1, '2023-04-12 13:20:51', NULL),
(3219, 161, 29, 1, 1, 1, 1, 1, '2023-04-12 13:20:51', NULL),
(3220, 161, 30, 1, 1, 1, 1, 1, '2023-04-12 13:20:51', NULL),
(3221, 162, 9, 1, 1, 1, 1, 1, '2023-04-12 13:20:51', NULL),
(3222, 162, 10, 1, 1, 1, 1, 1, '2023-04-12 13:20:51', NULL),
(3223, 162, 11, 1, 1, 1, 1, 1, '2023-04-12 13:20:51', NULL),
(3224, 162, 12, 1, 1, 1, 1, 1, '2023-04-12 13:20:52', NULL),
(3225, 162, 13, 1, 1, 1, 1, 1, '2023-04-12 13:20:52', NULL),
(3226, 162, 14, 1, 1, 1, 1, 1, '2023-04-12 13:20:52', NULL),
(3227, 162, 15, 1, 1, 1, 1, 1, '2023-04-12 13:20:52', NULL),
(3228, 162, 16, 1, 1, 1, 1, 1, '2023-04-12 13:20:52', NULL),
(3229, 162, 17, 1, 1, 1, 1, 1, '2023-04-12 13:20:52', NULL),
(3230, 162, 18, 1, 1, 1, 1, 1, '2023-04-12 13:20:52', NULL),
(3231, 162, 19, 1, 1, 1, 1, 1, '2023-04-12 13:20:52', NULL),
(3232, 162, 21, 1, 1, 1, 1, 1, '2023-04-12 13:20:52', NULL),
(3233, 162, 22, 1, 1, 1, 1, 1, '2023-04-12 13:20:52', NULL),
(3234, 162, 23, 1, 1, 1, 1, 1, '2023-04-12 13:20:52', NULL),
(3235, 162, 24, 1, 1, 1, 1, 1, '2023-04-12 13:20:52', NULL),
(3236, 162, 25, 1, 1, 1, 1, 1, '2023-04-12 13:20:52', NULL),
(3237, 162, 27, 1, 1, 1, 1, 1, '2023-04-12 13:20:52', NULL),
(3238, 162, 28, 1, 1, 1, 1, 1, '2023-04-12 13:20:52', NULL),
(3239, 162, 29, 1, 1, 1, 1, 1, '2023-04-12 13:20:52', NULL),
(3240, 162, 30, 1, 1, 1, 1, 1, '2023-04-12 13:20:52', NULL),
(3241, 163, 9, 1, 1, 1, 1, 1, '2023-04-12 13:20:52', NULL),
(3242, 163, 10, 1, 1, 1, 1, 1, '2023-04-12 13:20:52', NULL),
(3243, 163, 11, 1, 1, 1, 1, 1, '2023-04-12 13:20:52', NULL),
(3244, 163, 12, 1, 1, 1, 1, 1, '2023-04-12 13:20:52', NULL),
(3245, 163, 13, 1, 1, 1, 1, 1, '2023-04-12 13:20:52', NULL),
(3246, 163, 14, 1, 1, 1, 1, 1, '2023-04-12 13:20:52', NULL),
(3247, 163, 15, 1, 1, 1, 1, 1, '2023-04-12 13:20:52', NULL),
(3248, 163, 16, 1, 1, 1, 1, 1, '2023-04-12 13:20:52', NULL),
(3249, 163, 17, 1, 1, 1, 1, 1, '2023-04-12 13:20:52', NULL),
(3250, 163, 18, 1, 1, 1, 1, 1, '2023-04-12 13:20:52', NULL),
(3251, 163, 19, 1, 1, 1, 1, 1, '2023-04-12 13:20:52', NULL),
(3252, 163, 21, 1, 1, 1, 1, 1, '2023-04-12 13:20:52', NULL),
(3253, 163, 22, 1, 1, 1, 1, 1, '2023-04-12 13:20:52', NULL),
(3254, 163, 23, 1, 1, 1, 1, 1, '2023-04-12 13:20:52', NULL),
(3255, 163, 24, 1, 1, 1, 1, 1, '2023-04-12 13:20:52', NULL),
(3256, 163, 25, 1, 1, 1, 1, 1, '2023-04-12 13:20:52', NULL),
(3257, 163, 27, 1, 1, 1, 1, 1, '2023-04-12 13:20:52', NULL),
(3258, 163, 28, 1, 1, 1, 1, 1, '2023-04-12 13:20:52', NULL),
(3259, 163, 29, 1, 1, 1, 1, 1, '2023-04-12 13:20:52', NULL),
(3260, 163, 30, 1, 1, 1, 1, 1, '2023-04-12 13:20:52', NULL),
(3261, 164, 9, 1, 1, 1, 1, 1, '2023-04-12 13:20:52', NULL),
(3262, 164, 10, 1, 1, 1, 1, 1, '2023-04-12 13:20:52', NULL),
(3263, 164, 11, 1, 1, 1, 1, 1, '2023-04-12 13:20:52', NULL),
(3264, 164, 12, 1, 1, 1, 1, 1, '2023-04-12 13:20:52', NULL),
(3265, 164, 13, 1, 1, 1, 1, 1, '2023-04-12 13:20:52', NULL),
(3266, 164, 14, 1, 1, 1, 1, 1, '2023-04-12 13:20:52', NULL),
(3267, 164, 15, 1, 1, 1, 1, 1, '2023-04-12 13:20:52', NULL),
(3268, 164, 16, 1, 1, 1, 1, 1, '2023-04-12 13:20:52', NULL),
(3269, 164, 17, 1, 1, 1, 1, 1, '2023-04-12 13:20:52', NULL),
(3270, 164, 18, 1, 1, 1, 1, 1, '2023-04-12 13:20:52', NULL),
(3271, 164, 19, 1, 1, 1, 1, 1, '2023-04-12 13:20:52', NULL),
(3272, 164, 21, 1, 1, 1, 1, 1, '2023-04-12 13:20:52', NULL),
(3273, 164, 22, 1, 1, 1, 1, 1, '2023-04-12 13:20:52', NULL),
(3274, 164, 23, 1, 1, 1, 1, 1, '2023-04-12 13:20:52', NULL),
(3275, 164, 24, 1, 1, 1, 1, 1, '2023-04-12 13:20:52', NULL),
(3276, 164, 25, 1, 1, 1, 1, 1, '2023-04-12 13:20:52', NULL),
(3277, 164, 27, 1, 1, 1, 1, 1, '2023-04-12 13:20:52', NULL),
(3278, 164, 28, 1, 1, 1, 1, 1, '2023-04-12 13:20:52', NULL),
(3279, 164, 29, 1, 1, 1, 1, 1, '2023-04-12 13:20:52', NULL),
(3280, 164, 30, 1, 1, 1, 1, 1, '2023-04-12 13:20:52', NULL),
(3281, 165, 9, 1, 1, 1, 1, 1, '2023-04-12 13:20:52', NULL),
(3282, 165, 10, 1, 1, 1, 1, 1, '2023-04-12 13:20:52', NULL),
(3283, 165, 11, 1, 1, 1, 1, 1, '2023-04-12 13:20:52', NULL),
(3284, 165, 12, 1, 1, 1, 1, 1, '2023-04-12 13:20:52', NULL),
(3285, 165, 13, 1, 1, 1, 1, 1, '2023-04-12 13:20:52', NULL),
(3286, 165, 14, 1, 1, 1, 1, 1, '2023-04-12 13:20:52', NULL),
(3287, 165, 15, 1, 1, 1, 1, 1, '2023-04-12 13:20:52', NULL),
(3288, 165, 16, 1, 1, 1, 1, 1, '2023-04-12 13:20:52', NULL),
(3289, 165, 17, 1, 1, 1, 1, 1, '2023-04-12 13:20:52', NULL),
(3290, 165, 18, 1, 1, 1, 1, 1, '2023-04-12 13:20:52', NULL),
(3291, 165, 19, 1, 1, 1, 1, 1, '2023-04-12 13:20:52', NULL),
(3292, 165, 21, 1, 1, 1, 1, 1, '2023-04-12 13:20:52', NULL),
(3293, 165, 22, 1, 1, 1, 1, 1, '2023-04-12 13:20:52', NULL),
(3294, 165, 23, 1, 1, 1, 1, 1, '2023-04-12 13:20:52', NULL),
(3295, 165, 24, 1, 1, 1, 1, 1, '2023-04-12 13:20:52', NULL),
(3296, 165, 25, 1, 1, 1, 1, 1, '2023-04-12 13:20:52', NULL),
(3297, 165, 27, 1, 1, 1, 1, 1, '2023-04-12 13:20:52', NULL),
(3298, 165, 28, 1, 1, 1, 1, 1, '2023-04-12 13:20:52', NULL),
(3299, 165, 29, 1, 1, 1, 1, 1, '2023-04-12 13:20:52', NULL),
(3300, 165, 30, 1, 1, 1, 1, 1, '2023-04-12 13:20:52', NULL),
(3301, 166, 9, 1, 1, 1, 1, 1, '2023-04-12 13:20:52', NULL),
(3302, 166, 10, 1, 1, 1, 1, 1, '2023-04-12 13:20:52', NULL),
(3303, 166, 11, 1, 1, 1, 1, 1, '2023-04-12 13:20:52', NULL),
(3304, 166, 12, 1, 1, 1, 1, 1, '2023-04-12 13:20:52', NULL),
(3305, 166, 13, 1, 1, 1, 1, 1, '2023-04-12 13:20:52', NULL),
(3306, 166, 14, 1, 1, 1, 1, 1, '2023-04-12 13:20:52', NULL),
(3307, 166, 15, 1, 1, 1, 1, 1, '2023-04-12 13:20:52', NULL),
(3308, 166, 16, 1, 1, 1, 1, 1, '2023-04-12 13:20:52', NULL),
(3309, 166, 17, 1, 1, 1, 1, 1, '2023-04-12 13:20:52', NULL),
(3310, 166, 18, 1, 1, 1, 1, 1, '2023-04-12 13:20:52', NULL),
(3311, 166, 19, 1, 1, 1, 1, 1, '2023-04-12 13:20:52', NULL),
(3312, 166, 21, 1, 1, 1, 1, 1, '2023-04-12 13:20:52', NULL),
(3313, 166, 22, 1, 1, 1, 1, 1, '2023-04-12 13:20:52', NULL),
(3314, 166, 23, 1, 1, 1, 1, 1, '2023-04-12 13:20:52', NULL),
(3315, 166, 24, 1, 1, 1, 1, 1, '2023-04-12 13:20:52', NULL),
(3316, 166, 25, 1, 1, 1, 1, 1, '2023-04-12 13:20:52', NULL),
(3317, 166, 27, 1, 1, 1, 1, 1, '2023-04-12 13:20:52', NULL),
(3318, 166, 28, 1, 1, 1, 1, 1, '2023-04-12 13:20:52', NULL),
(3319, 166, 29, 1, 1, 1, 1, 1, '2023-04-12 13:20:52', NULL),
(3320, 166, 30, 1, 1, 1, 1, 1, '2023-04-12 13:20:52', NULL),
(3321, 167, 9, 1, 1, 1, 1, 1, '2023-04-12 13:20:52', NULL),
(3322, 167, 10, 1, 1, 1, 1, 1, '2023-04-12 13:20:52', NULL),
(3323, 167, 11, 1, 1, 1, 1, 1, '2023-04-12 13:20:52', NULL),
(3324, 167, 12, 1, 1, 1, 1, 1, '2023-04-12 13:20:52', NULL),
(3325, 167, 13, 1, 1, 1, 1, 1, '2023-04-12 13:20:52', NULL),
(3326, 167, 14, 1, 1, 1, 1, 1, '2023-04-12 13:20:52', NULL),
(3327, 167, 15, 1, 1, 1, 1, 1, '2023-04-12 13:20:52', NULL),
(3328, 167, 16, 1, 1, 1, 1, 1, '2023-04-12 13:20:52', NULL),
(3329, 167, 17, 1, 1, 1, 1, 1, '2023-04-12 13:20:52', NULL),
(3330, 167, 18, 1, 1, 1, 1, 1, '2023-04-12 13:20:52', NULL),
(3331, 167, 19, 1, 1, 1, 1, 1, '2023-04-12 13:20:52', NULL),
(3332, 167, 21, 1, 1, 1, 1, 1, '2023-04-12 13:20:52', NULL),
(3333, 167, 22, 1, 1, 1, 1, 1, '2023-04-12 13:20:52', NULL),
(3334, 167, 23, 1, 1, 1, 1, 1, '2023-04-12 13:20:52', NULL),
(3335, 167, 24, 1, 1, 1, 1, 1, '2023-04-12 13:20:52', NULL),
(3336, 167, 25, 1, 1, 1, 1, 1, '2023-04-12 13:20:52', NULL),
(3337, 167, 27, 1, 1, 1, 1, 1, '2023-04-12 13:20:52', NULL),
(3338, 167, 28, 1, 1, 1, 1, 1, '2023-04-12 13:20:52', NULL),
(3339, 167, 29, 1, 1, 1, 1, 1, '2023-04-12 13:20:52', NULL),
(3340, 167, 30, 1, 1, 1, 1, 1, '2023-04-12 13:20:52', NULL),
(3341, 168, 9, 1, 1, 1, 1, 1, '2023-04-12 13:20:52', NULL),
(3342, 168, 10, 1, 1, 1, 1, 1, '2023-04-12 13:20:52', NULL),
(3343, 168, 11, 1, 1, 1, 1, 1, '2023-04-12 13:20:52', NULL),
(3344, 168, 12, 1, 1, 1, 1, 1, '2023-04-12 13:20:52', NULL),
(3345, 168, 13, 1, 1, 1, 1, 1, '2023-04-12 13:20:52', NULL),
(3346, 168, 14, 1, 1, 1, 1, 1, '2023-04-12 13:20:52', NULL),
(3347, 168, 15, 1, 1, 1, 1, 1, '2023-04-12 13:20:52', NULL),
(3348, 168, 16, 1, 1, 1, 1, 1, '2023-04-12 13:20:52', NULL),
(3349, 168, 17, 1, 1, 1, 1, 1, '2023-04-12 13:20:52', NULL),
(3350, 168, 18, 1, 1, 1, 1, 1, '2023-04-12 13:20:52', NULL),
(3351, 168, 19, 1, 1, 1, 1, 1, '2023-04-12 13:20:52', NULL),
(3352, 168, 21, 1, 1, 1, 1, 1, '2023-04-12 13:20:52', NULL),
(3353, 168, 22, 1, 1, 1, 1, 1, '2023-04-12 13:20:52', NULL),
(3354, 168, 23, 1, 1, 1, 1, 1, '2023-04-12 13:20:52', NULL),
(3355, 168, 24, 1, 1, 1, 1, 1, '2023-04-12 13:20:52', NULL),
(3356, 168, 25, 1, 1, 1, 1, 1, '2023-04-12 13:20:52', NULL),
(3357, 168, 27, 1, 1, 1, 1, 1, '2023-04-12 13:20:52', NULL),
(3358, 168, 28, 1, 1, 1, 1, 1, '2023-04-12 13:20:52', NULL),
(3359, 168, 29, 1, 1, 1, 1, 1, '2023-04-12 13:20:52', NULL),
(3360, 168, 30, 1, 1, 1, 1, 1, '2023-04-12 13:20:52', NULL),
(3361, 169, 9, 1, 1, 1, 1, 1, '2023-04-12 13:20:52', NULL),
(3362, 169, 10, 1, 1, 1, 1, 1, '2023-04-12 13:20:52', NULL),
(3363, 169, 11, 1, 1, 1, 1, 1, '2023-04-12 13:20:52', NULL),
(3364, 169, 12, 1, 1, 1, 1, 1, '2023-04-12 13:20:52', NULL),
(3365, 169, 13, 1, 1, 1, 1, 1, '2023-04-12 13:20:52', NULL),
(3366, 169, 14, 1, 1, 1, 1, 1, '2023-04-12 13:20:52', NULL),
(3367, 169, 15, 1, 1, 1, 1, 1, '2023-04-12 13:20:52', NULL),
(3368, 169, 16, 1, 1, 1, 1, 1, '2023-04-12 13:20:52', NULL),
(3369, 169, 17, 1, 1, 1, 1, 1, '2023-04-12 13:20:52', NULL),
(3370, 169, 18, 1, 1, 1, 1, 1, '2023-04-12 13:20:52', NULL),
(3371, 169, 19, 1, 1, 1, 1, 1, '2023-04-12 13:20:52', NULL),
(3372, 169, 21, 1, 1, 1, 1, 1, '2023-04-12 13:20:52', NULL),
(3373, 169, 22, 1, 1, 1, 1, 1, '2023-04-12 13:20:52', NULL),
(3374, 169, 23, 1, 1, 1, 1, 1, '2023-04-12 13:20:52', NULL),
(3375, 169, 24, 1, 1, 1, 1, 1, '2023-04-12 13:20:52', NULL),
(3376, 169, 25, 1, 1, 1, 1, 1, '2023-04-12 13:20:52', NULL),
(3377, 169, 27, 1, 1, 1, 1, 1, '2023-04-12 13:20:52', NULL),
(3378, 169, 28, 1, 1, 1, 1, 1, '2023-04-12 13:20:52', NULL),
(3379, 169, 29, 1, 1, 1, 1, 1, '2023-04-12 13:20:52', NULL),
(3380, 169, 30, 1, 1, 1, 1, 1, '2023-04-12 13:20:52', NULL),
(3381, 170, 9, 1, 1, 1, 1, 1, '2023-04-12 13:20:52', NULL),
(3382, 170, 10, 1, 1, 1, 1, 1, '2023-04-12 13:20:52', NULL),
(3383, 170, 11, 1, 1, 1, 1, 1, '2023-04-12 13:20:52', NULL),
(3384, 170, 12, 1, 1, 1, 1, 1, '2023-04-12 13:20:52', NULL),
(3385, 170, 13, 1, 1, 1, 1, 1, '2023-04-12 13:20:52', NULL),
(3386, 170, 14, 1, 1, 1, 1, 1, '2023-04-12 13:20:52', NULL),
(3387, 170, 15, 1, 1, 1, 1, 1, '2023-04-12 13:20:52', NULL),
(3388, 170, 16, 1, 1, 1, 1, 1, '2023-04-12 13:20:52', NULL),
(3389, 170, 17, 1, 1, 1, 1, 1, '2023-04-12 13:20:52', NULL),
(3390, 170, 18, 1, 1, 1, 1, 1, '2023-04-12 13:20:52', NULL),
(3391, 170, 19, 1, 1, 1, 1, 1, '2023-04-12 13:20:52', NULL),
(3392, 170, 21, 1, 1, 1, 1, 1, '2023-04-12 13:20:52', NULL),
(3393, 170, 22, 1, 1, 1, 1, 1, '2023-04-12 13:20:52', NULL),
(3394, 170, 23, 1, 1, 1, 1, 1, '2023-04-12 13:20:52', NULL),
(3395, 170, 24, 1, 1, 1, 1, 1, '2023-04-12 13:20:52', NULL),
(3396, 170, 25, 1, 1, 1, 1, 1, '2023-04-12 13:20:52', NULL),
(3397, 170, 27, 1, 1, 1, 1, 1, '2023-04-12 13:20:52', NULL),
(3398, 170, 28, 1, 1, 1, 1, 1, '2023-04-12 13:20:52', NULL),
(3399, 170, 29, 1, 1, 1, 1, 1, '2023-04-12 13:20:52', NULL),
(3400, 170, 30, 1, 1, 1, 1, 1, '2023-04-12 13:20:52', NULL),
(3401, 171, 9, 1, 1, 1, 1, 1, '2023-04-12 13:20:52', NULL),
(3402, 171, 10, 1, 1, 1, 1, 1, '2023-04-12 13:20:52', NULL),
(3403, 171, 11, 1, 1, 1, 1, 1, '2023-04-12 13:20:52', NULL),
(3404, 171, 12, 1, 1, 1, 1, 1, '2023-04-12 13:20:52', NULL),
(3405, 171, 13, 1, 1, 1, 1, 1, '2023-04-12 13:20:52', NULL),
(3406, 171, 14, 1, 1, 1, 1, 1, '2023-04-12 13:20:52', NULL),
(3407, 171, 15, 1, 1, 1, 1, 1, '2023-04-12 13:20:52', NULL),
(3408, 171, 16, 1, 1, 1, 1, 1, '2023-04-12 13:20:52', NULL),
(3409, 171, 17, 1, 1, 1, 1, 1, '2023-04-12 13:20:52', NULL),
(3410, 171, 18, 1, 1, 1, 1, 1, '2023-04-12 13:20:52', NULL),
(3411, 171, 19, 1, 1, 1, 1, 1, '2023-04-12 13:20:52', NULL),
(3412, 171, 21, 1, 1, 1, 1, 1, '2023-04-12 13:20:52', NULL),
(3413, 171, 22, 1, 1, 1, 1, 1, '2023-04-12 13:20:52', NULL),
(3414, 171, 23, 1, 1, 1, 1, 1, '2023-04-12 13:20:53', NULL),
(3415, 171, 24, 1, 1, 1, 1, 1, '2023-04-12 13:20:53', NULL),
(3416, 171, 25, 1, 1, 1, 1, 1, '2023-04-12 13:20:53', NULL),
(3417, 171, 27, 1, 1, 1, 1, 1, '2023-04-12 13:20:53', NULL),
(3418, 171, 28, 1, 1, 1, 1, 1, '2023-04-12 13:20:53', NULL),
(3419, 171, 29, 1, 1, 1, 1, 1, '2023-04-12 13:20:53', NULL),
(3420, 171, 30, 1, 1, 1, 1, 1, '2023-04-12 13:20:53', NULL),
(3421, 172, 9, 1, 1, 1, 1, 1, '2023-04-12 13:20:53', NULL),
(3422, 172, 10, 1, 1, 1, 1, 1, '2023-04-12 13:20:53', NULL),
(3423, 172, 11, 1, 1, 1, 1, 1, '2023-04-12 13:20:53', NULL),
(3424, 172, 12, 1, 1, 1, 1, 1, '2023-04-12 13:20:53', NULL),
(3425, 172, 13, 1, 1, 1, 1, 1, '2023-04-12 13:20:53', NULL),
(3426, 172, 14, 1, 1, 1, 1, 1, '2023-04-12 13:20:53', NULL),
(3427, 172, 15, 1, 1, 1, 1, 1, '2023-04-12 13:20:53', NULL),
(3428, 172, 16, 1, 1, 1, 1, 1, '2023-04-12 13:20:53', NULL),
(3429, 172, 17, 1, 1, 1, 1, 1, '2023-04-12 13:20:53', NULL),
(3430, 172, 18, 1, 1, 1, 1, 1, '2023-04-12 13:20:53', NULL),
(3431, 172, 19, 1, 1, 1, 1, 1, '2023-04-12 13:20:53', NULL),
(3432, 172, 21, 1, 1, 1, 1, 1, '2023-04-12 13:20:53', NULL),
(3433, 172, 22, 1, 1, 1, 1, 1, '2023-04-12 13:20:53', NULL),
(3434, 172, 23, 1, 1, 1, 1, 1, '2023-04-12 13:20:53', NULL),
(3435, 172, 24, 1, 1, 1, 1, 1, '2023-04-12 13:20:53', NULL),
(3436, 172, 25, 1, 1, 1, 1, 1, '2023-04-12 13:20:53', NULL);
INSERT INTO `permiso_cargos` (`id`, `cargo_id`, `menu_id`, `listar`, `buscar`, `guardar`, `actualizar`, `borrar`, `created_at`, `updated_at`) VALUES
(3437, 172, 27, 1, 1, 1, 1, 1, '2023-04-12 13:20:53', NULL),
(3438, 172, 28, 1, 1, 1, 1, 1, '2023-04-12 13:20:53', NULL),
(3439, 172, 29, 1, 1, 1, 1, 1, '2023-04-12 13:20:53', NULL),
(3440, 172, 30, 1, 1, 1, 1, 1, '2023-04-12 13:20:53', NULL),
(3441, 173, 9, 1, 1, 1, 1, 1, '2023-04-12 13:20:53', NULL),
(3442, 173, 10, 1, 1, 1, 1, 1, '2023-04-12 13:20:53', NULL),
(3443, 173, 11, 1, 1, 1, 1, 1, '2023-04-12 13:20:53', NULL),
(3444, 173, 12, 1, 1, 1, 1, 1, '2023-04-12 13:20:53', NULL),
(3445, 173, 13, 1, 1, 1, 1, 1, '2023-04-12 13:20:53', NULL),
(3446, 173, 14, 1, 1, 1, 1, 1, '2023-04-12 13:20:53', NULL),
(3447, 173, 15, 1, 1, 1, 1, 1, '2023-04-12 13:20:53', NULL),
(3448, 173, 16, 1, 1, 1, 1, 1, '2023-04-12 13:20:53', NULL),
(3449, 173, 17, 1, 1, 1, 1, 1, '2023-04-12 13:20:53', NULL),
(3450, 173, 18, 1, 1, 1, 1, 1, '2023-04-12 13:20:53', NULL),
(3451, 173, 19, 1, 1, 1, 1, 1, '2023-04-12 13:20:53', NULL),
(3452, 173, 21, 1, 1, 1, 1, 1, '2023-04-12 13:20:53', NULL),
(3453, 173, 22, 1, 1, 1, 1, 1, '2023-04-12 13:20:53', NULL),
(3454, 173, 23, 1, 1, 1, 1, 1, '2023-04-12 13:20:53', NULL),
(3455, 173, 24, 1, 1, 1, 1, 1, '2023-04-12 13:20:53', NULL),
(3456, 173, 25, 1, 1, 1, 1, 1, '2023-04-12 13:20:53', NULL),
(3457, 173, 27, 1, 1, 1, 1, 1, '2023-04-12 13:20:53', NULL),
(3458, 173, 28, 1, 1, 1, 1, 1, '2023-04-12 13:20:53', NULL),
(3459, 173, 29, 1, 1, 1, 1, 1, '2023-04-12 13:20:53', NULL),
(3460, 173, 30, 1, 1, 1, 1, 1, '2023-04-12 13:20:53', NULL),
(3461, 174, 9, 1, 1, 1, 1, 1, '2023-04-12 13:20:53', NULL),
(3462, 174, 10, 1, 1, 1, 1, 1, '2023-04-12 13:20:53', NULL),
(3463, 174, 11, 1, 1, 1, 1, 1, '2023-04-12 13:20:53', NULL),
(3464, 174, 12, 1, 1, 1, 1, 1, '2023-04-12 13:20:53', NULL),
(3465, 174, 13, 1, 1, 1, 1, 1, '2023-04-12 13:20:53', NULL),
(3466, 174, 14, 1, 1, 1, 1, 1, '2023-04-12 13:20:53', NULL),
(3467, 174, 15, 1, 1, 1, 1, 1, '2023-04-12 13:20:53', NULL),
(3468, 174, 16, 1, 1, 1, 1, 1, '2023-04-12 13:20:53', NULL),
(3469, 174, 17, 1, 1, 1, 1, 1, '2023-04-12 13:20:53', NULL),
(3470, 174, 18, 1, 1, 1, 1, 1, '2023-04-12 13:20:53', NULL),
(3471, 174, 19, 1, 1, 1, 1, 1, '2023-04-12 13:20:53', NULL),
(3472, 174, 21, 1, 1, 1, 1, 1, '2023-04-12 13:20:53', NULL),
(3473, 174, 22, 1, 1, 1, 1, 1, '2023-04-12 13:20:53', NULL),
(3474, 174, 23, 1, 1, 1, 1, 1, '2023-04-12 13:20:53', NULL),
(3475, 174, 24, 1, 1, 1, 1, 1, '2023-04-12 13:20:53', NULL),
(3476, 174, 25, 1, 1, 1, 1, 1, '2023-04-12 13:20:53', NULL),
(3477, 174, 27, 1, 1, 1, 1, 1, '2023-04-12 13:20:53', NULL),
(3478, 174, 28, 1, 1, 1, 1, 1, '2023-04-12 13:20:53', NULL),
(3479, 174, 29, 1, 1, 1, 1, 1, '2023-04-12 13:20:53', NULL),
(3480, 174, 30, 1, 1, 1, 1, 1, '2023-04-12 13:20:53', NULL),
(3481, 175, 9, 1, 1, 1, 1, 1, '2023-04-12 13:20:53', NULL),
(3482, 175, 10, 1, 1, 1, 1, 1, '2023-04-12 13:20:53', NULL),
(3483, 175, 11, 1, 1, 1, 1, 1, '2023-04-12 13:20:53', NULL),
(3484, 175, 12, 1, 1, 1, 1, 1, '2023-04-12 13:20:53', NULL),
(3485, 175, 13, 1, 1, 1, 1, 1, '2023-04-12 13:20:53', NULL),
(3486, 175, 14, 1, 1, 1, 1, 1, '2023-04-12 13:20:53', NULL),
(3487, 175, 15, 1, 1, 1, 1, 1, '2023-04-12 13:20:53', NULL),
(3488, 175, 16, 1, 1, 1, 1, 1, '2023-04-12 13:20:53', NULL),
(3489, 175, 17, 1, 1, 1, 1, 1, '2023-04-12 13:20:53', NULL),
(3490, 175, 18, 1, 1, 1, 1, 1, '2023-04-12 13:20:53', NULL),
(3491, 175, 19, 1, 1, 1, 1, 1, '2023-04-12 13:20:53', NULL),
(3492, 175, 21, 1, 1, 1, 1, 1, '2023-04-12 13:20:53', NULL),
(3493, 175, 22, 1, 1, 1, 1, 1, '2023-04-12 13:20:53', NULL),
(3494, 175, 23, 1, 1, 1, 1, 1, '2023-04-12 13:20:53', NULL),
(3495, 175, 24, 1, 1, 1, 1, 1, '2023-04-12 13:20:53', NULL),
(3496, 175, 25, 1, 1, 1, 1, 1, '2023-04-12 13:20:53', NULL),
(3497, 175, 27, 1, 1, 1, 1, 1, '2023-04-12 13:20:53', NULL),
(3498, 175, 28, 1, 1, 1, 1, 1, '2023-04-12 13:20:53', NULL),
(3499, 175, 29, 1, 1, 1, 1, 1, '2023-04-12 13:20:53', NULL),
(3500, 175, 30, 1, 1, 1, 1, 1, '2023-04-12 13:20:53', NULL),
(3501, 176, 9, 1, 1, 1, 1, 1, '2023-04-12 13:20:53', NULL),
(3502, 176, 10, 1, 1, 1, 1, 1, '2023-04-12 13:20:53', NULL),
(3503, 176, 11, 1, 1, 1, 1, 1, '2023-04-12 13:20:53', NULL),
(3504, 176, 12, 1, 1, 1, 1, 1, '2023-04-12 13:20:53', NULL),
(3505, 176, 13, 1, 1, 1, 1, 1, '2023-04-12 13:20:53', NULL),
(3506, 176, 14, 1, 1, 1, 1, 1, '2023-04-12 13:20:53', NULL),
(3507, 176, 15, 1, 1, 1, 1, 1, '2023-04-12 13:20:53', NULL),
(3508, 176, 16, 1, 1, 1, 1, 1, '2023-04-12 13:20:53', NULL),
(3509, 176, 17, 1, 1, 1, 1, 1, '2023-04-12 13:20:53', NULL),
(3510, 176, 18, 1, 1, 1, 1, 1, '2023-04-12 13:20:53', NULL),
(3511, 176, 19, 1, 1, 1, 1, 1, '2023-04-12 13:20:53', NULL),
(3512, 176, 21, 1, 1, 1, 1, 1, '2023-04-12 13:20:53', NULL),
(3513, 176, 22, 1, 1, 1, 1, 1, '2023-04-12 13:20:53', NULL),
(3514, 176, 23, 1, 1, 1, 1, 1, '2023-04-12 13:20:53', NULL),
(3515, 176, 24, 1, 1, 1, 1, 1, '2023-04-12 13:20:53', NULL),
(3516, 176, 25, 1, 1, 1, 1, 1, '2023-04-12 13:20:53', NULL),
(3517, 176, 27, 1, 1, 1, 1, 1, '2023-04-12 13:20:53', NULL),
(3518, 176, 28, 1, 1, 1, 1, 1, '2023-04-12 13:20:53', NULL),
(3519, 176, 29, 1, 1, 1, 1, 1, '2023-04-12 13:20:53', NULL),
(3520, 176, 30, 1, 1, 1, 1, 1, '2023-04-12 13:20:53', NULL),
(3521, 177, 9, 1, 1, 1, 1, 1, '2023-04-12 13:20:53', NULL),
(3522, 177, 10, 1, 1, 1, 1, 1, '2023-04-12 13:20:53', NULL),
(3523, 177, 11, 1, 1, 1, 1, 1, '2023-04-12 13:20:53', NULL),
(3524, 177, 12, 1, 1, 1, 1, 1, '2023-04-12 13:20:53', NULL),
(3525, 177, 13, 1, 1, 1, 1, 1, '2023-04-12 13:20:53', NULL),
(3526, 177, 14, 1, 1, 1, 1, 1, '2023-04-12 13:20:53', NULL),
(3527, 177, 15, 1, 1, 1, 1, 1, '2023-04-12 13:20:53', NULL),
(3528, 177, 16, 1, 1, 1, 1, 1, '2023-04-12 13:20:53', NULL),
(3529, 177, 17, 1, 1, 1, 1, 1, '2023-04-12 13:20:53', NULL),
(3530, 177, 18, 1, 1, 1, 1, 1, '2023-04-12 13:20:53', NULL),
(3531, 177, 19, 1, 1, 1, 1, 1, '2023-04-12 13:20:53', NULL),
(3532, 177, 21, 1, 1, 1, 1, 1, '2023-04-12 13:20:53', NULL),
(3533, 177, 22, 1, 1, 1, 1, 1, '2023-04-12 13:20:53', NULL),
(3534, 177, 23, 1, 1, 1, 1, 1, '2023-04-12 13:20:53', NULL),
(3535, 177, 24, 1, 1, 1, 1, 1, '2023-04-12 13:20:53', NULL),
(3536, 177, 25, 1, 1, 1, 1, 1, '2023-04-12 13:20:53', NULL),
(3537, 177, 27, 1, 1, 1, 1, 1, '2023-04-12 13:20:53', NULL),
(3538, 177, 28, 1, 1, 1, 1, 1, '2023-04-12 13:20:53', NULL),
(3539, 177, 29, 1, 1, 1, 1, 1, '2023-04-12 13:20:53', NULL),
(3540, 177, 30, 1, 1, 1, 1, 1, '2023-04-12 13:20:53', NULL),
(3541, 178, 9, 1, 1, 1, 1, 1, '2023-04-12 13:20:53', NULL),
(3542, 178, 10, 1, 1, 1, 1, 1, '2023-04-12 13:20:53', NULL),
(3543, 178, 11, 1, 1, 1, 1, 1, '2023-04-12 13:20:53', NULL),
(3544, 178, 12, 1, 1, 1, 1, 1, '2023-04-12 13:20:53', NULL),
(3545, 178, 13, 1, 1, 1, 1, 1, '2023-04-12 13:20:53', NULL),
(3546, 178, 14, 1, 1, 1, 1, 1, '2023-04-12 13:20:53', NULL),
(3547, 178, 15, 1, 1, 1, 1, 1, '2023-04-12 13:20:53', NULL),
(3548, 178, 16, 1, 1, 1, 1, 1, '2023-04-12 13:20:53', NULL),
(3549, 178, 17, 1, 1, 1, 1, 1, '2023-04-12 13:20:53', NULL),
(3550, 178, 18, 1, 1, 1, 1, 1, '2023-04-12 13:20:53', NULL),
(3551, 178, 19, 1, 1, 1, 1, 1, '2023-04-12 13:20:53', NULL),
(3552, 178, 21, 1, 1, 1, 1, 1, '2023-04-12 13:20:53', NULL),
(3553, 178, 22, 1, 1, 1, 1, 1, '2023-04-12 13:20:53', NULL),
(3554, 178, 23, 1, 1, 1, 1, 1, '2023-04-12 13:20:53', NULL),
(3555, 178, 24, 1, 1, 1, 1, 1, '2023-04-12 13:20:53', NULL),
(3556, 178, 25, 1, 1, 1, 1, 1, '2023-04-12 13:20:53', NULL),
(3557, 178, 27, 1, 1, 1, 1, 1, '2023-04-12 13:20:53', NULL),
(3558, 178, 28, 1, 1, 1, 1, 1, '2023-04-12 13:20:53', NULL),
(3559, 178, 29, 1, 1, 1, 1, 1, '2023-04-12 13:20:53', NULL),
(3560, 178, 30, 1, 1, 1, 1, 1, '2023-04-12 13:20:53', NULL),
(3561, 179, 9, 1, 1, 1, 1, 1, '2023-04-12 13:20:53', NULL),
(3562, 179, 10, 1, 1, 1, 1, 1, '2023-04-12 13:20:53', NULL),
(3563, 179, 11, 1, 1, 1, 1, 1, '2023-04-12 13:20:53', NULL),
(3564, 179, 12, 1, 1, 1, 1, 1, '2023-04-12 13:20:53', NULL),
(3565, 179, 13, 1, 1, 1, 1, 1, '2023-04-12 13:20:53', NULL),
(3566, 179, 14, 1, 1, 1, 1, 1, '2023-04-12 13:20:53', NULL),
(3567, 179, 15, 1, 1, 1, 1, 1, '2023-04-12 13:20:53', NULL),
(3568, 179, 16, 1, 1, 1, 1, 1, '2023-04-12 13:20:53', NULL),
(3569, 179, 17, 1, 1, 1, 1, 1, '2023-04-12 13:20:53', NULL),
(3570, 179, 18, 1, 1, 1, 1, 1, '2023-04-12 13:20:53', NULL),
(3571, 179, 19, 1, 1, 1, 1, 1, '2023-04-12 13:20:53', NULL),
(3572, 179, 21, 1, 1, 1, 1, 1, '2023-04-12 13:20:53', NULL),
(3573, 179, 22, 1, 1, 1, 1, 1, '2023-04-12 13:20:53', NULL),
(3574, 179, 23, 1, 1, 1, 1, 1, '2023-04-12 13:20:53', NULL),
(3575, 179, 24, 1, 1, 1, 1, 1, '2023-04-12 13:20:53', NULL),
(3576, 179, 25, 1, 1, 1, 1, 1, '2023-04-12 13:20:53', NULL),
(3577, 179, 27, 1, 1, 1, 1, 1, '2023-04-12 13:20:53', NULL),
(3578, 179, 28, 1, 1, 1, 1, 1, '2023-04-12 13:20:53', NULL),
(3579, 179, 29, 1, 1, 1, 1, 1, '2023-04-12 13:20:53', NULL),
(3580, 179, 30, 1, 1, 1, 1, 1, '2023-04-12 13:20:53', NULL),
(3581, 180, 9, 1, 1, 1, 1, 1, '2023-04-12 13:20:53', NULL),
(3582, 180, 10, 1, 1, 1, 1, 1, '2023-04-12 13:20:53', NULL),
(3583, 180, 11, 1, 1, 1, 1, 1, '2023-04-12 13:20:53', NULL),
(3584, 180, 12, 1, 1, 1, 1, 1, '2023-04-12 13:20:53', NULL),
(3585, 180, 13, 1, 1, 1, 1, 1, '2023-04-12 13:20:53', NULL),
(3586, 180, 14, 1, 1, 1, 1, 1, '2023-04-12 13:20:54', NULL),
(3587, 180, 15, 1, 1, 1, 1, 1, '2023-04-12 13:20:54', NULL),
(3588, 180, 16, 1, 1, 1, 1, 1, '2023-04-12 13:20:54', NULL),
(3589, 180, 17, 1, 1, 1, 1, 1, '2023-04-12 13:20:54', NULL),
(3590, 180, 18, 1, 1, 1, 1, 1, '2023-04-12 13:20:54', NULL),
(3591, 180, 19, 1, 1, 1, 1, 1, '2023-04-12 13:20:54', NULL),
(3592, 180, 21, 1, 1, 1, 1, 1, '2023-04-12 13:20:54', NULL),
(3593, 180, 22, 1, 1, 1, 1, 1, '2023-04-12 13:20:54', NULL),
(3594, 180, 23, 1, 1, 1, 1, 1, '2023-04-12 13:20:54', NULL),
(3595, 180, 24, 1, 1, 1, 1, 1, '2023-04-12 13:20:54', NULL),
(3596, 180, 25, 1, 1, 1, 1, 1, '2023-04-12 13:20:54', NULL),
(3597, 180, 27, 1, 1, 1, 1, 1, '2023-04-12 13:20:54', NULL),
(3598, 180, 28, 1, 1, 1, 1, 1, '2023-04-12 13:20:54', NULL),
(3599, 180, 29, 1, 1, 1, 1, 1, '2023-04-12 13:20:54', NULL),
(3600, 180, 30, 1, 1, 1, 1, 1, '2023-04-12 13:20:54', NULL),
(3601, 181, 9, 1, 1, 1, 1, 1, '2023-04-12 13:20:54', NULL),
(3602, 181, 10, 1, 1, 1, 1, 1, '2023-04-12 13:20:54', NULL),
(3603, 181, 11, 1, 1, 1, 1, 1, '2023-04-12 13:20:54', NULL),
(3604, 181, 12, 1, 1, 1, 1, 1, '2023-04-12 13:20:54', NULL),
(3605, 181, 13, 1, 1, 1, 1, 1, '2023-04-12 13:20:54', NULL),
(3606, 181, 14, 1, 1, 1, 1, 1, '2023-04-12 13:20:54', NULL),
(3607, 181, 15, 1, 1, 1, 1, 1, '2023-04-12 13:20:54', NULL),
(3608, 181, 16, 1, 1, 1, 1, 1, '2023-04-12 13:20:54', NULL),
(3609, 181, 17, 1, 1, 1, 1, 1, '2023-04-12 13:20:54', NULL),
(3610, 181, 18, 1, 1, 1, 1, 1, '2023-04-12 13:20:54', NULL),
(3611, 181, 19, 1, 1, 1, 1, 1, '2023-04-12 13:20:54', NULL),
(3612, 181, 21, 1, 1, 1, 1, 1, '2023-04-12 13:20:54', NULL),
(3613, 181, 22, 1, 1, 1, 1, 1, '2023-04-12 13:20:54', NULL),
(3614, 181, 23, 1, 1, 1, 1, 1, '2023-04-12 13:20:54', NULL),
(3615, 181, 24, 1, 1, 1, 1, 1, '2023-04-12 13:20:54', NULL),
(3616, 181, 25, 1, 1, 1, 1, 1, '2023-04-12 13:20:54', NULL),
(3617, 181, 27, 1, 1, 1, 1, 1, '2023-04-12 13:20:54', NULL),
(3618, 181, 28, 1, 1, 1, 1, 1, '2023-04-12 13:20:54', NULL),
(3619, 181, 29, 1, 1, 1, 1, 1, '2023-04-12 13:20:54', NULL),
(3620, 181, 30, 1, 1, 1, 1, 1, '2023-04-12 13:20:54', NULL),
(3621, 182, 9, 1, 1, 1, 1, 1, '2023-04-12 13:20:54', NULL),
(3622, 182, 10, 1, 1, 1, 1, 1, '2023-04-12 13:20:54', NULL),
(3623, 182, 11, 1, 1, 1, 1, 1, '2023-04-12 13:20:54', NULL),
(3624, 182, 12, 1, 1, 1, 1, 1, '2023-04-12 13:20:54', NULL),
(3625, 182, 13, 1, 1, 1, 1, 1, '2023-04-12 13:20:54', NULL),
(3626, 182, 14, 1, 1, 1, 1, 1, '2023-04-12 13:20:54', NULL),
(3627, 182, 15, 1, 1, 1, 1, 1, '2023-04-12 13:20:54', NULL),
(3628, 182, 16, 1, 1, 1, 1, 1, '2023-04-12 13:20:54', NULL),
(3629, 182, 17, 1, 1, 1, 1, 1, '2023-04-12 13:20:54', NULL),
(3630, 182, 18, 1, 1, 1, 1, 1, '2023-04-12 13:20:54', NULL),
(3631, 182, 19, 1, 1, 1, 1, 1, '2023-04-12 13:20:54', NULL),
(3632, 182, 21, 1, 1, 1, 1, 1, '2023-04-12 13:20:54', NULL),
(3633, 182, 22, 1, 1, 1, 1, 1, '2023-04-12 13:20:54', NULL),
(3634, 182, 23, 1, 1, 1, 1, 1, '2023-04-12 13:20:54', NULL),
(3635, 182, 24, 1, 1, 1, 1, 1, '2023-04-12 13:20:54', NULL),
(3636, 182, 25, 1, 1, 1, 1, 1, '2023-04-12 13:20:54', NULL),
(3637, 182, 27, 1, 1, 1, 1, 1, '2023-04-12 13:20:54', NULL),
(3638, 182, 28, 1, 1, 1, 1, 1, '2023-04-12 13:20:54', NULL),
(3639, 182, 29, 1, 1, 1, 1, 1, '2023-04-12 13:20:54', NULL),
(3640, 182, 30, 1, 1, 1, 1, 1, '2023-04-12 13:20:54', NULL),
(3641, 183, 9, 1, 1, 1, 1, 1, '2023-04-12 13:20:54', NULL),
(3642, 183, 10, 1, 1, 1, 1, 1, '2023-04-12 13:20:54', NULL),
(3643, 183, 11, 1, 1, 1, 1, 1, '2023-04-12 13:20:54', NULL),
(3644, 183, 12, 1, 1, 1, 1, 1, '2023-04-12 13:20:54', NULL),
(3645, 183, 13, 1, 1, 1, 1, 1, '2023-04-12 13:20:54', NULL),
(3646, 183, 14, 1, 1, 1, 1, 1, '2023-04-12 13:20:54', NULL),
(3647, 183, 15, 1, 1, 1, 1, 1, '2023-04-12 13:20:54', NULL),
(3648, 183, 16, 1, 1, 1, 1, 1, '2023-04-12 13:20:54', NULL),
(3649, 183, 17, 1, 1, 1, 1, 1, '2023-04-12 13:20:54', NULL),
(3650, 183, 18, 1, 1, 1, 1, 1, '2023-04-12 13:20:54', NULL),
(3651, 183, 19, 1, 1, 1, 1, 1, '2023-04-12 13:20:54', NULL),
(3652, 183, 21, 1, 1, 1, 1, 1, '2023-04-12 13:20:54', NULL),
(3653, 183, 22, 1, 1, 1, 1, 1, '2023-04-12 13:20:54', NULL),
(3654, 183, 23, 1, 1, 1, 1, 1, '2023-04-12 13:20:54', NULL),
(3655, 183, 24, 1, 1, 1, 1, 1, '2023-04-12 13:20:54', NULL),
(3656, 183, 25, 1, 1, 1, 1, 1, '2023-04-12 13:20:54', NULL),
(3657, 183, 27, 1, 1, 1, 1, 1, '2023-04-12 13:20:54', NULL),
(3658, 183, 28, 1, 1, 1, 1, 1, '2023-04-12 13:20:54', NULL),
(3659, 183, 29, 1, 1, 1, 1, 1, '2023-04-12 13:20:54', NULL),
(3660, 183, 30, 1, 1, 1, 1, 1, '2023-04-12 13:20:54', NULL),
(3661, 184, 9, 1, 1, 1, 1, 1, '2023-04-12 13:20:54', NULL),
(3662, 184, 10, 1, 1, 1, 1, 1, '2023-04-12 13:20:54', NULL),
(3663, 184, 11, 1, 1, 1, 1, 1, '2023-04-12 13:20:54', NULL),
(3664, 184, 12, 1, 1, 1, 1, 1, '2023-04-12 13:20:54', NULL),
(3665, 184, 13, 1, 1, 1, 1, 1, '2023-04-12 13:20:54', NULL),
(3666, 184, 14, 1, 1, 1, 1, 1, '2023-04-12 13:20:54', NULL),
(3667, 184, 15, 1, 1, 1, 1, 1, '2023-04-12 13:20:54', NULL),
(3668, 184, 16, 1, 1, 1, 1, 1, '2023-04-12 13:20:54', NULL),
(3669, 184, 17, 1, 1, 1, 1, 1, '2023-04-12 13:20:54', NULL),
(3670, 184, 18, 1, 1, 1, 1, 1, '2023-04-12 13:20:54', NULL),
(3671, 184, 19, 1, 1, 1, 1, 1, '2023-04-12 13:20:54', NULL),
(3672, 184, 21, 1, 1, 1, 1, 1, '2023-04-12 13:20:54', NULL),
(3673, 184, 22, 1, 1, 1, 1, 1, '2023-04-12 13:20:54', NULL),
(3674, 184, 23, 1, 1, 1, 1, 1, '2023-04-12 13:20:54', NULL),
(3675, 184, 24, 1, 1, 1, 1, 1, '2023-04-12 13:20:54', NULL),
(3676, 184, 25, 1, 1, 1, 1, 1, '2023-04-12 13:20:54', NULL),
(3677, 184, 27, 1, 1, 1, 1, 1, '2023-04-12 13:20:54', NULL),
(3678, 184, 28, 1, 1, 1, 1, 1, '2023-04-12 13:20:54', NULL),
(3679, 184, 29, 1, 1, 1, 1, 1, '2023-04-12 13:20:54', NULL),
(3680, 184, 30, 1, 1, 1, 1, 1, '2023-04-12 13:20:54', NULL),
(3681, 185, 9, 1, 1, 1, 1, 1, '2023-04-12 13:20:54', NULL),
(3682, 185, 10, 1, 1, 1, 1, 1, '2023-04-12 13:20:54', NULL),
(3683, 185, 11, 1, 1, 1, 1, 1, '2023-04-12 13:20:54', NULL),
(3684, 185, 12, 1, 1, 1, 1, 1, '2023-04-12 13:20:54', NULL),
(3685, 185, 13, 1, 1, 1, 1, 1, '2023-04-12 13:20:54', NULL),
(3686, 185, 14, 1, 1, 1, 1, 1, '2023-04-12 13:20:54', NULL),
(3687, 185, 15, 1, 1, 1, 1, 1, '2023-04-12 13:20:54', NULL),
(3688, 185, 16, 1, 1, 1, 1, 1, '2023-04-12 13:20:54', NULL),
(3689, 185, 17, 1, 1, 1, 1, 1, '2023-04-12 13:20:54', NULL),
(3690, 185, 18, 1, 1, 1, 1, 1, '2023-04-12 13:20:54', NULL),
(3691, 185, 19, 1, 1, 1, 1, 1, '2023-04-12 13:20:54', NULL),
(3692, 185, 21, 1, 1, 1, 1, 1, '2023-04-12 13:20:54', NULL),
(3693, 185, 22, 1, 1, 1, 1, 1, '2023-04-12 13:20:54', NULL),
(3694, 185, 23, 1, 1, 1, 1, 1, '2023-04-12 13:20:54', NULL),
(3695, 185, 24, 1, 1, 1, 1, 1, '2023-04-12 13:20:54', NULL),
(3696, 185, 25, 1, 1, 1, 1, 1, '2023-04-12 13:20:54', NULL),
(3697, 185, 27, 1, 1, 1, 1, 1, '2023-04-12 13:20:54', NULL),
(3698, 185, 28, 1, 1, 1, 1, 1, '2023-04-12 13:20:54', NULL),
(3699, 185, 29, 1, 1, 1, 1, 1, '2023-04-12 13:20:54', NULL),
(3700, 185, 30, 1, 1, 1, 1, 1, '2023-04-12 13:20:54', NULL),
(3701, 186, 9, 1, 1, 1, 1, 1, '2023-04-12 13:20:54', NULL),
(3702, 186, 10, 1, 1, 1, 1, 1, '2023-04-12 13:20:54', NULL),
(3703, 186, 11, 1, 1, 1, 1, 1, '2023-04-12 13:20:54', NULL),
(3704, 186, 12, 1, 1, 1, 1, 1, '2023-04-12 13:20:54', NULL),
(3705, 186, 13, 1, 1, 1, 1, 1, '2023-04-12 13:20:54', NULL),
(3706, 186, 14, 1, 1, 1, 1, 1, '2023-04-12 13:20:54', NULL),
(3707, 186, 15, 1, 1, 1, 1, 1, '2023-04-12 13:20:54', NULL),
(3708, 186, 16, 1, 1, 1, 1, 1, '2023-04-12 13:20:54', NULL),
(3709, 186, 17, 1, 1, 1, 1, 1, '2023-04-12 13:20:54', NULL),
(3710, 186, 18, 1, 1, 1, 1, 1, '2023-04-12 13:20:54', NULL),
(3711, 186, 19, 1, 1, 1, 1, 1, '2023-04-12 13:20:54', NULL),
(3712, 186, 21, 1, 1, 1, 1, 1, '2023-04-12 13:20:54', NULL),
(3713, 186, 22, 1, 1, 1, 1, 1, '2023-04-12 13:20:54', NULL),
(3714, 186, 23, 1, 1, 1, 1, 1, '2023-04-12 13:20:54', NULL),
(3715, 186, 24, 1, 1, 1, 1, 1, '2023-04-12 13:20:54', NULL),
(3716, 186, 25, 1, 1, 1, 1, 1, '2023-04-12 13:20:54', NULL),
(3717, 186, 27, 1, 1, 1, 1, 1, '2023-04-12 13:20:54', NULL),
(3718, 186, 28, 1, 1, 1, 1, 1, '2023-04-12 13:20:54', NULL),
(3719, 186, 29, 1, 1, 1, 1, 1, '2023-04-12 13:20:54', NULL),
(3720, 186, 30, 1, 1, 1, 1, 1, '2023-04-12 13:20:54', NULL),
(3721, 187, 9, 1, 1, 1, 1, 1, '2023-04-12 13:20:54', NULL),
(3722, 187, 10, 1, 1, 1, 1, 1, '2023-04-12 13:20:54', NULL),
(3723, 187, 11, 1, 1, 1, 1, 1, '2023-04-12 13:20:54', NULL),
(3724, 187, 12, 1, 1, 1, 1, 1, '2023-04-12 13:20:54', NULL),
(3725, 187, 13, 1, 1, 1, 1, 1, '2023-04-12 13:20:54', NULL),
(3726, 187, 14, 1, 1, 1, 1, 1, '2023-04-12 13:20:54', NULL),
(3727, 187, 15, 1, 1, 1, 1, 1, '2023-04-12 13:20:54', NULL),
(3728, 187, 16, 1, 1, 1, 1, 1, '2023-04-12 13:20:54', NULL),
(3729, 187, 17, 1, 1, 1, 1, 1, '2023-04-12 13:20:54', NULL),
(3730, 187, 18, 1, 1, 1, 1, 1, '2023-04-12 13:20:54', NULL),
(3731, 187, 19, 1, 1, 1, 1, 1, '2023-04-12 13:20:54', NULL),
(3732, 187, 21, 1, 1, 1, 1, 1, '2023-04-12 13:20:54', NULL),
(3733, 187, 22, 1, 1, 1, 1, 1, '2023-04-12 13:20:54', NULL),
(3734, 187, 23, 1, 1, 1, 1, 1, '2023-04-12 13:20:54', NULL),
(3735, 187, 24, 1, 1, 1, 1, 1, '2023-04-12 13:20:54', NULL),
(3736, 187, 25, 1, 1, 1, 1, 1, '2023-04-12 13:20:54', NULL),
(3737, 187, 27, 1, 1, 1, 1, 1, '2023-04-12 13:20:54', NULL),
(3738, 187, 28, 1, 1, 1, 1, 1, '2023-04-12 13:20:54', NULL),
(3739, 187, 29, 1, 1, 1, 1, 1, '2023-04-12 13:20:54', NULL),
(3740, 187, 30, 1, 1, 1, 1, 1, '2023-04-12 13:20:54', NULL),
(3741, 188, 9, 1, 1, 1, 1, 1, '2023-04-12 13:20:54', NULL),
(3742, 188, 10, 1, 1, 1, 1, 1, '2023-04-12 13:20:54', NULL),
(3743, 188, 11, 1, 1, 1, 1, 1, '2023-04-12 13:20:54', NULL),
(3744, 188, 12, 1, 1, 1, 1, 1, '2023-04-12 13:20:54', NULL),
(3745, 188, 13, 1, 1, 1, 1, 1, '2023-04-12 13:20:54', NULL),
(3746, 188, 14, 1, 1, 1, 1, 1, '2023-04-12 13:20:54', NULL),
(3747, 188, 15, 1, 1, 1, 1, 1, '2023-04-12 13:20:54', NULL),
(3748, 188, 16, 1, 1, 1, 1, 1, '2023-04-12 13:20:54', NULL),
(3749, 188, 17, 1, 1, 1, 1, 1, '2023-04-12 13:20:54', NULL),
(3750, 188, 18, 1, 1, 1, 1, 1, '2023-04-12 13:20:54', NULL),
(3751, 188, 19, 1, 1, 1, 1, 1, '2023-04-12 13:20:54', NULL),
(3752, 188, 21, 1, 1, 1, 1, 1, '2023-04-12 13:20:54', NULL),
(3753, 188, 22, 1, 1, 1, 1, 1, '2023-04-12 13:20:54', NULL),
(3754, 188, 23, 1, 1, 1, 1, 1, '2023-04-12 13:20:54', NULL),
(3755, 188, 24, 1, 1, 1, 1, 1, '2023-04-12 13:20:54', NULL),
(3756, 188, 25, 1, 1, 1, 1, 1, '2023-04-12 13:20:54', NULL),
(3757, 188, 27, 1, 1, 1, 1, 1, '2023-04-12 13:20:54', NULL),
(3758, 188, 28, 1, 1, 1, 1, 1, '2023-04-12 13:20:54', NULL),
(3759, 188, 29, 1, 1, 1, 1, 1, '2023-04-12 13:20:54', NULL),
(3760, 188, 30, 1, 1, 1, 1, 1, '2023-04-12 13:20:54', NULL),
(3761, 189, 9, 1, 1, 1, 1, 1, '2023-04-12 13:20:54', NULL),
(3762, 189, 10, 1, 1, 1, 1, 1, '2023-04-12 13:20:54', NULL),
(3763, 189, 11, 1, 1, 1, 1, 1, '2023-04-12 13:20:54', NULL),
(3764, 189, 12, 1, 1, 1, 1, 1, '2023-04-12 13:20:54', NULL),
(3765, 189, 13, 1, 1, 1, 1, 1, '2023-04-12 13:20:54', NULL),
(3766, 189, 14, 1, 1, 1, 1, 1, '2023-04-12 13:20:54', NULL),
(3767, 189, 15, 1, 1, 1, 1, 1, '2023-04-12 13:20:54', NULL),
(3768, 189, 16, 1, 1, 1, 1, 1, '2023-04-12 13:20:54', NULL),
(3769, 189, 17, 1, 1, 1, 1, 1, '2023-04-12 13:20:54', NULL),
(3770, 189, 18, 1, 1, 1, 1, 1, '2023-04-12 13:20:54', NULL),
(3771, 189, 19, 1, 1, 1, 1, 1, '2023-04-12 13:20:55', NULL),
(3772, 189, 21, 1, 1, 1, 1, 1, '2023-04-12 13:20:55', NULL),
(3773, 189, 22, 1, 1, 1, 1, 1, '2023-04-12 13:20:55', NULL),
(3774, 189, 23, 1, 1, 1, 1, 1, '2023-04-12 13:20:55', NULL),
(3775, 189, 24, 1, 1, 1, 1, 1, '2023-04-12 13:20:55', NULL),
(3776, 189, 25, 1, 1, 1, 1, 1, '2023-04-12 13:20:55', NULL),
(3777, 189, 27, 1, 1, 1, 1, 1, '2023-04-12 13:20:55', NULL),
(3778, 189, 28, 1, 1, 1, 1, 1, '2023-04-12 13:20:55', NULL),
(3779, 189, 29, 1, 1, 1, 1, 1, '2023-04-12 13:20:55', NULL),
(3780, 189, 30, 1, 1, 1, 1, 1, '2023-04-12 13:20:55', NULL),
(3781, 190, 9, 1, 1, 1, 1, 1, '2023-04-12 13:20:55', NULL),
(3782, 190, 10, 1, 1, 1, 1, 1, '2023-04-12 13:20:55', NULL),
(3783, 190, 11, 1, 1, 1, 1, 1, '2023-04-12 13:20:55', NULL),
(3784, 190, 12, 1, 1, 1, 1, 1, '2023-04-12 13:20:55', NULL),
(3785, 190, 13, 1, 1, 1, 1, 1, '2023-04-12 13:20:55', NULL),
(3786, 190, 14, 1, 1, 1, 1, 1, '2023-04-12 13:20:55', NULL),
(3787, 190, 15, 1, 1, 1, 1, 1, '2023-04-12 13:20:55', NULL),
(3788, 190, 16, 1, 1, 1, 1, 1, '2023-04-12 13:20:55', NULL),
(3789, 190, 17, 1, 1, 1, 1, 1, '2023-04-12 13:20:55', NULL),
(3790, 190, 18, 1, 1, 1, 1, 1, '2023-04-12 13:20:55', NULL),
(3791, 190, 19, 1, 1, 1, 1, 1, '2023-04-12 13:20:55', NULL),
(3792, 190, 21, 1, 1, 1, 1, 1, '2023-04-12 13:20:55', NULL),
(3793, 190, 22, 1, 1, 1, 1, 1, '2023-04-12 13:20:55', NULL),
(3794, 190, 23, 1, 1, 1, 1, 1, '2023-04-12 13:20:55', NULL),
(3795, 190, 24, 1, 1, 1, 1, 1, '2023-04-12 13:20:55', NULL),
(3796, 190, 25, 1, 1, 1, 1, 1, '2023-04-12 13:20:55', NULL),
(3797, 190, 27, 1, 1, 1, 1, 1, '2023-04-12 13:20:55', NULL),
(3798, 190, 28, 1, 1, 1, 1, 1, '2023-04-12 13:20:55', NULL),
(3799, 190, 29, 1, 1, 1, 1, 1, '2023-04-12 13:20:55', NULL),
(3800, 190, 30, 1, 1, 1, 1, 1, '2023-04-12 13:20:55', NULL),
(3801, 191, 9, 1, 1, 1, 1, 1, '2023-04-12 13:20:55', NULL),
(3802, 191, 10, 1, 1, 1, 1, 1, '2023-04-12 13:20:55', NULL),
(3803, 191, 11, 1, 1, 1, 1, 1, '2023-04-12 13:20:55', NULL),
(3804, 191, 12, 1, 1, 1, 1, 1, '2023-04-12 13:20:55', NULL),
(3805, 191, 13, 1, 1, 1, 1, 1, '2023-04-12 13:20:55', NULL),
(3806, 191, 14, 1, 1, 1, 1, 1, '2023-04-12 13:20:55', NULL),
(3807, 191, 15, 1, 1, 1, 1, 1, '2023-04-12 13:20:55', NULL),
(3808, 191, 16, 1, 1, 1, 1, 1, '2023-04-12 13:20:55', NULL),
(3809, 191, 17, 1, 1, 1, 1, 1, '2023-04-12 13:20:55', NULL),
(3810, 191, 18, 1, 1, 1, 1, 1, '2023-04-12 13:20:55', NULL),
(3811, 191, 19, 1, 1, 1, 1, 1, '2023-04-12 13:20:55', NULL),
(3812, 191, 21, 1, 1, 1, 1, 1, '2023-04-12 13:20:55', NULL),
(3813, 191, 22, 1, 1, 1, 1, 1, '2023-04-12 13:20:55', NULL),
(3814, 191, 23, 1, 1, 1, 1, 1, '2023-04-12 13:20:55', NULL),
(3815, 191, 24, 1, 1, 1, 1, 1, '2023-04-12 13:20:55', NULL),
(3816, 191, 25, 1, 1, 1, 1, 1, '2023-04-12 13:20:55', NULL),
(3817, 191, 27, 1, 1, 1, 1, 1, '2023-04-12 13:20:55', NULL),
(3818, 191, 28, 1, 1, 1, 1, 1, '2023-04-12 13:20:55', NULL),
(3819, 191, 29, 1, 1, 1, 1, 1, '2023-04-12 13:20:55', NULL),
(3820, 191, 30, 1, 1, 1, 1, 1, '2023-04-12 13:20:55', NULL),
(3821, 192, 9, 1, 1, 1, 1, 1, '2023-04-12 13:20:55', NULL),
(3822, 192, 10, 1, 1, 1, 1, 1, '2023-04-12 13:20:55', NULL),
(3823, 192, 11, 1, 1, 1, 1, 1, '2023-04-12 13:20:55', NULL),
(3824, 192, 12, 1, 1, 1, 1, 1, '2023-04-12 13:20:55', NULL),
(3825, 192, 13, 1, 1, 1, 1, 1, '2023-04-12 13:20:55', NULL),
(3826, 192, 14, 1, 1, 1, 1, 1, '2023-04-12 13:20:55', NULL),
(3827, 192, 15, 1, 1, 1, 1, 1, '2023-04-12 13:20:55', NULL),
(3828, 192, 16, 1, 1, 1, 1, 1, '2023-04-12 13:20:55', NULL),
(3829, 192, 17, 1, 1, 1, 1, 1, '2023-04-12 13:20:55', NULL),
(3830, 192, 18, 1, 1, 1, 1, 1, '2023-04-12 13:20:55', NULL),
(3831, 192, 19, 1, 1, 1, 1, 1, '2023-04-12 13:20:55', NULL),
(3832, 192, 21, 1, 1, 1, 1, 1, '2023-04-12 13:20:55', NULL),
(3833, 192, 22, 1, 1, 1, 1, 1, '2023-04-12 13:20:55', NULL),
(3834, 192, 23, 1, 1, 1, 1, 1, '2023-04-12 13:20:55', NULL),
(3835, 192, 24, 1, 1, 1, 1, 1, '2023-04-12 13:20:55', NULL),
(3836, 192, 25, 1, 1, 1, 1, 1, '2023-04-12 13:20:55', NULL),
(3837, 192, 27, 1, 1, 1, 1, 1, '2023-04-12 13:20:55', NULL),
(3838, 192, 28, 1, 1, 1, 1, 1, '2023-04-12 13:20:55', NULL),
(3839, 192, 29, 1, 1, 1, 1, 1, '2023-04-12 13:20:55', NULL),
(3840, 192, 30, 1, 1, 1, 1, 1, '2023-04-12 13:20:55', NULL),
(3841, 193, 9, 1, 1, 1, 1, 1, '2023-04-12 13:20:55', NULL),
(3842, 193, 10, 1, 1, 1, 1, 1, '2023-04-12 13:20:55', NULL),
(3843, 193, 11, 1, 1, 1, 1, 1, '2023-04-12 13:20:55', NULL),
(3844, 193, 12, 1, 1, 1, 1, 1, '2023-04-12 13:20:55', NULL),
(3845, 193, 13, 1, 1, 1, 1, 1, '2023-04-12 13:20:55', NULL),
(3846, 193, 14, 1, 1, 1, 1, 1, '2023-04-12 13:20:55', NULL),
(3847, 193, 15, 1, 1, 1, 1, 1, '2023-04-12 13:20:55', NULL),
(3848, 193, 16, 1, 1, 1, 1, 1, '2023-04-12 13:20:55', NULL),
(3849, 193, 17, 1, 1, 1, 1, 1, '2023-04-12 13:20:55', NULL),
(3850, 193, 18, 1, 1, 1, 1, 1, '2023-04-12 13:20:55', NULL),
(3851, 193, 19, 1, 1, 1, 1, 1, '2023-04-12 13:20:55', NULL),
(3852, 193, 21, 1, 1, 1, 1, 1, '2023-04-12 13:20:55', NULL),
(3853, 193, 22, 1, 1, 1, 1, 1, '2023-04-12 13:20:55', NULL),
(3854, 193, 23, 1, 1, 1, 1, 1, '2023-04-12 13:20:55', NULL),
(3855, 193, 24, 1, 1, 1, 1, 1, '2023-04-12 13:20:55', NULL),
(3856, 193, 25, 1, 1, 1, 1, 1, '2023-04-12 13:20:55', NULL),
(3857, 193, 27, 1, 1, 1, 1, 1, '2023-04-12 13:20:55', NULL),
(3858, 193, 28, 1, 1, 1, 1, 1, '2023-04-12 13:20:55', NULL),
(3859, 193, 29, 1, 1, 1, 1, 1, '2023-04-12 13:20:55', NULL),
(3860, 193, 30, 1, 1, 1, 1, 1, '2023-04-12 13:20:55', NULL),
(3861, 194, 9, 1, 1, 1, 1, 1, '2023-04-12 13:20:55', NULL),
(3862, 194, 10, 1, 1, 1, 1, 1, '2023-04-12 13:20:55', NULL),
(3863, 194, 11, 1, 1, 1, 1, 1, '2023-04-12 13:20:55', NULL),
(3864, 194, 12, 1, 1, 1, 1, 1, '2023-04-12 13:20:55', NULL),
(3865, 194, 13, 1, 1, 1, 1, 1, '2023-04-12 13:20:55', NULL),
(3866, 194, 14, 1, 1, 1, 1, 1, '2023-04-12 13:20:55', NULL),
(3867, 194, 15, 1, 1, 1, 1, 1, '2023-04-12 13:20:55', NULL),
(3868, 194, 16, 1, 1, 1, 1, 1, '2023-04-12 13:20:55', NULL),
(3869, 194, 17, 1, 1, 1, 1, 1, '2023-04-12 13:20:55', NULL),
(3870, 194, 18, 1, 1, 1, 1, 1, '2023-04-12 13:20:55', NULL),
(3871, 194, 19, 1, 1, 1, 1, 1, '2023-04-12 13:20:55', NULL),
(3872, 194, 21, 1, 1, 1, 1, 1, '2023-04-12 13:20:55', NULL),
(3873, 194, 22, 1, 1, 1, 1, 1, '2023-04-12 13:20:55', NULL),
(3874, 194, 23, 1, 1, 1, 1, 1, '2023-04-12 13:20:55', NULL),
(3875, 194, 24, 1, 1, 1, 1, 1, '2023-04-12 13:20:55', NULL),
(3876, 194, 25, 1, 1, 1, 1, 1, '2023-04-12 13:20:55', NULL),
(3877, 194, 27, 1, 1, 1, 1, 1, '2023-04-12 13:20:55', NULL),
(3878, 194, 28, 1, 1, 1, 1, 1, '2023-04-12 13:20:55', NULL),
(3879, 194, 29, 1, 1, 1, 1, 1, '2023-04-12 13:20:55', NULL),
(3880, 194, 30, 1, 1, 1, 1, 1, '2023-04-12 13:20:55', NULL),
(3881, 195, 9, 1, 1, 1, 1, 1, '2023-04-12 13:20:55', NULL),
(3882, 195, 10, 1, 1, 1, 1, 1, '2023-04-12 13:20:55', NULL),
(3883, 195, 11, 1, 1, 1, 1, 1, '2023-04-12 13:20:55', NULL),
(3884, 195, 12, 1, 1, 1, 1, 1, '2023-04-12 13:20:55', NULL),
(3885, 195, 13, 1, 1, 1, 1, 1, '2023-04-12 13:20:55', NULL),
(3886, 195, 14, 1, 1, 1, 1, 1, '2023-04-12 13:20:55', NULL),
(3887, 195, 15, 1, 1, 1, 1, 1, '2023-04-12 13:20:55', NULL),
(3888, 195, 16, 1, 1, 1, 1, 1, '2023-04-12 13:20:55', NULL),
(3889, 195, 17, 1, 1, 1, 1, 1, '2023-04-12 13:20:55', NULL),
(3890, 195, 18, 1, 1, 1, 1, 1, '2023-04-12 13:20:55', NULL),
(3891, 195, 19, 1, 1, 1, 1, 1, '2023-04-12 13:20:55', NULL),
(3892, 195, 21, 1, 1, 1, 1, 1, '2023-04-12 13:20:55', NULL),
(3893, 195, 22, 1, 1, 1, 1, 1, '2023-04-12 13:20:55', NULL),
(3894, 195, 23, 1, 1, 1, 1, 1, '2023-04-12 13:20:55', NULL),
(3895, 195, 24, 1, 1, 1, 1, 1, '2023-04-12 13:20:55', NULL),
(3896, 195, 25, 1, 1, 1, 1, 1, '2023-04-12 13:20:55', NULL),
(3897, 195, 27, 1, 1, 1, 1, 1, '2023-04-12 13:20:55', NULL),
(3898, 195, 28, 1, 1, 1, 1, 1, '2023-04-12 13:20:55', NULL),
(3899, 195, 29, 1, 1, 1, 1, 1, '2023-04-12 13:20:55', NULL),
(3900, 195, 30, 1, 1, 1, 1, 1, '2023-04-12 13:20:55', NULL),
(3901, 196, 9, 1, 1, 1, 1, 1, '2023-04-12 13:20:55', NULL),
(3902, 196, 10, 1, 1, 1, 1, 1, '2023-04-12 13:20:55', NULL),
(3903, 196, 11, 1, 1, 1, 1, 1, '2023-04-12 13:20:55', NULL),
(3904, 196, 12, 1, 1, 1, 1, 1, '2023-04-12 13:20:55', NULL),
(3905, 196, 13, 1, 1, 1, 1, 1, '2023-04-12 13:20:55', NULL),
(3906, 196, 14, 1, 1, 1, 1, 1, '2023-04-12 13:20:55', NULL),
(3907, 196, 15, 1, 1, 1, 1, 1, '2023-04-12 13:20:55', NULL),
(3908, 196, 16, 1, 1, 1, 1, 1, '2023-04-12 13:20:55', NULL),
(3909, 196, 17, 1, 1, 1, 1, 1, '2023-04-12 13:20:55', NULL),
(3910, 196, 18, 1, 1, 1, 1, 1, '2023-04-12 13:20:55', NULL),
(3911, 196, 19, 1, 1, 1, 1, 1, '2023-04-12 13:20:55', NULL),
(3912, 196, 21, 1, 1, 1, 1, 1, '2023-04-12 13:20:55', NULL),
(3913, 196, 22, 1, 1, 1, 1, 1, '2023-04-12 13:20:55', NULL),
(3914, 196, 23, 1, 1, 1, 1, 1, '2023-04-12 13:20:55', NULL),
(3915, 196, 24, 1, 1, 1, 1, 1, '2023-04-12 13:20:55', NULL),
(3916, 196, 25, 1, 1, 1, 1, 1, '2023-04-12 13:20:55', NULL),
(3917, 196, 27, 1, 1, 1, 1, 1, '2023-04-12 13:20:55', NULL),
(3918, 196, 28, 1, 1, 1, 1, 1, '2023-04-12 13:20:55', NULL),
(3919, 196, 29, 1, 1, 1, 1, 1, '2023-04-12 13:20:55', NULL),
(3920, 196, 30, 1, 1, 1, 1, 1, '2023-04-12 13:20:55', NULL),
(3921, 197, 9, 1, 1, 1, 1, 1, '2023-04-12 13:20:55', NULL),
(3922, 197, 10, 1, 1, 1, 1, 1, '2023-04-12 13:20:55', NULL),
(3923, 197, 11, 1, 1, 1, 1, 1, '2023-04-12 13:20:55', NULL),
(3924, 197, 12, 1, 1, 1, 1, 1, '2023-04-12 13:20:55', NULL),
(3925, 197, 13, 1, 1, 1, 1, 1, '2023-04-12 13:20:55', NULL),
(3926, 197, 14, 1, 1, 1, 1, 1, '2023-04-12 13:20:55', NULL),
(3927, 197, 15, 1, 1, 1, 1, 1, '2023-04-12 13:20:55', NULL),
(3928, 197, 16, 1, 1, 1, 1, 1, '2023-04-12 13:20:55', NULL),
(3929, 197, 17, 1, 1, 1, 1, 1, '2023-04-12 13:20:55', NULL),
(3930, 197, 18, 1, 1, 1, 1, 1, '2023-04-12 13:20:55', NULL),
(3931, 197, 19, 1, 1, 1, 1, 1, '2023-04-12 13:20:55', NULL),
(3932, 197, 21, 1, 1, 1, 1, 1, '2023-04-12 13:20:55', NULL),
(3933, 197, 22, 1, 1, 1, 1, 1, '2023-04-12 13:20:55', NULL),
(3934, 197, 23, 1, 1, 1, 1, 1, '2023-04-12 13:20:55', NULL),
(3935, 197, 24, 1, 1, 1, 1, 1, '2023-04-12 13:20:55', NULL),
(3936, 197, 25, 1, 1, 1, 1, 1, '2023-04-12 13:20:55', NULL),
(3937, 197, 27, 1, 1, 1, 1, 1, '2023-04-12 13:20:55', NULL),
(3938, 197, 28, 1, 1, 1, 1, 1, '2023-04-12 13:20:55', NULL),
(3939, 197, 29, 1, 1, 1, 1, 1, '2023-04-12 13:20:55', NULL),
(3940, 197, 30, 1, 1, 1, 1, 1, '2023-04-12 13:20:55', NULL),
(3941, 198, 9, 1, 1, 1, 1, 1, '2023-04-12 13:20:55', NULL),
(3942, 198, 10, 1, 1, 1, 1, 1, '2023-04-12 13:20:55', NULL),
(3943, 198, 11, 1, 1, 1, 1, 1, '2023-04-12 13:20:55', NULL),
(3944, 198, 12, 1, 1, 1, 1, 1, '2023-04-12 13:20:55', NULL),
(3945, 198, 13, 1, 1, 1, 1, 1, '2023-04-12 13:20:55', NULL),
(3946, 198, 14, 1, 1, 1, 1, 1, '2023-04-12 13:20:55', NULL),
(3947, 198, 15, 1, 1, 1, 1, 1, '2023-04-12 13:20:55', NULL),
(3948, 198, 16, 1, 1, 1, 1, 1, '2023-04-12 13:20:55', NULL),
(3949, 198, 17, 1, 1, 1, 1, 1, '2023-04-12 13:20:55', NULL),
(3950, 198, 18, 1, 1, 1, 1, 1, '2023-04-12 13:20:55', NULL),
(3951, 198, 19, 1, 1, 1, 1, 1, '2023-04-12 13:20:55', NULL),
(3952, 198, 21, 1, 1, 1, 1, 1, '2023-04-12 13:20:55', NULL),
(3953, 198, 22, 1, 1, 1, 1, 1, '2023-04-12 13:20:55', NULL),
(3954, 198, 23, 1, 1, 1, 1, 1, '2023-04-12 13:20:55', NULL),
(3955, 198, 24, 1, 1, 1, 1, 1, '2023-04-12 13:20:56', NULL),
(3956, 198, 25, 1, 1, 1, 1, 1, '2023-04-12 13:20:56', NULL),
(3957, 198, 27, 1, 1, 1, 1, 1, '2023-04-12 13:20:56', NULL),
(3958, 198, 28, 1, 1, 1, 1, 1, '2023-04-12 13:20:56', NULL),
(3959, 198, 29, 1, 1, 1, 1, 1, '2023-04-12 13:20:56', NULL),
(3960, 198, 30, 1, 1, 1, 1, 1, '2023-04-12 13:20:56', NULL),
(3961, 199, 9, 1, 1, 1, 1, 1, '2023-04-12 13:20:56', NULL),
(3962, 199, 10, 1, 1, 1, 1, 1, '2023-04-12 13:20:56', NULL),
(3963, 199, 11, 1, 1, 1, 1, 1, '2023-04-12 13:20:56', NULL),
(3964, 199, 12, 1, 1, 1, 1, 1, '2023-04-12 13:20:56', NULL),
(3965, 199, 13, 1, 1, 1, 1, 1, '2023-04-12 13:20:56', NULL),
(3966, 199, 14, 1, 1, 1, 1, 1, '2023-04-12 13:20:56', NULL),
(3967, 199, 15, 1, 1, 1, 1, 1, '2023-04-12 13:20:56', NULL),
(3968, 199, 16, 1, 1, 1, 1, 1, '2023-04-12 13:20:56', NULL),
(3969, 199, 17, 1, 1, 1, 1, 1, '2023-04-12 13:20:56', NULL),
(3970, 199, 18, 1, 1, 1, 1, 1, '2023-04-12 13:20:56', NULL),
(3971, 199, 19, 1, 1, 1, 1, 1, '2023-04-12 13:20:56', NULL),
(3972, 199, 21, 1, 1, 1, 1, 1, '2023-04-12 13:20:56', NULL),
(3973, 199, 22, 1, 1, 1, 1, 1, '2023-04-12 13:20:56', NULL),
(3974, 199, 23, 1, 1, 1, 1, 1, '2023-04-12 13:20:56', NULL),
(3975, 199, 24, 1, 1, 1, 1, 1, '2023-04-12 13:20:56', NULL),
(3976, 199, 25, 1, 1, 1, 1, 1, '2023-04-12 13:20:56', NULL),
(3977, 199, 27, 1, 1, 1, 1, 1, '2023-04-12 13:20:56', NULL),
(3978, 199, 28, 1, 1, 1, 1, 1, '2023-04-12 13:20:56', NULL),
(3979, 199, 29, 1, 1, 1, 1, 1, '2023-04-12 13:20:56', NULL),
(3980, 199, 30, 1, 1, 1, 1, 1, '2023-04-12 13:20:56', NULL),
(3981, 200, 9, 1, 1, 1, 1, 1, '2023-04-12 13:20:56', NULL),
(3982, 200, 10, 1, 1, 1, 1, 1, '2023-04-12 13:20:56', NULL),
(3983, 200, 11, 1, 1, 1, 1, 1, '2023-04-12 13:20:56', NULL),
(3984, 200, 12, 1, 1, 1, 1, 1, '2023-04-12 13:20:56', NULL),
(3985, 200, 13, 1, 1, 1, 1, 1, '2023-04-12 13:20:56', NULL),
(3986, 200, 14, 1, 1, 1, 1, 1, '2023-04-12 13:20:56', NULL),
(3987, 200, 15, 1, 1, 1, 1, 1, '2023-04-12 13:20:56', NULL),
(3988, 200, 16, 1, 1, 1, 1, 1, '2023-04-12 13:20:56', NULL),
(3989, 200, 17, 1, 1, 1, 1, 1, '2023-04-12 13:20:56', NULL),
(3990, 200, 18, 1, 1, 1, 1, 1, '2023-04-12 13:20:56', NULL),
(3991, 200, 19, 1, 1, 1, 1, 1, '2023-04-12 13:20:56', NULL),
(3992, 200, 21, 1, 1, 1, 1, 1, '2023-04-12 13:20:56', NULL),
(3993, 200, 22, 1, 1, 1, 1, 1, '2023-04-12 13:20:56', NULL),
(3994, 200, 23, 1, 1, 1, 1, 1, '2023-04-12 13:20:56', NULL),
(3995, 200, 24, 1, 1, 1, 1, 1, '2023-04-12 13:20:56', NULL),
(3996, 200, 25, 1, 1, 1, 1, 1, '2023-04-12 13:20:56', NULL),
(3997, 200, 27, 1, 1, 1, 1, 1, '2023-04-12 13:20:56', NULL),
(3998, 200, 28, 1, 1, 1, 1, 1, '2023-04-12 13:20:56', NULL),
(3999, 200, 29, 1, 1, 1, 1, 1, '2023-04-12 13:20:56', NULL),
(4000, 200, 30, 1, 1, 1, 1, 1, '2023-04-12 13:20:56', NULL),
(4001, 201, 9, 1, 1, 1, 1, 1, '2023-04-12 13:20:56', NULL),
(4002, 201, 10, 1, 1, 1, 1, 1, '2023-04-12 13:20:56', NULL),
(4003, 201, 11, 1, 1, 1, 1, 1, '2023-04-12 13:20:56', NULL),
(4004, 201, 12, 1, 1, 1, 1, 1, '2023-04-12 13:20:56', NULL),
(4005, 201, 13, 1, 1, 1, 1, 1, '2023-04-12 13:20:56', NULL),
(4006, 201, 14, 1, 1, 1, 1, 1, '2023-04-12 13:20:56', NULL),
(4007, 201, 15, 1, 1, 1, 1, 1, '2023-04-12 13:20:56', NULL),
(4008, 201, 16, 1, 1, 1, 1, 1, '2023-04-12 13:20:56', NULL),
(4009, 201, 17, 1, 1, 1, 1, 1, '2023-04-12 13:20:56', NULL),
(4010, 201, 18, 1, 1, 1, 1, 1, '2023-04-12 13:20:56', NULL),
(4011, 201, 19, 1, 1, 1, 1, 1, '2023-04-12 13:20:56', NULL),
(4012, 201, 21, 1, 1, 1, 1, 1, '2023-04-12 13:20:56', NULL),
(4013, 201, 22, 1, 1, 1, 1, 1, '2023-04-12 13:20:56', NULL),
(4014, 201, 23, 1, 1, 1, 1, 1, '2023-04-12 13:20:56', NULL),
(4015, 201, 24, 1, 1, 1, 1, 1, '2023-04-12 13:20:56', NULL),
(4016, 201, 25, 1, 1, 1, 1, 1, '2023-04-12 13:20:56', NULL),
(4017, 201, 27, 1, 1, 1, 1, 1, '2023-04-12 13:20:56', NULL),
(4018, 201, 28, 1, 1, 1, 1, 1, '2023-04-12 13:20:56', NULL),
(4019, 201, 29, 1, 1, 1, 1, 1, '2023-04-12 13:20:56', NULL),
(4020, 201, 30, 1, 1, 1, 1, 1, '2023-04-12 13:20:56', NULL),
(4021, 202, 9, 1, 1, 1, 1, 1, '2023-04-12 13:20:56', NULL),
(4022, 202, 10, 1, 1, 1, 1, 1, '2023-04-12 13:20:56', NULL),
(4023, 202, 11, 1, 1, 1, 1, 1, '2023-04-12 13:20:56', NULL),
(4024, 202, 12, 1, 1, 1, 1, 1, '2023-04-12 13:20:56', NULL),
(4025, 202, 13, 1, 1, 1, 1, 1, '2023-04-12 13:20:56', NULL),
(4026, 202, 14, 1, 1, 1, 1, 1, '2023-04-12 13:20:56', NULL),
(4027, 202, 15, 1, 1, 1, 1, 1, '2023-04-12 13:20:56', NULL),
(4028, 202, 16, 1, 1, 1, 1, 1, '2023-04-12 13:20:56', NULL),
(4029, 202, 17, 1, 1, 1, 1, 1, '2023-04-12 13:20:56', NULL),
(4030, 202, 18, 1, 1, 1, 1, 1, '2023-04-12 13:20:56', NULL),
(4031, 202, 19, 1, 1, 1, 1, 1, '2023-04-12 13:20:56', NULL),
(4032, 202, 21, 1, 1, 1, 1, 1, '2023-04-12 13:20:56', NULL),
(4033, 202, 22, 1, 1, 1, 1, 1, '2023-04-12 13:20:56', NULL),
(4034, 202, 23, 1, 1, 1, 1, 1, '2023-04-12 13:20:56', NULL),
(4035, 202, 24, 1, 1, 1, 1, 1, '2023-04-12 13:20:56', NULL),
(4036, 202, 25, 1, 1, 1, 1, 1, '2023-04-12 13:20:56', NULL),
(4037, 202, 27, 1, 1, 1, 1, 1, '2023-04-12 13:20:56', NULL),
(4038, 202, 28, 1, 1, 1, 1, 1, '2023-04-12 13:20:56', NULL),
(4039, 202, 29, 1, 1, 1, 1, 1, '2023-04-12 13:20:56', NULL),
(4040, 202, 30, 1, 1, 1, 1, 1, '2023-04-12 13:20:56', NULL),
(4041, 203, 9, 1, 1, 1, 1, 1, '2023-04-12 13:20:56', NULL),
(4042, 203, 10, 1, 1, 1, 1, 1, '2023-04-12 13:20:56', NULL),
(4043, 203, 11, 1, 1, 1, 1, 1, '2023-04-12 13:20:56', NULL),
(4044, 203, 12, 1, 1, 1, 1, 1, '2023-04-12 13:20:56', NULL),
(4045, 203, 13, 1, 1, 1, 1, 1, '2023-04-12 13:20:56', NULL),
(4046, 203, 14, 1, 1, 1, 1, 1, '2023-04-12 13:20:56', NULL),
(4047, 203, 15, 1, 1, 1, 1, 1, '2023-04-12 13:20:56', NULL),
(4048, 203, 16, 1, 1, 1, 1, 1, '2023-04-12 13:20:56', NULL),
(4049, 203, 17, 1, 1, 1, 1, 1, '2023-04-12 13:20:56', NULL),
(4050, 203, 18, 1, 1, 1, 1, 1, '2023-04-12 13:20:56', NULL),
(4051, 203, 19, 1, 1, 1, 1, 1, '2023-04-12 13:20:56', NULL),
(4052, 203, 21, 1, 1, 1, 1, 1, '2023-04-12 13:20:56', NULL),
(4053, 203, 22, 1, 1, 1, 1, 1, '2023-04-12 13:20:56', NULL),
(4054, 203, 23, 1, 1, 1, 1, 1, '2023-04-12 13:20:56', NULL),
(4055, 203, 24, 1, 1, 1, 1, 1, '2023-04-12 13:20:56', NULL),
(4056, 203, 25, 1, 1, 1, 1, 1, '2023-04-12 13:20:56', NULL),
(4057, 203, 27, 1, 1, 1, 1, 1, '2023-04-12 13:20:56', NULL),
(4058, 203, 28, 1, 1, 1, 1, 1, '2023-04-12 13:20:56', NULL),
(4059, 203, 29, 1, 1, 1, 1, 1, '2023-04-12 13:20:56', NULL),
(4060, 203, 30, 1, 1, 1, 1, 1, '2023-04-12 13:20:56', NULL),
(4061, 204, 9, 1, 1, 1, 1, 1, '2023-04-12 13:20:56', NULL),
(4062, 204, 10, 1, 1, 1, 1, 1, '2023-04-12 13:20:56', NULL),
(4063, 204, 11, 1, 1, 1, 1, 1, '2023-04-12 13:20:56', NULL),
(4064, 204, 12, 1, 1, 1, 1, 1, '2023-04-12 13:20:56', NULL),
(4065, 204, 13, 1, 1, 1, 1, 1, '2023-04-12 13:20:56', NULL),
(4066, 204, 14, 1, 1, 1, 1, 1, '2023-04-12 13:20:56', NULL),
(4067, 204, 15, 1, 1, 1, 1, 1, '2023-04-12 13:20:56', NULL),
(4068, 204, 16, 1, 1, 1, 1, 1, '2023-04-12 13:20:56', NULL),
(4069, 204, 17, 1, 1, 1, 1, 1, '2023-04-12 13:20:56', NULL),
(4070, 204, 18, 1, 1, 1, 1, 1, '2023-04-12 13:20:56', NULL),
(4071, 204, 19, 1, 1, 1, 1, 1, '2023-04-12 13:20:56', NULL),
(4072, 204, 21, 1, 1, 1, 1, 1, '2023-04-12 13:20:56', NULL),
(4073, 204, 22, 1, 1, 1, 1, 1, '2023-04-12 13:20:56', NULL),
(4074, 204, 23, 1, 1, 1, 1, 1, '2023-04-12 13:20:56', NULL),
(4075, 204, 24, 1, 1, 1, 1, 1, '2023-04-12 13:20:56', NULL),
(4076, 204, 25, 1, 1, 1, 1, 1, '2023-04-12 13:20:56', NULL),
(4077, 204, 27, 1, 1, 1, 1, 1, '2023-04-12 13:20:56', NULL),
(4078, 204, 28, 1, 1, 1, 1, 1, '2023-04-12 13:20:56', NULL),
(4079, 204, 29, 1, 1, 1, 1, 1, '2023-04-12 13:20:56', NULL),
(4080, 204, 30, 1, 1, 1, 1, 1, '2023-04-12 13:20:56', NULL),
(4081, 205, 9, 1, 1, 1, 1, 1, '2023-04-12 13:20:56', NULL),
(4082, 205, 10, 1, 1, 1, 1, 1, '2023-04-12 13:20:56', NULL),
(4083, 205, 11, 1, 1, 1, 1, 1, '2023-04-12 13:20:56', NULL),
(4084, 205, 12, 1, 1, 1, 1, 1, '2023-04-12 13:20:56', NULL),
(4085, 205, 13, 1, 1, 1, 1, 1, '2023-04-12 13:20:56', NULL),
(4086, 205, 14, 1, 1, 1, 1, 1, '2023-04-12 13:20:56', NULL),
(4087, 205, 15, 1, 1, 1, 1, 1, '2023-04-12 13:20:56', NULL),
(4088, 205, 16, 1, 1, 1, 1, 1, '2023-04-12 13:20:56', NULL),
(4089, 205, 17, 1, 1, 1, 1, 1, '2023-04-12 13:20:56', NULL),
(4090, 205, 18, 1, 1, 1, 1, 1, '2023-04-12 13:20:56', NULL),
(4091, 205, 19, 1, 1, 1, 1, 1, '2023-04-12 13:20:56', NULL),
(4092, 205, 21, 1, 1, 1, 1, 1, '2023-04-12 13:20:56', NULL),
(4093, 205, 22, 1, 1, 1, 1, 1, '2023-04-12 13:20:56', NULL),
(4094, 205, 23, 1, 1, 1, 1, 1, '2023-04-12 13:20:56', NULL),
(4095, 205, 24, 1, 1, 1, 1, 1, '2023-04-12 13:20:56', NULL),
(4096, 205, 25, 1, 1, 1, 1, 1, '2023-04-12 13:20:56', NULL),
(4097, 205, 27, 1, 1, 1, 1, 1, '2023-04-12 13:20:56', NULL),
(4098, 205, 28, 1, 1, 1, 1, 1, '2023-04-12 13:20:56', NULL),
(4099, 205, 29, 1, 1, 1, 1, 1, '2023-04-12 13:20:56', NULL),
(4100, 205, 30, 1, 1, 1, 1, 1, '2023-04-12 13:20:56', NULL),
(4101, 206, 9, 1, 1, 1, 1, 1, '2023-04-12 13:20:56', NULL),
(4102, 206, 10, 1, 1, 1, 1, 1, '2023-04-12 13:20:56', NULL),
(4103, 206, 11, 1, 1, 1, 1, 1, '2023-04-12 13:20:56', NULL),
(4104, 206, 12, 1, 1, 1, 1, 1, '2023-04-12 13:20:56', NULL),
(4105, 206, 13, 1, 1, 1, 1, 1, '2023-04-12 13:20:56', NULL),
(4106, 206, 14, 1, 1, 1, 1, 1, '2023-04-12 13:20:56', NULL),
(4107, 206, 15, 1, 1, 1, 1, 1, '2023-04-12 13:20:56', NULL),
(4108, 206, 16, 1, 1, 1, 1, 1, '2023-04-12 13:20:56', NULL),
(4109, 206, 17, 1, 1, 1, 1, 1, '2023-04-12 13:20:56', NULL),
(4110, 206, 18, 1, 1, 1, 1, 1, '2023-04-12 13:20:56', NULL),
(4111, 206, 19, 1, 1, 1, 1, 1, '2023-04-12 13:20:56', NULL),
(4112, 206, 21, 1, 1, 1, 1, 1, '2023-04-12 13:20:56', NULL),
(4113, 206, 22, 1, 1, 1, 1, 1, '2023-04-12 13:20:56', NULL),
(4114, 206, 23, 1, 1, 1, 1, 1, '2023-04-12 13:20:56', NULL),
(4115, 206, 24, 1, 1, 1, 1, 1, '2023-04-12 13:20:56', NULL),
(4116, 206, 25, 1, 1, 1, 1, 1, '2023-04-12 13:20:56', NULL),
(4117, 206, 27, 1, 1, 1, 1, 1, '2023-04-12 13:20:56', NULL),
(4118, 206, 28, 1, 1, 1, 1, 1, '2023-04-12 13:20:56', NULL),
(4119, 206, 29, 1, 1, 1, 1, 1, '2023-04-12 13:20:56', NULL),
(4120, 206, 30, 1, 1, 1, 1, 1, '2023-04-12 13:20:56', NULL),
(4121, 207, 9, 1, 1, 1, 1, 1, '2023-04-12 13:20:56', NULL),
(4122, 207, 10, 1, 1, 1, 1, 1, '2023-04-12 13:20:56', NULL),
(4123, 207, 11, 1, 1, 1, 1, 1, '2023-04-12 13:20:56', NULL),
(4124, 207, 12, 1, 1, 1, 1, 1, '2023-04-12 13:20:56', NULL),
(4125, 207, 13, 1, 1, 1, 1, 1, '2023-04-12 13:20:56', NULL),
(4126, 207, 14, 1, 1, 1, 1, 1, '2023-04-12 13:20:56', NULL),
(4127, 207, 15, 1, 1, 1, 1, 1, '2023-04-12 13:20:56', NULL),
(4128, 207, 16, 1, 1, 1, 1, 1, '2023-04-12 13:20:56', NULL),
(4129, 207, 17, 1, 1, 1, 1, 1, '2023-04-12 13:20:56', NULL),
(4130, 207, 18, 1, 1, 1, 1, 1, '2023-04-12 13:20:56', NULL),
(4131, 207, 19, 1, 1, 1, 1, 1, '2023-04-12 13:20:56', NULL),
(4132, 207, 21, 1, 1, 1, 1, 1, '2023-04-12 13:20:56', NULL),
(4133, 207, 22, 1, 1, 1, 1, 1, '2023-04-12 13:20:57', NULL),
(4134, 207, 23, 1, 1, 1, 1, 1, '2023-04-12 13:20:57', NULL),
(4135, 207, 24, 1, 1, 1, 1, 1, '2023-04-12 13:20:57', NULL),
(4136, 207, 25, 1, 1, 1, 1, 1, '2023-04-12 13:20:57', NULL),
(4137, 207, 27, 1, 1, 1, 1, 1, '2023-04-12 13:20:57', NULL),
(4138, 207, 28, 1, 1, 1, 1, 1, '2023-04-12 13:20:57', NULL),
(4139, 207, 29, 1, 1, 1, 1, 1, '2023-04-12 13:20:57', NULL),
(4140, 207, 30, 1, 1, 1, 1, 1, '2023-04-12 13:20:57', NULL),
(4141, 208, 9, 1, 1, 1, 1, 1, '2023-04-12 13:20:57', NULL),
(4142, 208, 10, 1, 1, 1, 1, 1, '2023-04-12 13:20:57', NULL),
(4143, 208, 11, 1, 1, 1, 1, 1, '2023-04-12 13:20:57', NULL),
(4144, 208, 12, 1, 1, 1, 1, 1, '2023-04-12 13:20:57', NULL),
(4145, 208, 13, 1, 1, 1, 1, 1, '2023-04-12 13:20:57', NULL),
(4146, 208, 14, 1, 1, 1, 1, 1, '2023-04-12 13:20:57', NULL),
(4147, 208, 15, 1, 1, 1, 1, 1, '2023-04-12 13:20:57', NULL),
(4148, 208, 16, 1, 1, 1, 1, 1, '2023-04-12 13:20:57', NULL),
(4149, 208, 17, 1, 1, 1, 1, 1, '2023-04-12 13:20:57', NULL),
(4150, 208, 18, 1, 1, 1, 1, 1, '2023-04-12 13:20:57', NULL),
(4151, 208, 19, 1, 1, 1, 1, 1, '2023-04-12 13:20:57', NULL),
(4152, 208, 21, 1, 1, 1, 1, 1, '2023-04-12 13:20:57', NULL),
(4153, 208, 22, 1, 1, 1, 1, 1, '2023-04-12 13:20:57', NULL),
(4154, 208, 23, 1, 1, 1, 1, 1, '2023-04-12 13:20:57', NULL),
(4155, 208, 24, 1, 1, 1, 1, 1, '2023-04-12 13:20:57', NULL),
(4156, 208, 25, 1, 1, 1, 1, 1, '2023-04-12 13:20:57', NULL),
(4157, 208, 27, 1, 1, 1, 1, 1, '2023-04-12 13:20:57', NULL),
(4158, 208, 28, 1, 1, 1, 1, 1, '2023-04-12 13:20:57', NULL),
(4159, 208, 29, 1, 1, 1, 1, 1, '2023-04-12 13:20:57', NULL),
(4160, 208, 30, 1, 1, 1, 1, 1, '2023-04-12 13:20:57', NULL),
(4161, 209, 9, 1, 1, 1, 1, 1, '2023-04-12 13:20:57', NULL),
(4162, 209, 10, 1, 1, 1, 1, 1, '2023-04-12 13:20:57', NULL),
(4163, 209, 11, 1, 1, 1, 1, 1, '2023-04-12 13:20:57', NULL),
(4164, 209, 12, 1, 1, 1, 1, 1, '2023-04-12 13:20:57', NULL),
(4165, 209, 13, 1, 1, 1, 1, 1, '2023-04-12 13:20:57', NULL),
(4166, 209, 14, 1, 1, 1, 1, 1, '2023-04-12 13:20:57', NULL),
(4167, 209, 15, 1, 1, 1, 1, 1, '2023-04-12 13:20:57', NULL),
(4168, 209, 16, 1, 1, 1, 1, 1, '2023-04-12 13:20:57', NULL),
(4169, 209, 17, 1, 1, 1, 1, 1, '2023-04-12 13:20:57', NULL),
(4170, 209, 18, 1, 1, 1, 1, 1, '2023-04-12 13:20:57', NULL),
(4171, 209, 19, 1, 1, 1, 1, 1, '2023-04-12 13:20:57', NULL),
(4172, 209, 21, 1, 1, 1, 1, 1, '2023-04-12 13:20:57', NULL),
(4173, 209, 22, 1, 1, 1, 1, 1, '2023-04-12 13:20:57', NULL),
(4174, 209, 23, 1, 1, 1, 1, 1, '2023-04-12 13:20:57', NULL),
(4175, 209, 24, 1, 1, 1, 1, 1, '2023-04-12 13:20:57', NULL),
(4176, 209, 25, 1, 1, 1, 1, 1, '2023-04-12 13:20:57', NULL),
(4177, 209, 27, 1, 1, 1, 1, 1, '2023-04-12 13:20:57', NULL),
(4178, 209, 28, 1, 1, 1, 1, 1, '2023-04-12 13:20:57', NULL),
(4179, 209, 29, 1, 1, 1, 1, 1, '2023-04-12 13:20:57', NULL),
(4180, 209, 30, 1, 1, 1, 1, 1, '2023-04-12 13:20:57', NULL),
(4181, 210, 9, 1, 1, 1, 1, 1, '2023-04-12 13:20:57', NULL),
(4182, 210, 10, 1, 1, 1, 1, 1, '2023-04-12 13:20:57', NULL),
(4183, 210, 11, 1, 1, 1, 1, 1, '2023-04-12 13:20:57', NULL),
(4184, 210, 12, 1, 1, 1, 1, 1, '2023-04-12 13:20:57', NULL),
(4185, 210, 13, 1, 1, 1, 1, 1, '2023-04-12 13:20:57', NULL),
(4186, 210, 14, 1, 1, 1, 1, 1, '2023-04-12 13:20:57', NULL),
(4187, 210, 15, 1, 1, 1, 1, 1, '2023-04-12 13:20:57', NULL),
(4188, 210, 16, 1, 1, 1, 1, 1, '2023-04-12 13:20:57', NULL),
(4189, 210, 17, 1, 1, 1, 1, 1, '2023-04-12 13:20:57', NULL),
(4190, 210, 18, 1, 1, 1, 1, 1, '2023-04-12 13:20:57', NULL),
(4191, 210, 19, 1, 1, 1, 1, 1, '2023-04-12 13:20:57', NULL),
(4192, 210, 21, 1, 1, 1, 1, 1, '2023-04-12 13:20:57', NULL),
(4193, 210, 22, 1, 1, 1, 1, 1, '2023-04-12 13:20:57', NULL),
(4194, 210, 23, 1, 1, 1, 1, 1, '2023-04-12 13:20:57', NULL),
(4195, 210, 24, 1, 1, 1, 1, 1, '2023-04-12 13:20:57', NULL),
(4196, 210, 25, 1, 1, 1, 1, 1, '2023-04-12 13:20:57', NULL),
(4197, 210, 27, 1, 1, 1, 1, 1, '2023-04-12 13:20:57', NULL),
(4198, 210, 28, 1, 1, 1, 1, 1, '2023-04-12 13:20:57', NULL),
(4199, 210, 29, 1, 1, 1, 1, 1, '2023-04-12 13:20:57', NULL),
(4200, 210, 30, 1, 1, 1, 1, 1, '2023-04-12 13:20:57', NULL),
(4201, 211, 9, 1, 1, 1, 1, 1, '2023-04-12 13:20:57', NULL),
(4202, 211, 10, 1, 1, 1, 1, 1, '2023-04-12 13:20:57', NULL),
(4203, 211, 11, 1, 1, 1, 1, 1, '2023-04-12 13:20:57', NULL),
(4204, 211, 12, 1, 1, 1, 1, 1, '2023-04-12 13:20:57', NULL),
(4205, 211, 13, 1, 1, 1, 1, 1, '2023-04-12 13:20:57', NULL),
(4206, 211, 14, 1, 1, 1, 1, 1, '2023-04-12 13:20:57', NULL),
(4207, 211, 15, 1, 1, 1, 1, 1, '2023-04-12 13:20:57', NULL),
(4208, 211, 16, 1, 1, 1, 1, 1, '2023-04-12 13:20:57', NULL),
(4209, 211, 17, 1, 1, 1, 1, 1, '2023-04-12 13:20:57', NULL),
(4210, 211, 18, 1, 1, 1, 1, 1, '2023-04-12 13:20:57', NULL),
(4211, 211, 19, 1, 1, 1, 1, 1, '2023-04-12 13:20:57', NULL),
(4212, 211, 21, 1, 1, 1, 1, 1, '2023-04-12 13:20:57', NULL),
(4213, 211, 22, 1, 1, 1, 1, 1, '2023-04-12 13:20:57', NULL),
(4214, 211, 23, 1, 1, 1, 1, 1, '2023-04-12 13:20:57', NULL),
(4215, 211, 24, 1, 1, 1, 1, 1, '2023-04-12 13:20:57', NULL),
(4216, 211, 25, 1, 1, 1, 1, 1, '2023-04-12 13:20:57', NULL),
(4217, 211, 27, 1, 1, 1, 1, 1, '2023-04-12 13:20:57', NULL),
(4218, 211, 28, 1, 1, 1, 1, 1, '2023-04-12 13:20:57', NULL),
(4219, 211, 29, 1, 1, 1, 1, 1, '2023-04-12 13:20:57', NULL),
(4220, 211, 30, 1, 1, 1, 1, 1, '2023-04-12 13:20:57', NULL),
(4221, 212, 9, 1, 1, 1, 1, 1, '2023-04-12 13:20:57', NULL),
(4222, 212, 10, 1, 1, 1, 1, 1, '2023-04-12 13:20:57', NULL),
(4223, 212, 11, 1, 1, 1, 1, 1, '2023-04-12 13:20:57', NULL),
(4224, 212, 12, 1, 1, 1, 1, 1, '2023-04-12 13:20:57', NULL),
(4225, 212, 13, 1, 1, 1, 1, 1, '2023-04-12 13:20:57', NULL),
(4226, 212, 14, 1, 1, 1, 1, 1, '2023-04-12 13:20:57', NULL),
(4227, 212, 15, 1, 1, 1, 1, 1, '2023-04-12 13:20:57', NULL),
(4228, 212, 16, 1, 1, 1, 1, 1, '2023-04-12 13:20:57', NULL),
(4229, 212, 17, 1, 1, 1, 1, 1, '2023-04-12 13:20:57', NULL),
(4230, 212, 18, 1, 1, 1, 1, 1, '2023-04-12 13:20:57', NULL),
(4231, 212, 19, 1, 1, 1, 1, 1, '2023-04-12 13:20:57', NULL),
(4232, 212, 21, 1, 1, 1, 1, 1, '2023-04-12 13:20:57', NULL),
(4233, 212, 22, 1, 1, 1, 1, 1, '2023-04-12 13:20:57', NULL),
(4234, 212, 23, 1, 1, 1, 1, 1, '2023-04-12 13:20:57', NULL),
(4235, 212, 24, 1, 1, 1, 1, 1, '2023-04-12 13:20:57', NULL),
(4236, 212, 25, 1, 1, 1, 1, 1, '2023-04-12 13:20:57', NULL),
(4237, 212, 27, 1, 1, 1, 1, 1, '2023-04-12 13:20:57', NULL),
(4238, 212, 28, 1, 1, 1, 1, 1, '2023-04-12 13:20:57', NULL),
(4239, 212, 29, 1, 1, 1, 1, 1, '2023-04-12 13:20:57', NULL),
(4240, 212, 30, 1, 1, 1, 1, 1, '2023-04-12 13:20:57', NULL),
(4241, 213, 9, 1, 1, 1, 1, 1, '2023-04-12 13:20:57', NULL),
(4242, 213, 10, 1, 1, 1, 1, 1, '2023-04-12 13:20:57', NULL),
(4243, 213, 11, 1, 1, 1, 1, 1, '2023-04-12 13:20:57', NULL),
(4244, 213, 12, 1, 1, 1, 1, 1, '2023-04-12 13:20:57', NULL),
(4245, 213, 13, 1, 1, 1, 1, 1, '2023-04-12 13:20:57', NULL),
(4246, 213, 14, 1, 1, 1, 1, 1, '2023-04-12 13:20:57', NULL),
(4247, 213, 15, 1, 1, 1, 1, 1, '2023-04-12 13:20:57', NULL),
(4248, 213, 16, 1, 1, 1, 1, 1, '2023-04-12 13:20:57', NULL),
(4249, 213, 17, 1, 1, 1, 1, 1, '2023-04-12 13:20:57', NULL),
(4250, 213, 18, 1, 1, 1, 1, 1, '2023-04-12 13:20:57', NULL),
(4251, 213, 19, 1, 1, 1, 1, 1, '2023-04-12 13:20:57', NULL),
(4252, 213, 21, 1, 1, 1, 1, 1, '2023-04-12 13:20:57', NULL),
(4253, 213, 22, 1, 1, 1, 1, 1, '2023-04-12 13:20:57', NULL),
(4254, 213, 23, 1, 1, 1, 1, 1, '2023-04-12 13:20:57', NULL),
(4255, 213, 24, 1, 1, 1, 1, 1, '2023-04-12 13:20:57', NULL),
(4256, 213, 25, 1, 1, 1, 1, 1, '2023-04-12 13:20:57', NULL),
(4257, 213, 27, 1, 1, 1, 1, 1, '2023-04-12 13:20:57', NULL),
(4258, 213, 28, 1, 1, 1, 1, 1, '2023-04-12 13:20:57', NULL),
(4259, 213, 29, 1, 1, 1, 1, 1, '2023-04-12 13:20:57', NULL),
(4260, 213, 30, 1, 1, 1, 1, 1, '2023-04-12 13:20:57', NULL);

-- --------------------------------------------------------

--
-- Estructura de tabla para la tabla `permiso_rol`
--

CREATE TABLE `permiso_rol` (
  `rol_id` bigint(20) UNSIGNED NOT NULL,
  `permiso_id` bigint(20) UNSIGNED NOT NULL
) ENGINE=InnoDB DEFAULT CHARSET=utf8 COLLATE=utf8_spanish_ci ROW_FORMAT=DYNAMIC;

-- --------------------------------------------------------

--
-- Estructura de tabla para la tabla `personal_access_tokens`
--

CREATE TABLE `personal_access_tokens` (
  `id` bigint(20) UNSIGNED NOT NULL,
  `tokenable_type` varchar(255) COLLATE utf8mb4_unicode_ci NOT NULL,
  `tokenable_id` bigint(20) UNSIGNED NOT NULL,
  `name` varchar(255) COLLATE utf8mb4_unicode_ci NOT NULL,
  `token` varchar(64) COLLATE utf8mb4_unicode_ci NOT NULL,
  `abilities` text COLLATE utf8mb4_unicode_ci DEFAULT NULL,
  `last_used_at` timestamp NULL DEFAULT NULL,
  `expires_at` timestamp NULL DEFAULT NULL,
  `created_at` timestamp NULL DEFAULT NULL,
  `updated_at` timestamp NULL DEFAULT NULL
) ENGINE=InnoDB DEFAULT CHARSET=utf8mb4 COLLATE=utf8mb4_unicode_ci ROW_FORMAT=DYNAMIC;

-- --------------------------------------------------------

--
-- Estructura de tabla para la tabla `personas`
--

CREATE TABLE `personas` (
  `id` bigint(20) UNSIGNED NOT NULL,
  `docutipos_id` bigint(20) UNSIGNED NOT NULL,
  `cargo_id` bigint(20) UNSIGNED NOT NULL,
  `contrato_id` bigint(20) UNSIGNED NOT NULL,
  `centro_id` bigint(20) UNSIGNED NOT NULL,
  `identificacion` varchar(100) COLLATE utf8_spanish_ci NOT NULL,
  `nombre1` varchar(50) COLLATE utf8_spanish_ci NOT NULL,
  `nombre2` varchar(50) COLLATE utf8_spanish_ci DEFAULT NULL,
  `apellido1` varchar(50) COLLATE utf8_spanish_ci NOT NULL,
  `apellido2` varchar(50) COLLATE utf8_spanish_ci DEFAULT NULL,
  `telefono` varchar(50) COLLATE utf8_spanish_ci NOT NULL,
  `direccion` varchar(255) COLLATE utf8_spanish_ci NOT NULL,
  `email` varchar(255) COLLATE utf8_spanish_ci NOT NULL,
  `foto` varchar(255) COLLATE utf8_spanish_ci NOT NULL DEFAULT 'usuario-inicial.jpg',
  `asignacion` bigint(20) NOT NULL DEFAULT 0,
  `estado` tinyint(1) NOT NULL DEFAULT 1,
  `fecha_inicio` date DEFAULT NULL,
  `fecha_retiro` date DEFAULT NULL,
  `tiket` varchar(50) COLLATE utf8_spanish_ci DEFAULT NULL,
  `created_at` timestamp NULL DEFAULT NULL,
  `updated_at` timestamp NULL DEFAULT NULL
) ENGINE=InnoDB DEFAULT CHARSET=utf8 COLLATE=utf8_spanish_ci ROW_FORMAT=DYNAMIC;

-- --------------------------------------------------------

--
-- Estructura de tabla para la tabla `proveedor_rentados`
--

CREATE TABLE `proveedor_rentados` (
  `id` bigint(20) UNSIGNED NOT NULL,
  `proveedor` varchar(255) COLLATE utf8_spanish_ci NOT NULL,
  `created_at` timestamp NULL DEFAULT NULL,
  `updated_at` timestamp NULL DEFAULT NULL
) ENGINE=InnoDB DEFAULT CHARSET=utf8 COLLATE=utf8_spanish_ci ROW_FORMAT=DYNAMIC;

--
-- Volcado de datos para la tabla `proveedor_rentados`
--

INSERT INTO `proveedor_rentados` (`id`, `proveedor`, `created_at`, `updated_at`) VALUES
(1, 'PC-COM', '2023-04-12 13:20:58', NULL),
(2, 'RENTACOMPUTO', '2023-04-12 13:20:58', NULL),
(3, 'TECNOREDES Y SERVICIOS SAS', '2023-04-12 13:20:58', NULL),
(4, 'AYS COMPUTADORES', '2023-04-12 13:20:58', NULL),
(5, 'COMPURENT', '2023-04-12 13:20:58', NULL),
(6, 'MICROHOME', '2023-04-12 13:20:58', NULL);

-- --------------------------------------------------------

--
-- Estructura de tabla para la tabla `rentado_asignados`
--

CREATE TABLE `rentado_asignados` (
  `id` bigint(20) UNSIGNED NOT NULL,
  `asignado` varchar(255) COLLATE utf8_spanish_ci NOT NULL,
  `created_at` timestamp NULL DEFAULT NULL,
  `updated_at` timestamp NULL DEFAULT NULL
) ENGINE=InnoDB DEFAULT CHARSET=utf8 COLLATE=utf8_spanish_ci ROW_FORMAT=DYNAMIC;

--
-- Volcado de datos para la tabla `rentado_asignados`
--

INSERT INTO `rentado_asignados` (`id`, `asignado`, `created_at`, `updated_at`) VALUES
(1, 'Adel Mahomud', '2023-04-12 13:20:59', NULL),
(2, 'Alejandra Bances ', '2023-04-12 13:20:59', NULL),
(3, 'Alejandra Carranza', '2023-04-12 13:20:59', NULL),
(4, 'Alejandra Guzman ', '2023-04-12 13:20:59', NULL),
(5, 'Alejandra Jimenez ', '2023-04-12 13:20:59', NULL),
(6, 'Alejandra Saenz', '2023-04-12 13:20:59', NULL),
(7, 'Alejandra Trujillo', '2023-04-12 13:20:59', NULL),
(8, 'Ana Guerra', '2023-04-12 13:20:59', NULL),
(9, 'Andrea Bejarano', '2023-04-12 13:20:59', NULL),
(10, 'Andres Buitrago', '2023-04-12 13:20:59', NULL),
(11, 'Andres Melo', '2023-04-12 13:20:59', NULL),
(12, 'Andres Rubiano', '2023-04-12 13:20:59', NULL),
(13, 'Andres Zarote', '2023-04-12 13:20:59', NULL),
(14, 'Angel Medina', '2023-04-12 13:20:59', NULL),
(15, 'Angela Hernandez', '2023-04-12 13:20:59', NULL),
(16, 'Angelica Herran', '2023-04-12 13:20:59', NULL),
(17, 'Angelica Tello', '2023-04-12 13:20:59', NULL),
(18, 'Angie Cruz ', '2023-04-12 13:20:59', NULL),
(19, 'Astrid Rodriguez', '2023-04-12 13:20:59', NULL),
(20, 'Brandon Lara', '2023-04-12 13:20:59', NULL),
(21, 'Brayan Salazar', '2023-04-12 13:20:59', NULL),
(22, 'Camilo Berdugo', '2023-04-12 13:20:59', NULL),
(23, 'Camilo Bornachera', '2023-04-12 13:20:59', NULL),
(24, 'Camilo Ramirez', '2023-04-12 13:20:59', NULL),
(25, 'Carlos Barrero', '2023-04-12 13:20:59', NULL),
(26, 'Carlos Rojas', '2023-04-12 13:20:59', NULL),
(27, 'Carlos Serna', '2023-04-12 13:20:59', NULL),
(28, 'Carlos Turriago', '2023-04-12 13:20:59', NULL),
(29, 'Caterin Velasquez', '2023-04-12 13:20:59', NULL),
(30, 'Cristian Martinez ', '2023-04-12 13:20:59', NULL),
(31, 'Cristina Martinez', '2023-04-12 13:20:59', NULL),
(32, 'Dahize Almanza', '2023-04-12 13:20:59', NULL),
(33, 'Daniel Alexis Fernández Becerra', '2023-04-12 13:20:59', NULL),
(34, 'Daniela Jimenez', '2023-04-12 13:20:59', NULL),
(35, 'Daniela Mejia', '2023-04-12 13:20:59', NULL),
(36, 'Dasuly Giraldo', '2023-04-12 13:20:59', NULL),
(37, 'Diana Cardozo', '2023-04-12 13:20:59', NULL),
(38, 'Didier Castillo', '2023-04-12 13:20:59', NULL),
(39, 'Diego Caro', '2023-04-12 13:20:59', NULL),
(40, 'Dixon Anato', '2023-04-12 13:20:59', NULL),
(41, 'Edna Alarcon', '2023-04-12 13:20:59', NULL),
(42, 'Eliana Robayo', '2023-04-12 13:20:59', NULL),
(43, 'Erick Vacca', '2023-04-12 13:20:59', NULL),
(44, 'Estefani Canelones', '2023-04-12 13:20:59', NULL),
(45, 'Fernanda Martinez', '2023-04-12 13:20:59', NULL),
(46, 'Fernando Trujillo', '2023-04-12 13:20:59', NULL),
(47, 'FONPAZ', '2023-04-12 13:20:59', NULL),
(48, 'Gabriel Romero', '2023-04-12 13:20:59', NULL),
(49, 'Geraldine Martinez', '2023-04-12 13:20:59', NULL),
(50, 'Gina Pedraza', '2023-04-12 13:20:59', NULL),
(51, 'Hailyn Rodriguez ', '2023-04-12 13:20:59', NULL),
(52, 'Harold Yepes', '2023-04-12 13:20:59', NULL),
(53, 'Hernando Rios', '2023-04-12 13:20:59', NULL),
(54, 'Indira Sauliz', '2023-04-12 13:20:59', NULL),
(55, 'Ivan Jerez', '2023-04-12 13:20:59', NULL),
(56, 'Ivan Murcia', '2023-04-12 13:20:59', NULL),
(57, 'Jaime Guevara', '2023-04-12 13:20:59', NULL),
(58, 'Jairo Rodriguez', '2023-04-12 13:20:59', NULL),
(59, 'Jairo Vanegas', '2023-04-12 13:20:59', NULL),
(60, 'jefferson jimenez', '2023-04-12 13:20:59', NULL),
(61, 'Jeison Ariza ', '2023-04-12 13:20:59', NULL),
(62, 'Jenny Niño', '2023-04-12 13:20:59', NULL),
(63, 'Jessica Basallo', '2023-04-12 13:20:59', NULL),
(64, 'Jessica Gaitan ', '2023-04-12 13:20:59', NULL),
(65, 'Jhoan Montealegre', '2023-04-12 13:20:59', NULL),
(66, 'Jhonatan Martinez', '2023-04-12 13:20:59', NULL),
(67, 'Johanna Moreno', '2023-04-12 13:20:59', NULL),
(68, 'Johanna Russi', '2023-04-12 13:20:59', NULL),
(69, 'John Calderon', '2023-04-12 13:20:59', NULL),
(70, 'John Rueda', '2023-04-12 13:20:59', NULL),
(71, 'Jorge Mogollon', '2023-04-12 13:20:59', NULL),
(72, 'Jose Alexander Vargas', '2023-04-12 13:20:59', NULL),
(73, 'Jose Garcia', '2023-04-12 13:20:59', NULL),
(74, 'Jose Lopez', '2023-04-12 13:20:59', NULL),
(75, 'Jose Mario Mier Rivera', '2023-04-12 13:20:59', NULL),
(76, 'Juan Carlos Alvarez                                             ', '2023-04-12 13:20:59', NULL),
(77, 'Juan Jose Sotelo', '2023-04-12 13:20:59', NULL),
(78, 'Julieth Valencia', '2023-04-12 13:20:59', NULL),
(79, 'July Gordillo', '2023-04-12 13:20:59', NULL),
(80, 'Justin Diaz', '2023-04-12 13:20:59', NULL),
(81, 'Justine Pulido', '2023-04-12 13:20:59', NULL),
(82, 'Karen Ardila', '2023-04-12 13:20:59', NULL),
(83, 'Karin Fuenmayor', '2023-04-12 13:20:59', NULL),
(84, 'Katherine Amanda Medina Araujo', '2023-04-12 13:20:59', NULL),
(85, 'Katherine Medina', '2023-04-12 13:20:59', NULL),
(86, 'Kevin Guerrero', '2023-04-12 13:20:59', NULL),
(87, 'Kevin Marquez', '2023-04-12 13:20:59', NULL),
(88, 'Kimberly Zambrano ', '2023-04-12 13:20:59', NULL),
(89, 'Laura Izquierdo', '2023-04-12 13:20:59', NULL),
(90, 'Laura Moreno ', '2023-04-12 13:20:59', NULL),
(91, 'Leidy Bolivar', '2023-04-12 13:20:59', NULL),
(92, 'Leidy Leon ', '2023-04-12 13:20:59', NULL),
(93, 'Leonardo Chaves', '2023-04-12 13:20:59', NULL),
(94, 'Claudia Aldana', '2023-04-12 13:20:59', NULL),
(95, 'Luis Bejarano', '2023-04-12 13:20:59', NULL),
(96, 'Luis Hernandez', '2023-04-12 13:20:59', NULL),
(97, 'Luis Pacheco', '2023-04-12 13:20:59', NULL),
(98, 'Luis Samaca', '2023-04-12 13:20:59', NULL),
(99, 'Luis Venegas', '2023-04-12 13:20:59', NULL),
(100, 'Luz Hernandez', '2023-04-12 13:20:59', NULL),
(101, 'Marcela Beltran', '2023-04-12 13:20:59', NULL),
(102, 'Maria Bargallo', '2023-04-12 13:21:00', NULL),
(103, 'Maria Velez', '2023-04-12 13:21:00', NULL),
(104, 'Michael Santa', '2023-04-12 13:21:00', NULL),
(105, 'Monica Parra', '2023-04-12 13:21:00', NULL),
(106, 'Nanlel Gonzalez', '2023-04-12 13:21:00', NULL),
(107, 'Nathalia Montenegro', '2023-04-12 13:21:00', NULL),
(108, 'Nelson Barrera', '2023-04-12 13:21:00', NULL),
(109, 'Nestor Cambindo', '2023-04-12 13:21:00', NULL),
(110, 'Nicol Franco', '2023-04-12 13:21:00', NULL),
(111, 'Oscar Infante', '2023-04-12 13:21:00', NULL),
(112, 'Oscar Sosa', '2023-04-12 13:21:00', NULL),
(113, 'Oscar Velazquez', '2023-04-12 13:21:00', NULL),
(114, 'Oswaldo Paez', '2023-04-12 13:21:00', NULL),
(115, 'Paola Barbosa', '2023-04-12 13:21:00', NULL),
(116, 'Paula Garzon ', '2023-04-12 13:21:00', NULL),
(117, 'Paula Rendon', '2023-04-12 13:21:00', NULL),
(118, 'Rama Judicial ', '2023-04-12 13:21:00', NULL),
(119, 'Richard Valderrama', '2023-04-12 13:21:00', NULL),
(120, 'Sandra Molano', '2023-04-12 13:21:00', NULL),
(121, 'Sandra Quiñonez', '2023-04-12 13:21:00', NULL),
(122, 'Sneider Cortes ', '2023-04-12 13:21:00', NULL),
(123, 'Stefania Piedrahita', '2023-04-12 13:21:00', NULL),
(124, 'Steven Robledo', '2023-04-12 13:21:00', NULL),
(125, 'Tatiana Oyola', '2023-04-12 13:21:00', NULL),
(126, 'Tatiana Rodriguez', '2023-04-12 13:21:00', NULL),
(127, 'Valeria Garcia ', '2023-04-12 13:21:00', NULL),
(128, 'Valeria Gnecco ', '2023-04-12 13:21:00', NULL),
(129, 'Vilmary Lopez', '2023-04-12 13:21:00', NULL),
(130, 'Viviana Vanegas', '2023-04-12 13:21:00', NULL),
(131, 'Wilfer Beltran ', '2023-04-12 13:21:00', NULL),
(132, 'Yina Ruiz', '2023-04-12 13:21:00', NULL),
(133, 'Yulieth Parra', '2023-04-12 13:21:00', NULL);

-- --------------------------------------------------------

--
-- Estructura de tabla para la tabla `rentado_estados`
--

CREATE TABLE `rentado_estados` (
  `id` bigint(20) UNSIGNED NOT NULL,
  `estado` varchar(255) COLLATE utf8_spanish_ci NOT NULL,
  `created_at` timestamp NULL DEFAULT NULL,
  `updated_at` timestamp NULL DEFAULT NULL
) ENGINE=InnoDB DEFAULT CHARSET=utf8 COLLATE=utf8_spanish_ci ROW_FORMAT=DYNAMIC;

--
-- Volcado de datos para la tabla `rentado_estados`
--

INSERT INTO `rentado_estados` (`id`, `estado`, `created_at`, `updated_at`) VALUES
(1, 'Bodega', '2023-04-12 13:21:00', NULL),
(2, 'Devuelto', '2023-04-12 13:21:00', NULL),
(3, 'En Uso', '2023-04-12 13:21:00', NULL),
(4, 'Subsanado', '2023-04-12 13:21:00', NULL);

-- --------------------------------------------------------

--
-- Estructura de tabla para la tabla `rentado_responsables`
--

CREATE TABLE `rentado_responsables` (
  `id` bigint(20) UNSIGNED NOT NULL,
  `responsable` varchar(255) COLLATE utf8_spanish_ci NOT NULL,
  `created_at` timestamp NULL DEFAULT NULL,
  `updated_at` timestamp NULL DEFAULT NULL
) ENGINE=InnoDB DEFAULT CHARSET=utf8 COLLATE=utf8_spanish_ci ROW_FORMAT=DYNAMIC;

--
-- Volcado de datos para la tabla `rentado_responsables`
--

INSERT INTO `rentado_responsables` (`id`, `responsable`, `created_at`, `updated_at`) VALUES
(1, 'Andres Amaya', '2023-04-12 13:20:59', NULL),
(2, 'Camila Niño', '2023-04-12 13:20:59', NULL),
(3, 'Claudia Aldana', '2023-04-12 13:20:59', NULL),
(4, 'Deizith Diaz', '2023-04-12 13:20:59', NULL),
(5, 'Diana Bermudez', '2023-04-12 13:20:59', NULL),
(6, 'Diana Cardozo', '2023-04-12 13:20:59', NULL),
(7, 'Diego Urbano', '2023-04-12 13:20:59', NULL),
(8, 'Fabian Echeverria', '2023-04-12 13:20:59', NULL),
(9, 'Fernan Ocampo', '2023-04-12 13:20:59', NULL),
(10, 'Henry Chica', '2023-04-12 13:20:59', NULL),
(11, 'Herney Ortega', '2023-04-12 13:20:59', NULL),
(12, 'Jhon Calderon', '2023-04-12 13:20:59', NULL),
(13, 'Khaterine Daza', '2023-04-12 13:20:59', NULL),
(14, 'Laura Moreno', '2023-04-12 13:20:59', NULL),
(15, 'Marcela Beltran', '2023-04-12 13:20:59', NULL),
(16, 'Marcela Ramirez', '2023-04-12 13:20:59', NULL),
(17, 'Miguel Gomez', '2023-04-12 13:20:59', NULL),
(18, 'Monica Lorena Mendez', '2023-04-12 13:20:59', NULL),
(19, 'Monica Rey', '2023-04-12 13:20:59', NULL),
(20, 'Natalia Fajardo', '2023-04-12 13:20:59', NULL),
(21, 'Nicolas Arias', '2023-04-12 13:20:59', NULL),
(22, 'Nicolas Ceron', '2023-04-12 13:20:59', NULL),
(23, 'Norma Perez', '2023-04-12 13:20:59', NULL),
(24, 'Oscar Salazar', '2023-04-12 13:20:59', NULL),
(25, 'Sandra Muñoz', '2023-04-12 13:20:59', NULL),
(26, 'Sandra Paez', '2023-04-12 13:20:59', NULL),
(27, 'Santiago suarez', '2023-04-12 13:20:59', NULL),
(28, 'Vende en linea', '2023-04-12 13:20:59', NULL),
(29, 'Victor Quintero', '2023-04-12 13:20:59', NULL);

-- --------------------------------------------------------

--
-- Estructura de tabla para la tabla `rentado_tipos`
--

CREATE TABLE `rentado_tipos` (
  `id` bigint(20) UNSIGNED NOT NULL,
  `tipo` varchar(255) COLLATE utf8_spanish_ci NOT NULL,
  `created_at` timestamp NULL DEFAULT NULL,
  `updated_at` timestamp NULL DEFAULT NULL
) ENGINE=InnoDB DEFAULT CHARSET=utf8 COLLATE=utf8_spanish_ci ROW_FORMAT=DYNAMIC;

--
-- Volcado de datos para la tabla `rentado_tipos`
--

INSERT INTO `rentado_tipos` (`id`, `tipo`, `created_at`, `updated_at`) VALUES
(1, 'Laptop', '2023-04-12 13:21:00', NULL),
(2, 'Desktop', '2023-04-12 13:21:00', NULL),
(3, 'Notebook', '2023-04-12 13:21:00', NULL),
(4, 'All in One', '2023-04-12 13:21:00', NULL),
(5, 'Servidor', '2023-04-12 13:21:00', NULL);

-- --------------------------------------------------------

--
-- Estructura de tabla para la tabla `roles`
--

CREATE TABLE `roles` (
  `id` bigint(20) UNSIGNED NOT NULL,
  `nombre` varchar(100) COLLATE utf8_spanish_ci NOT NULL,
  `created_at` timestamp NULL DEFAULT NULL,
  `updated_at` timestamp NULL DEFAULT NULL
) ENGINE=InnoDB DEFAULT CHARSET=utf8 COLLATE=utf8_spanish_ci ROW_FORMAT=DYNAMIC;

--
-- Volcado de datos para la tabla `roles`
--

INSERT INTO `roles` (`id`, `nombre`, `created_at`, `updated_at`) VALUES
(1, 'Administrador Sistema', '2023-04-12 13:20:31', NULL),
(2, 'Administrador', '2023-04-12 13:20:31', NULL),
(3, 'Usuario', '2023-04-12 13:20:31', NULL);

-- --------------------------------------------------------

--
-- Estructura de tabla para la tabla `sub_centro_costos`
--

CREATE TABLE `sub_centro_costos` (
  `id` bigint(20) UNSIGNED NOT NULL,
  `centro_costo_id` bigint(20) UNSIGNED NOT NULL,
  `consecutivo` bigint(20) NOT NULL,
  `centro` varchar(255) COLLATE utf8_spanish_ci DEFAULT NULL,
  `created_at` timestamp NULL DEFAULT NULL,
  `updated_at` timestamp NULL DEFAULT NULL
) ENGINE=InnoDB DEFAULT CHARSET=utf8 COLLATE=utf8_spanish_ci ROW_FORMAT=DYNAMIC;

--
-- Volcado de datos para la tabla `sub_centro_costos`
--

INSERT INTO `sub_centro_costos` (`id`, `centro_costo_id`, `consecutivo`, `centro`, `created_at`, `updated_at`) VALUES
(1, 21, 1, NULL, '2023-04-12 13:20:59', NULL),
(2, 21, 2, NULL, '2023-04-12 13:20:59', NULL);

-- --------------------------------------------------------

--
-- Estructura de tabla para la tabla `users`
--

CREATE TABLE `users` (
  `id` bigint(20) UNSIGNED NOT NULL,
  `name` varchar(255) COLLATE utf8mb4_unicode_ci NOT NULL,
  `email` varchar(255) COLLATE utf8mb4_unicode_ci NOT NULL,
  `email_verified_at` timestamp NULL DEFAULT NULL,
  `password` varchar(255) COLLATE utf8mb4_unicode_ci NOT NULL,
  `remember_token` varchar(100) COLLATE utf8mb4_unicode_ci DEFAULT NULL,
  `created_at` timestamp NULL DEFAULT NULL,
  `updated_at` timestamp NULL DEFAULT NULL
) ENGINE=InnoDB DEFAULT CHARSET=utf8mb4 COLLATE=utf8mb4_unicode_ci ROW_FORMAT=DYNAMIC;

--
-- Volcado de datos para la tabla `users`
--

INSERT INTO `users` (`id`, `name`, `email`, `email_verified_at`, `password`, `remember_token`, `created_at`, `updated_at`) VALUES
(1, 'adminsis@gmail.com', 'adminsis@gmail.com', NULL, '$2y$10$.SNW149ukPuw3ADVLCvU6OIxTO.1T5IlCZ/aB65gTdGSjgpPVDjaC', NULL, '2023-04-12 13:20:35', NULL),
(2, 'admin@gmail.com', 'admin@gmail.com', NULL, '$2y$10$ISJ2BGkZJUDDmbCRK6PBhOP8V67dNKa9psbHOV28.JkLhCIs7qh.C', NULL, '2023-04-12 13:20:35', NULL);

-- --------------------------------------------------------

--
-- Estructura de tabla para la tabla `usuarios`
--

CREATE TABLE `usuarios` (
  `id` bigint(20) UNSIGNED NOT NULL,
  `usuario` varchar(100) COLLATE utf8_spanish_ci NOT NULL,
  `password` varchar(100) COLLATE utf8_spanish_ci NOT NULL,
  `two_factor_secret` text COLLATE utf8_spanish_ci DEFAULT NULL,
  `two_factor_recovery_codes` text COLLATE utf8_spanish_ci DEFAULT NULL,
  `camb_password` tinyint(1) NOT NULL DEFAULT 0,
  `email_verified_at` timestamp NULL DEFAULT NULL,
  `remember_token` varchar(100) COLLATE utf8_spanish_ci DEFAULT NULL,
  `created_at` timestamp NULL DEFAULT NULL,
  `updated_at` timestamp NULL DEFAULT NULL
) ENGINE=InnoDB DEFAULT CHARSET=utf8 COLLATE=utf8_spanish_ci ROW_FORMAT=DYNAMIC;

--
-- Volcado de datos para la tabla `usuarios`
--

INSERT INTO `usuarios` (`id`, `usuario`, `password`, `two_factor_secret`, `two_factor_recovery_codes`, `camb_password`, `email_verified_at`, `remember_token`, `created_at`, `updated_at`) VALUES
(1, 'adminsis', '$2y$10$m.x44kj3FRKyR.Bs8prICufiFATxPhcfnYsTcUSk2Oj2IPc1GmV/K', NULL, NULL, 0, NULL, NULL, '2023-04-12 13:20:35', NULL),
(2, 'admin', '$2y$10$PtTM86CYEOEKsTWMHcp2weEHfBbZrDL31YeO5/dwLX2Tj.74OHAim', NULL, NULL, 0, NULL, NULL, '2023-04-12 13:20:35', NULL);

-- --------------------------------------------------------

--
-- Estructura de tabla para la tabla `usuariotemp`
--

CREATE TABLE `usuariotemp` (
  `id` bigint(20) UNSIGNED NOT NULL,
  `tipo_persona` varchar(255) COLLATE utf8_spanish_ci NOT NULL,
  `docutipos_id` bigint(20) UNSIGNED NOT NULL,
  `identificacion` varchar(100) COLLATE utf8_spanish_ci NOT NULL,
  `email` varchar(255) COLLATE utf8_spanish_ci NOT NULL,
  `estado` int(11) NOT NULL DEFAULT 0,
  `created_at` timestamp NULL DEFAULT NULL,
  `updated_at` timestamp NULL DEFAULT NULL
) ENGINE=InnoDB DEFAULT CHARSET=utf8 COLLATE=utf8_spanish_ci ROW_FORMAT=DYNAMIC;

-- --------------------------------------------------------

--
-- Estructura de tabla para la tabla `usuario_rol`
--

CREATE TABLE `usuario_rol` (
  `id` bigint(20) UNSIGNED NOT NULL,
  `rol_id` bigint(20) UNSIGNED NOT NULL,
  `usuario_id` bigint(20) UNSIGNED NOT NULL,
  `estado` tinyint(1) NOT NULL DEFAULT 1,
  `created_at` timestamp NULL DEFAULT NULL,
  `updated_at` timestamp NULL DEFAULT NULL
) ENGINE=InnoDB DEFAULT CHARSET=utf8 COLLATE=utf8_spanish_ci ROW_FORMAT=DYNAMIC;

--
-- Volcado de datos para la tabla `usuario_rol`
--

INSERT INTO `usuario_rol` (`id`, `rol_id`, `usuario_id`, `estado`, `created_at`, `updated_at`) VALUES
(1, 1, 1, 1, '2023-04-12 13:20:35', NULL),
(2, 2, 2, 1, '2023-04-12 13:20:35', NULL);

--
-- Índices para tablas volcadas
--

--
-- Indices de la tabla `areas`
--
ALTER TABLE `areas`
  ADD PRIMARY KEY (`id`);

--
-- Indices de la tabla `asignacion_rentados`
--
ALTER TABLE `asignacion_rentados`
  ADD PRIMARY KEY (`id`),
  ADD KEY `fk_rentado_asignado_equipo` (`rentado_asignado_id`),
  ADD KEY `fk_equipo_rentado_rentado_asignado` (`equipo_rentado_id`);

--
-- Indices de la tabla `cargos`
--
ALTER TABLE `cargos`
  ADD PRIMARY KEY (`id`),
  ADD KEY `fk_areas_niveles` (`area_id`);

--
-- Indices de la tabla `categorias`
--
ALTER TABLE `categorias`
  ADD PRIMARY KEY (`id`);

--
-- Indices de la tabla `centros`
--
ALTER TABLE `centros`
  ADD PRIMARY KEY (`id`);

--
-- Indices de la tabla `centro_costos`
--
ALTER TABLE `centro_costos`
  ADD PRIMARY KEY (`id`),
  ADD UNIQUE KEY `centro_costos_centro_unique` (`centro`);

--
-- Indices de la tabla `centro_porcentajes`
--
ALTER TABLE `centro_porcentajes`
  ADD PRIMARY KEY (`id`),
  ADD KEY `fk_personas_centro` (`persona_id`),
  ADD KEY `fk_centros_personas` (`centro_id`);

--
-- Indices de la tabla `contratos`
--
ALTER TABLE `contratos`
  ADD PRIMARY KEY (`id`);

--
-- Indices de la tabla `correo_corporativos`
--
ALTER TABLE `correo_corporativos`
  ADD PRIMARY KEY (`id`),
  ADD KEY `fk_personas_correo` (`persona_id`),
  ADD KEY `fk_centros_correo` (`centro_id`),
  ADD KEY `fk_dominio_empresas_correo` (`dominio_empresa_id`);

--
-- Indices de la tabla `docutipos`
--
ALTER TABLE `docutipos`
  ADD PRIMARY KEY (`id`);

--
-- Indices de la tabla `dominios`
--
ALTER TABLE `dominios`
  ADD PRIMARY KEY (`id`),
  ADD KEY `fk_categoria_dominios` (`categoria_id`),
  ADD KEY `fk_centros_dominios` (`centro_id`),
  ADD KEY `fk_personas_dominios` (`persona_id`);

--
-- Indices de la tabla `dominio_empresas`
--
ALTER TABLE `dominio_empresas`
  ADD PRIMARY KEY (`id`);

--
-- Indices de la tabla `equipos`
--
ALTER TABLE `equipos`
  ADD PRIMARY KEY (`id`),
  ADD KEY `fk_categoria_equipo` (`categoria_id`),
  ADD KEY `fk_estado_equipo` (`estado_elemento_id`);

--
-- Indices de la tabla `equipo_rentados`
--
ALTER TABLE `equipo_rentados`
  ADD PRIMARY KEY (`id`),
  ADD KEY `fk_proveedor_rentado_equipo` (`proveedor_rentado_id`),
  ADD KEY `fk_centro_costo_equipo` (`centro_costo_id`),
  ADD KEY `fk_sub_centro_costo_equipo` (`sub_centro_costo_id`),
  ADD KEY `fk_rentado_responsable_equipo` (`rentado_responsable_id`),
  ADD KEY `fk_glpi_rentado_tipo_equipo_rentado` (`rentado_tipo_id`),
  ADD KEY `fk_rentado_estado_equipo` (`rentado_estado_id`);

--
-- Indices de la tabla `estado_elementos`
--
ALTER TABLE `estado_elementos`
  ADD PRIMARY KEY (`id`);

--
-- Indices de la tabla `failed_jobs`
--
ALTER TABLE `failed_jobs`
  ADD PRIMARY KEY (`id`),
  ADD UNIQUE KEY `failed_jobs_uuid_unique` (`uuid`);

--
-- Indices de la tabla `icono`
--
ALTER TABLE `icono`
  ADD PRIMARY KEY (`id`);

--
-- Indices de la tabla `licencias`
--
ALTER TABLE `licencias`
  ADD PRIMARY KEY (`id`),
  ADD KEY `fk_categoria_licencia` (`categoria_id`),
  ADD KEY `fk_estado_licencia` (`estado_elemento_id`);

--
-- Indices de la tabla `matriz_caracteristicas`
--
ALTER TABLE `matriz_caracteristicas`
  ADD PRIMARY KEY (`id`);

--
-- Indices de la tabla `menu`
--
ALTER TABLE `menu`
  ADD PRIMARY KEY (`id`);

--
-- Indices de la tabla `menu_rol`
--
ALTER TABLE `menu_rol`
  ADD KEY `fk_roles_menu` (`rol_id`),
  ADD KEY `fk_menu_roles` (`menu_id`);

--
-- Indices de la tabla `migrations`
--
ALTER TABLE `migrations`
  ADD PRIMARY KEY (`id`);

--
-- Indices de la tabla `parametros`
--
ALTER TABLE `parametros`
  ADD PRIMARY KEY (`id`);

--
-- Indices de la tabla `password_resets`
--
ALTER TABLE `password_resets`
  ADD PRIMARY KEY (`email`);

--
-- Indices de la tabla `permisos`
--
ALTER TABLE `permisos`
  ADD PRIMARY KEY (`id`);

--
-- Indices de la tabla `permiso_cargos`
--
ALTER TABLE `permiso_cargos`
  ADD PRIMARY KEY (`id`),
  ADD KEY `fk_cargos_permisos` (`cargo_id`),
  ADD KEY `fk_permisos_menu` (`menu_id`);

--
-- Indices de la tabla `permiso_rol`
--
ALTER TABLE `permiso_rol`
  ADD KEY `fk_roles_permisos` (`rol_id`),
  ADD KEY `fk_permisos_roles` (`permiso_id`);

--
-- Indices de la tabla `personal_access_tokens`
--
ALTER TABLE `personal_access_tokens`
  ADD PRIMARY KEY (`id`),
  ADD UNIQUE KEY `personal_access_tokens_token_unique` (`token`),
  ADD KEY `personal_access_tokens_tokenable_type_tokenable_id_index` (`tokenable_type`,`tokenable_id`);

--
-- Indices de la tabla `personas`
--
ALTER TABLE `personas`
  ADD PRIMARY KEY (`id`),
  ADD UNIQUE KEY `personas_identificacion_unique` (`identificacion`),
  ADD UNIQUE KEY `personas_email_unique` (`email`),
  ADD UNIQUE KEY `personas_foto_unique` (`foto`),
  ADD KEY `fk_persona_docutipos` (`docutipos_id`),
  ADD KEY `fk_persona_cargos` (`cargo_id`),
  ADD KEY `fk_persona_contratos` (`contrato_id`),
  ADD KEY `fk_persona_centros` (`centro_id`);

--
-- Indices de la tabla `proveedor_rentados`
--
ALTER TABLE `proveedor_rentados`
  ADD PRIMARY KEY (`id`);

--
-- Indices de la tabla `rentado_asignados`
--
ALTER TABLE `rentado_asignados`
  ADD PRIMARY KEY (`id`),
  ADD UNIQUE KEY `rentado_asignados_asignado_unique` (`asignado`);

--
-- Indices de la tabla `rentado_estados`
--
ALTER TABLE `rentado_estados`
  ADD PRIMARY KEY (`id`);

--
-- Indices de la tabla `rentado_responsables`
--
ALTER TABLE `rentado_responsables`
  ADD PRIMARY KEY (`id`);

--
-- Indices de la tabla `rentado_tipos`
--
ALTER TABLE `rentado_tipos`
  ADD PRIMARY KEY (`id`);

--
-- Indices de la tabla `roles`
--
ALTER TABLE `roles`
  ADD PRIMARY KEY (`id`),
  ADD UNIQUE KEY `roles_nombre_unique` (`nombre`);

--
-- Indices de la tabla `sub_centro_costos`
--
ALTER TABLE `sub_centro_costos`
  ADD PRIMARY KEY (`id`),
  ADD KEY `fk_centro_costos_sub_centro_costo` (`centro_costo_id`);

--
-- Indices de la tabla `users`
--
ALTER TABLE `users`
  ADD PRIMARY KEY (`id`),
  ADD UNIQUE KEY `users_email_unique` (`email`);

--
-- Indices de la tabla `usuarios`
--
ALTER TABLE `usuarios`
  ADD PRIMARY KEY (`id`);

--
-- Indices de la tabla `usuariotemp`
--
ALTER TABLE `usuariotemp`
  ADD PRIMARY KEY (`id`),
  ADD UNIQUE KEY `usuariotemp_identificacion_unique` (`identificacion`),
  ADD UNIQUE KEY `usuariotemp_email_unique` (`email`),
  ADD KEY `fk_usuariotemp_docutipos` (`docutipos_id`);

--
-- Indices de la tabla `usuario_rol`
--
ALTER TABLE `usuario_rol`
  ADD PRIMARY KEY (`id`),
  ADD KEY `fk_roles_usuarios` (`rol_id`),
  ADD KEY `fk_usuarios_roles` (`usuario_id`);

--
-- AUTO_INCREMENT de las tablas volcadas
--

--
-- AUTO_INCREMENT de la tabla `areas`
--
ALTER TABLE `areas`
  MODIFY `id` bigint(20) UNSIGNED NOT NULL AUTO_INCREMENT, AUTO_INCREMENT=16;

--
-- AUTO_INCREMENT de la tabla `asignacion_rentados`
--
ALTER TABLE `asignacion_rentados`
  MODIFY `id` bigint(20) UNSIGNED NOT NULL AUTO_INCREMENT, AUTO_INCREMENT=200;

--
-- AUTO_INCREMENT de la tabla `cargos`
--
ALTER TABLE `cargos`
  MODIFY `id` bigint(20) UNSIGNED NOT NULL AUTO_INCREMENT, AUTO_INCREMENT=214;

--
-- AUTO_INCREMENT de la tabla `categorias`
--
ALTER TABLE `categorias`
  MODIFY `id` bigint(20) UNSIGNED NOT NULL AUTO_INCREMENT, AUTO_INCREMENT=12;

--
-- AUTO_INCREMENT de la tabla `centros`
--
ALTER TABLE `centros`
  MODIFY `id` bigint(20) UNSIGNED NOT NULL AUTO_INCREMENT, AUTO_INCREMENT=45;

--
-- AUTO_INCREMENT de la tabla `centro_costos`
--
ALTER TABLE `centro_costos`
  MODIFY `id` bigint(20) UNSIGNED NOT NULL AUTO_INCREMENT, AUTO_INCREMENT=107;

--
-- AUTO_INCREMENT de la tabla `centro_porcentajes`
--
ALTER TABLE `centro_porcentajes`
  MODIFY `id` bigint(20) UNSIGNED NOT NULL AUTO_INCREMENT;

--
-- AUTO_INCREMENT de la tabla `contratos`
--
ALTER TABLE `contratos`
  MODIFY `id` bigint(20) UNSIGNED NOT NULL AUTO_INCREMENT, AUTO_INCREMENT=9;

--
-- AUTO_INCREMENT de la tabla `correo_corporativos`
--
ALTER TABLE `correo_corporativos`
  MODIFY `id` bigint(20) UNSIGNED NOT NULL AUTO_INCREMENT;

--
-- AUTO_INCREMENT de la tabla `docutipos`
--
ALTER TABLE `docutipos`
  MODIFY `id` bigint(20) UNSIGNED NOT NULL AUTO_INCREMENT, AUTO_INCREMENT=9;

--
-- AUTO_INCREMENT de la tabla `dominios`
--
ALTER TABLE `dominios`
  MODIFY `id` bigint(20) UNSIGNED NOT NULL AUTO_INCREMENT;

--
-- AUTO_INCREMENT de la tabla `dominio_empresas`
--
ALTER TABLE `dominio_empresas`
  MODIFY `id` bigint(20) UNSIGNED NOT NULL AUTO_INCREMENT, AUTO_INCREMENT=27;

--
-- AUTO_INCREMENT de la tabla `equipos`
--
ALTER TABLE `equipos`
  MODIFY `id` bigint(20) UNSIGNED NOT NULL AUTO_INCREMENT;

--
-- AUTO_INCREMENT de la tabla `equipo_rentados`
--
ALTER TABLE `equipo_rentados`
  MODIFY `id` bigint(20) UNSIGNED NOT NULL AUTO_INCREMENT, AUTO_INCREMENT=204;

--
-- AUTO_INCREMENT de la tabla `estado_elementos`
--
ALTER TABLE `estado_elementos`
  MODIFY `id` bigint(20) UNSIGNED NOT NULL AUTO_INCREMENT;

--
-- AUTO_INCREMENT de la tabla `failed_jobs`
--
ALTER TABLE `failed_jobs`
  MODIFY `id` bigint(20) UNSIGNED NOT NULL AUTO_INCREMENT;

--
-- AUTO_INCREMENT de la tabla `icono`
--
ALTER TABLE `icono`
  MODIFY `id` bigint(20) UNSIGNED NOT NULL AUTO_INCREMENT, AUTO_INCREMENT=1555;

--
-- AUTO_INCREMENT de la tabla `licencias`
--
ALTER TABLE `licencias`
  MODIFY `id` bigint(20) UNSIGNED NOT NULL AUTO_INCREMENT;

--
-- AUTO_INCREMENT de la tabla `matriz_caracteristicas`
--
ALTER TABLE `matriz_caracteristicas`
  MODIFY `id` bigint(20) UNSIGNED NOT NULL AUTO_INCREMENT, AUTO_INCREMENT=19;

--
-- AUTO_INCREMENT de la tabla `menu`
--
ALTER TABLE `menu`
  MODIFY `id` bigint(20) UNSIGNED NOT NULL AUTO_INCREMENT, AUTO_INCREMENT=32;

--
-- AUTO_INCREMENT de la tabla `migrations`
--
ALTER TABLE `migrations`
  MODIFY `id` int(10) UNSIGNED NOT NULL AUTO_INCREMENT, AUTO_INCREMENT=161;

--
-- AUTO_INCREMENT de la tabla `parametros`
--
ALTER TABLE `parametros`
  MODIFY `id` bigint(20) UNSIGNED NOT NULL AUTO_INCREMENT, AUTO_INCREMENT=2;

--
-- AUTO_INCREMENT de la tabla `permisos`
--
ALTER TABLE `permisos`
  MODIFY `id` bigint(20) UNSIGNED NOT NULL AUTO_INCREMENT;

--
-- AUTO_INCREMENT de la tabla `permiso_cargos`
--
ALTER TABLE `permiso_cargos`
  MODIFY `id` bigint(20) UNSIGNED NOT NULL AUTO_INCREMENT, AUTO_INCREMENT=4261;

--
-- AUTO_INCREMENT de la tabla `personal_access_tokens`
--
ALTER TABLE `personal_access_tokens`
  MODIFY `id` bigint(20) UNSIGNED NOT NULL AUTO_INCREMENT;

--
-- AUTO_INCREMENT de la tabla `personas`
--
ALTER TABLE `personas`
  MODIFY `id` bigint(20) UNSIGNED NOT NULL AUTO_INCREMENT;

--
-- AUTO_INCREMENT de la tabla `proveedor_rentados`
--
ALTER TABLE `proveedor_rentados`
  MODIFY `id` bigint(20) UNSIGNED NOT NULL AUTO_INCREMENT, AUTO_INCREMENT=7;

--
-- AUTO_INCREMENT de la tabla `rentado_asignados`
--
ALTER TABLE `rentado_asignados`
  MODIFY `id` bigint(20) UNSIGNED NOT NULL AUTO_INCREMENT, AUTO_INCREMENT=134;

--
-- AUTO_INCREMENT de la tabla `rentado_estados`
--
ALTER TABLE `rentado_estados`
  MODIFY `id` bigint(20) UNSIGNED NOT NULL AUTO_INCREMENT, AUTO_INCREMENT=5;

--
-- AUTO_INCREMENT de la tabla `rentado_responsables`
--
ALTER TABLE `rentado_responsables`
  MODIFY `id` bigint(20) UNSIGNED NOT NULL AUTO_INCREMENT, AUTO_INCREMENT=30;

--
-- AUTO_INCREMENT de la tabla `rentado_tipos`
--
ALTER TABLE `rentado_tipos`
  MODIFY `id` bigint(20) UNSIGNED NOT NULL AUTO_INCREMENT, AUTO_INCREMENT=6;

--
-- AUTO_INCREMENT de la tabla `roles`
--
ALTER TABLE `roles`
  MODIFY `id` bigint(20) UNSIGNED NOT NULL AUTO_INCREMENT, AUTO_INCREMENT=4;

--
-- AUTO_INCREMENT de la tabla `sub_centro_costos`
--
ALTER TABLE `sub_centro_costos`
  MODIFY `id` bigint(20) UNSIGNED NOT NULL AUTO_INCREMENT, AUTO_INCREMENT=3;

--
-- AUTO_INCREMENT de la tabla `users`
--
ALTER TABLE `users`
  MODIFY `id` bigint(20) UNSIGNED NOT NULL AUTO_INCREMENT, AUTO_INCREMENT=3;

--
-- AUTO_INCREMENT de la tabla `usuarios`
--
ALTER TABLE `usuarios`
  MODIFY `id` bigint(20) UNSIGNED NOT NULL AUTO_INCREMENT, AUTO_INCREMENT=3;

--
-- AUTO_INCREMENT de la tabla `usuariotemp`
--
ALTER TABLE `usuariotemp`
  MODIFY `id` bigint(20) UNSIGNED NOT NULL AUTO_INCREMENT;

--
-- AUTO_INCREMENT de la tabla `usuario_rol`
--
ALTER TABLE `usuario_rol`
  MODIFY `id` bigint(20) UNSIGNED NOT NULL AUTO_INCREMENT, AUTO_INCREMENT=3;

--
-- Restricciones para tablas volcadas
--

--
-- Filtros para la tabla `asignacion_rentados`
--
ALTER TABLE `asignacion_rentados`
  ADD CONSTRAINT `fk_equipo_rentado_rentado_asignado` FOREIGN KEY (`equipo_rentado_id`) REFERENCES `equipo_rentados` (`id`),
  ADD CONSTRAINT `fk_rentado_asignado_equipo` FOREIGN KEY (`rentado_asignado_id`) REFERENCES `rentado_asignados` (`id`);

--
-- Filtros para la tabla `cargos`
--
ALTER TABLE `cargos`
  ADD CONSTRAINT `fk_areas_niveles` FOREIGN KEY (`area_id`) REFERENCES `areas` (`id`);

--
-- Filtros para la tabla `centro_porcentajes`
--
ALTER TABLE `centro_porcentajes`
  ADD CONSTRAINT `fk_centros_personas` FOREIGN KEY (`centro_id`) REFERENCES `centros` (`id`),
  ADD CONSTRAINT `fk_personas_centro` FOREIGN KEY (`persona_id`) REFERENCES `personas` (`id`);

--
-- Filtros para la tabla `correo_corporativos`
--
ALTER TABLE `correo_corporativos`
  ADD CONSTRAINT `fk_centros_correo` FOREIGN KEY (`centro_id`) REFERENCES `centros` (`id`),
  ADD CONSTRAINT `fk_dominio_empresas_correo` FOREIGN KEY (`dominio_empresa_id`) REFERENCES `dominio_empresas` (`id`),
  ADD CONSTRAINT `fk_personas_correo` FOREIGN KEY (`persona_id`) REFERENCES `personas` (`id`);

--
-- Filtros para la tabla `dominios`
--
ALTER TABLE `dominios`
  ADD CONSTRAINT `fk_categoria_dominios` FOREIGN KEY (`categoria_id`) REFERENCES `categorias` (`id`),
  ADD CONSTRAINT `fk_centros_dominios` FOREIGN KEY (`centro_id`) REFERENCES `centros` (`id`),
  ADD CONSTRAINT `fk_personas_dominios` FOREIGN KEY (`persona_id`) REFERENCES `personas` (`id`);

--
-- Filtros para la tabla `equipos`
--
ALTER TABLE `equipos`
  ADD CONSTRAINT `fk_categoria_equipo` FOREIGN KEY (`categoria_id`) REFERENCES `categorias` (`id`),
  ADD CONSTRAINT `fk_estado_equipo` FOREIGN KEY (`estado_elemento_id`) REFERENCES `estado_elementos` (`id`);

--
-- Filtros para la tabla `equipo_rentados`
--
ALTER TABLE `equipo_rentados`
  ADD CONSTRAINT `fk_centro_costo_equipo` FOREIGN KEY (`centro_costo_id`) REFERENCES `centro_costos` (`id`),
  ADD CONSTRAINT `fk_glpi_rentado_tipo_equipo_rentado` FOREIGN KEY (`rentado_tipo_id`) REFERENCES `rentado_tipos` (`id`),
  ADD CONSTRAINT `fk_proveedor_rentado_equipo` FOREIGN KEY (`proveedor_rentado_id`) REFERENCES `proveedor_rentados` (`id`),
  ADD CONSTRAINT `fk_rentado_estado_equipo` FOREIGN KEY (`rentado_estado_id`) REFERENCES `rentado_estados` (`id`),
  ADD CONSTRAINT `fk_rentado_responsable_equipo` FOREIGN KEY (`rentado_responsable_id`) REFERENCES `rentado_responsables` (`id`),
  ADD CONSTRAINT `fk_sub_centro_costo_equipo` FOREIGN KEY (`sub_centro_costo_id`) REFERENCES `sub_centro_costos` (`id`);

--
-- Filtros para la tabla `licencias`
--
ALTER TABLE `licencias`
  ADD CONSTRAINT `fk_categoria_licencia` FOREIGN KEY (`categoria_id`) REFERENCES `categorias` (`id`),
  ADD CONSTRAINT `fk_estado_licencia` FOREIGN KEY (`estado_elemento_id`) REFERENCES `estado_elementos` (`id`);

--
-- Filtros para la tabla `menu_rol`
--
ALTER TABLE `menu_rol`
  ADD CONSTRAINT `fk_menu_roles` FOREIGN KEY (`menu_id`) REFERENCES `menu` (`id`),
  ADD CONSTRAINT `fk_roles_menu` FOREIGN KEY (`rol_id`) REFERENCES `roles` (`id`);

--
-- Filtros para la tabla `permiso_cargos`
--
ALTER TABLE `permiso_cargos`
  ADD CONSTRAINT `fk_cargos_permisos` FOREIGN KEY (`cargo_id`) REFERENCES `cargos` (`id`),
  ADD CONSTRAINT `fk_permisos_menu` FOREIGN KEY (`menu_id`) REFERENCES `menu` (`id`);

--
-- Filtros para la tabla `permiso_rol`
--
ALTER TABLE `permiso_rol`
  ADD CONSTRAINT `fk_permisos_roles` FOREIGN KEY (`permiso_id`) REFERENCES `permisos` (`id`),
  ADD CONSTRAINT `fk_roles_permisos` FOREIGN KEY (`rol_id`) REFERENCES `roles` (`id`);

--
-- Filtros para la tabla `personas`
--
ALTER TABLE `personas`
  ADD CONSTRAINT `fk_persona_cargos` FOREIGN KEY (`cargo_id`) REFERENCES `cargos` (`id`),
  ADD CONSTRAINT `fk_persona_centros` FOREIGN KEY (`centro_id`) REFERENCES `centros` (`id`),
  ADD CONSTRAINT `fk_persona_contratos` FOREIGN KEY (`contrato_id`) REFERENCES `contratos` (`id`),
  ADD CONSTRAINT `fk_persona_docutipos` FOREIGN KEY (`docutipos_id`) REFERENCES `docutipos` (`id`),
  ADD CONSTRAINT `personas_id_foreign` FOREIGN KEY (`id`) REFERENCES `usuarios` (`id`) ON DELETE CASCADE ON UPDATE CASCADE;

--
-- Filtros para la tabla `sub_centro_costos`
--
ALTER TABLE `sub_centro_costos`
  ADD CONSTRAINT `fk_centro_costos_sub_centro_costo` FOREIGN KEY (`centro_costo_id`) REFERENCES `centro_costos` (`id`);

--
-- Filtros para la tabla `usuariotemp`
--
ALTER TABLE `usuariotemp`
  ADD CONSTRAINT `fk_usuariotemp_docutipos` FOREIGN KEY (`docutipos_id`) REFERENCES `docutipos` (`id`);

--
-- Filtros para la tabla `usuario_rol`
--
ALTER TABLE `usuario_rol`
  ADD CONSTRAINT `fk_roles_usuarios` FOREIGN KEY (`rol_id`) REFERENCES `roles` (`id`),
  ADD CONSTRAINT `fk_usuarios_roles` FOREIGN KEY (`usuario_id`) REFERENCES `usuarios` (`id`);
COMMIT;

/*!40101 SET CHARACTER_SET_CLIENT=@OLD_CHARACTER_SET_CLIENT */;
/*!40101 SET CHARACTER_SET_RESULTS=@OLD_CHARACTER_SET_RESULTS */;
/*!40101 SET COLLATION_CONNECTION=@OLD_COLLATION_CONNECTION */;
